[0.064s] DEBUG:colcon:Command line arguments: ['/usr/bin/colcon', 'build', '--symlink-install']
[0.064s] DEBUG:colcon:Parsed command line arguments: Namespace(log_base=None, log_level=None, verb_name='build', build_base='build', install_base='install', merge_install=False, symlink_install=True, test_result_base=None, continue_on_error=False, executor='parallel', parallel_workers=20, event_handlers=None, ignore_user_meta=False, metas=['./colcon.meta'], base_paths=['.'], packages_ignore=None, packages_ignore_regex=None, paths=None, packages_up_to=None, packages_up_to_regex=None, packages_above=None, packages_above_and_dependencies=None, packages_above_depth=None, packages_select_by_dep=None, packages_skip_by_dep=None, packages_skip_up_to=None, packages_select_build_failed=False, packages_skip_build_finished=False, packages_select_test_failures=False, packages_skip_test_passed=False, packages_select=None, packages_skip=None, packages_select_regex=None, packages_skip_regex=None, packages_start=None, packages_end=None, allow_overriding=[], cmake_args=None, cmake_target=None, cmake_target_skip_unavailable=False, cmake_clean_cache=False, cmake_clean_first=False, cmake_force_configure=False, ament_cmake_args=None, catkin_cmake_args=None, catkin_skip_building_tests=False, verb_parser=<colcon_defaults.argument_parser.defaults.DefaultArgumentsDecorator object at 0x73da5a45e380>, verb_extension=<colcon_core.verb.build.BuildVerb object at 0x73da5a5e3160>, main=<bound method BuildVerb.main of <colcon_core.verb.build.BuildVerb object at 0x73da5a5e3160>>)
[0.224s] Level 1:colcon.colcon_core.package_discovery:discover_packages(colcon_meta) check parameters
[0.224s] Level 1:colcon.colcon_core.package_discovery:discover_packages(recursive) check parameters
[0.224s] Level 1:colcon.colcon_core.package_discovery:discover_packages(ignore) check parameters
[0.224s] Level 1:colcon.colcon_core.package_discovery:discover_packages(path) check parameters
[0.224s] Level 1:colcon.colcon_core.package_discovery:discover_packages(colcon_meta) discover
[0.224s] Level 1:colcon.colcon_core.package_discovery:discover_packages(recursive) discover
[0.224s] INFO:colcon.colcon_core.package_discovery:Crawling recursively for packages in '/home/ljhua/ROBOCON2026/lidar_test/rc2026'
[0.224s] Level 1:colcon.colcon_core.package_identification:_identify(.) by extensions ['ignore', 'ignore_ament_install']
[0.224s] Level 1:colcon.colcon_core.package_identification:_identify(.) by extension 'ignore'
[0.224s] Level 1:colcon.colcon_core.package_identification:_identify(.) by extension 'ignore_ament_install'
[0.224s] Level 1:colcon.colcon_core.package_identification:_identify(.) by extensions ['colcon_pkg']
[0.224s] Level 1:colcon.colcon_core.package_identification:_identify(.) by extension 'colcon_pkg'
[0.224s] Level 1:colcon.colcon_core.package_identification:_identify(.) by extensions ['colcon_meta']
[0.224s] Level 1:colcon.colcon_core.package_identification:_identify(.) by extension 'colcon_meta'
[0.224s] Level 1:colcon.colcon_core.package_identification:_identify(.) by extensions ['ros']
[0.224s] Level 1:colcon.colcon_core.package_identification:_identify(.) by extension 'ros'
[0.233s] Level 1:colcon.colcon_core.package_identification:_identify(.) by extensions ['cmake', 'python']
[0.233s] Level 1:colcon.colcon_core.package_identification:_identify(.) by extension 'cmake'
[0.233s] Level 1:colcon.colcon_core.package_identification:_identify(.) by extension 'python'
[0.233s] Level 1:colcon.colcon_core.package_identification:_identify(.) by extensions ['python_setup_py']
[0.233s] Level 1:colcon.colcon_core.package_identification:_identify(.) by extension 'python_setup_py'
[0.233s] Level 1:colcon.colcon_core.package_identification:_identify(129) by extensions ['ignore', 'ignore_ament_install']
[0.233s] Level 1:colcon.colcon_core.package_identification:_identify(129) by extension 'ignore'
[0.233s] Level 1:colcon.colcon_core.package_identification:_identify(129) by extension 'ignore_ament_install'
[0.233s] Level 1:colcon.colcon_core.package_identification:_identify(129) by extensions ['colcon_pkg']
[0.233s] Level 1:colcon.colcon_core.package_identification:_identify(129) by extension 'colcon_pkg'
[0.233s] Level 1:colcon.colcon_core.package_identification:_identify(129) by extensions ['colcon_meta']
[0.234s] Level 1:colcon.colcon_core.package_identification:_identify(129) by extension 'colcon_meta'
[0.234s] Level 1:colcon.colcon_core.package_identification:_identify(129) by extensions ['ros']
[0.234s] Level 1:colcon.colcon_core.package_identification:_identify(129) by extension 'ros'
[0.234s] Level 1:colcon.colcon_core.package_identification:_identify(129) by extensions ['cmake', 'python']
[0.234s] Level 1:colcon.colcon_core.package_identification:_identify(129) by extension 'cmake'
[0.234s] Level 1:colcon.colcon_core.package_identification:_identify(129) by extension 'python'
[0.234s] Level 1:colcon.colcon_core.package_identification:_identify(129) by extensions ['python_setup_py']
[0.234s] Level 1:colcon.colcon_core.package_identification:_identify(129) by extension 'python_setup_py'
[0.234s] Level 1:colcon.colcon_core.package_identification:_identify(Serial_test) by extensions ['ignore', 'ignore_ament_install']
[0.234s] Level 1:colcon.colcon_core.package_identification:_identify(Serial_test) by extension 'ignore'
[0.234s] Level 1:colcon.colcon_core.package_identification:_identify(Serial_test) by extension 'ignore_ament_install'
[0.234s] Level 1:colcon.colcon_core.package_identification:_identify(Serial_test) by extensions ['colcon_pkg']
[0.234s] Level 1:colcon.colcon_core.package_identification:_identify(Serial_test) by extension 'colcon_pkg'
[0.234s] Level 1:colcon.colcon_core.package_identification:_identify(Serial_test) by extensions ['colcon_meta']
[0.234s] Level 1:colcon.colcon_core.package_identification:_identify(Serial_test) by extension 'colcon_meta'
[0.234s] Level 1:colcon.colcon_core.package_identification:_identify(Serial_test) by extensions ['ros']
[0.234s] Level 1:colcon.colcon_core.package_identification:_identify(Serial_test) by extension 'ros'
[0.234s] Level 1:colcon.colcon_core.package_identification:_identify(Serial_test) by extensions ['cmake', 'python']
[0.234s] Level 1:colcon.colcon_core.package_identification:_identify(Serial_test) by extension 'cmake'
[0.234s] Level 1:colcon.colcon_core.package_identification:_identify(Serial_test) by extension 'python'
[0.234s] Level 1:colcon.colcon_core.package_identification:_identify(Serial_test) by extensions ['python_setup_py']
[0.234s] Level 1:colcon.colcon_core.package_identification:_identify(Serial_test) by extension 'python_setup_py'
[0.234s] Level 1:colcon.colcon_core.package_identification:_identify(Serial_test/Serial_ws) by extensions ['ignore', 'ignore_ament_install']
[0.234s] Level 1:colcon.colcon_core.package_identification:_identify(Serial_test/Serial_ws) by extension 'ignore'
[0.234s] Level 1:colcon.colcon_core.package_identification:_identify(Serial_test/Serial_ws) by extension 'ignore_ament_install'
[0.234s] Level 1:colcon.colcon_core.package_identification:_identify(Serial_test/Serial_ws) by extensions ['colcon_pkg']
[0.234s] Level 1:colcon.colcon_core.package_identification:_identify(Serial_test/Serial_ws) by extension 'colcon_pkg'
[0.234s] Level 1:colcon.colcon_core.package_identification:_identify(Serial_test/Serial_ws) by extensions ['colcon_meta']
[0.234s] Level 1:colcon.colcon_core.package_identification:_identify(Serial_test/Serial_ws) by extension 'colcon_meta'
[0.234s] Level 1:colcon.colcon_core.package_identification:_identify(Serial_test/Serial_ws) by extensions ['ros']
[0.234s] Level 1:colcon.colcon_core.package_identification:_identify(Serial_test/Serial_ws) by extension 'ros'
[0.234s] Level 1:colcon.colcon_core.package_identification:_identify(Serial_test/Serial_ws) by extensions ['cmake', 'python']
[0.234s] Level 1:colcon.colcon_core.package_identification:_identify(Serial_test/Serial_ws) by extension 'cmake'
[0.234s] Level 1:colcon.colcon_core.package_identification:_identify(Serial_test/Serial_ws) by extension 'python'
[0.234s] Level 1:colcon.colcon_core.package_identification:_identify(Serial_test/Serial_ws) by extensions ['python_setup_py']
[0.234s] Level 1:colcon.colcon_core.package_identification:_identify(Serial_test/Serial_ws) by extension 'python_setup_py'
[0.235s] Level 1:colcon.colcon_core.package_identification:_identify(Serial_test/Serial_ws/build) by extensions ['ignore', 'ignore_ament_install']
[0.235s] Level 1:colcon.colcon_core.package_identification:_identify(Serial_test/Serial_ws/build) by extension 'ignore'
[0.235s] Level 1:colcon.colcon_core.package_identification:_identify(Serial_test/Serial_ws/build) ignored
[0.235s] Level 1:colcon.colcon_core.package_identification:_identify(Serial_test/Serial_ws/install) by extensions ['ignore', 'ignore_ament_install']
[0.235s] Level 1:colcon.colcon_core.package_identification:_identify(Serial_test/Serial_ws/install) by extension 'ignore'
[0.235s] Level 1:colcon.colcon_core.package_identification:_identify(Serial_test/Serial_ws/install) ignored
[0.235s] Level 1:colcon.colcon_core.package_identification:_identify(Serial_test/Serial_ws/log) by extensions ['ignore', 'ignore_ament_install']
[0.235s] Level 1:colcon.colcon_core.package_identification:_identify(Serial_test/Serial_ws/log) by extension 'ignore'
[0.235s] Level 1:colcon.colcon_core.package_identification:_identify(Serial_test/Serial_ws/log) ignored
[0.235s] Level 1:colcon.colcon_core.package_identification:_identify(Serial_test/Serial_ws/src) by extensions ['ignore', 'ignore_ament_install']
[0.235s] Level 1:colcon.colcon_core.package_identification:_identify(Serial_test/Serial_ws/src) by extension 'ignore'
[0.235s] Level 1:colcon.colcon_core.package_identification:_identify(Serial_test/Serial_ws/src) by extension 'ignore_ament_install'
[0.235s] Level 1:colcon.colcon_core.package_identification:_identify(Serial_test/Serial_ws/src) by extensions ['colcon_pkg']
[0.235s] Level 1:colcon.colcon_core.package_identification:_identify(Serial_test/Serial_ws/src) by extension 'colcon_pkg'
[0.235s] Level 1:colcon.colcon_core.package_identification:_identify(Serial_test/Serial_ws/src) by extensions ['colcon_meta']
[0.235s] Level 1:colcon.colcon_core.package_identification:_identify(Serial_test/Serial_ws/src) by extension 'colcon_meta'
[0.235s] Level 1:colcon.colcon_core.package_identification:_identify(Serial_test/Serial_ws/src) by extensions ['ros']
[0.235s] Level 1:colcon.colcon_core.package_identification:_identify(Serial_test/Serial_ws/src) by extension 'ros'
[0.235s] Level 1:colcon.colcon_core.package_identification:_identify(Serial_test/Serial_ws/src) by extensions ['cmake', 'python']
[0.235s] Level 1:colcon.colcon_core.package_identification:_identify(Serial_test/Serial_ws/src) by extension 'cmake'
[0.235s] Level 1:colcon.colcon_core.package_identification:_identify(Serial_test/Serial_ws/src) by extension 'python'
[0.235s] Level 1:colcon.colcon_core.package_identification:_identify(Serial_test/Serial_ws/src) by extensions ['python_setup_py']
[0.235s] Level 1:colcon.colcon_core.package_identification:_identify(Serial_test/Serial_ws/src) by extension 'python_setup_py'
[0.235s] Level 1:colcon.colcon_core.package_identification:_identify(Serial_test/Serial_ws/src/my_package_py) by extensions ['ignore', 'ignore_ament_install']
[0.235s] Level 1:colcon.colcon_core.package_identification:_identify(Serial_test/Serial_ws/src/my_package_py) by extension 'ignore'
[0.235s] Level 1:colcon.colcon_core.package_identification:_identify(Serial_test/Serial_ws/src/my_package_py) ignored
[0.235s] Level 1:colcon.colcon_core.package_identification:_identify(assets) by extensions ['ignore', 'ignore_ament_install']
[0.235s] Level 1:colcon.colcon_core.package_identification:_identify(assets) by extension 'ignore'
[0.235s] Level 1:colcon.colcon_core.package_identification:_identify(assets) by extension 'ignore_ament_install'
[0.235s] Level 1:colcon.colcon_core.package_identification:_identify(assets) by extensions ['colcon_pkg']
[0.235s] Level 1:colcon.colcon_core.package_identification:_identify(assets) by extension 'colcon_pkg'
[0.235s] Level 1:colcon.colcon_core.package_identification:_identify(assets) by extensions ['colcon_meta']
[0.235s] Level 1:colcon.colcon_core.package_identification:_identify(assets) by extension 'colcon_meta'
[0.235s] Level 1:colcon.colcon_core.package_identification:_identify(assets) by extensions ['ros']
[0.235s] Level 1:colcon.colcon_core.package_identification:_identify(assets) by extension 'ros'
[0.236s] Level 1:colcon.colcon_core.package_identification:_identify(assets) by extensions ['cmake', 'python']
[0.236s] Level 1:colcon.colcon_core.package_identification:_identify(assets) by extension 'cmake'
[0.236s] Level 1:colcon.colcon_core.package_identification:_identify(assets) by extension 'python'
[0.236s] Level 1:colcon.colcon_core.package_identification:_identify(assets) by extensions ['python_setup_py']
[0.236s] Level 1:colcon.colcon_core.package_identification:_identify(assets) by extension 'python_setup_py'
[0.236s] Level 1:colcon.colcon_core.package_identification:_identify(build) by extensions ['ignore', 'ignore_ament_install']
[0.236s] Level 1:colcon.colcon_core.package_identification:_identify(build) by extension 'ignore'
[0.236s] Level 1:colcon.colcon_core.package_identification:_identify(build) ignored
[0.236s] Level 1:colcon.colcon_core.package_identification:_identify(install) by extensions ['ignore', 'ignore_ament_install']
[0.236s] Level 1:colcon.colcon_core.package_identification:_identify(install) by extension 'ignore'
[0.236s] Level 1:colcon.colcon_core.package_identification:_identify(install) ignored
[0.236s] Level 1:colcon.colcon_core.package_identification:_identify(log) by extensions ['ignore', 'ignore_ament_install']
[0.236s] Level 1:colcon.colcon_core.package_identification:_identify(log) by extension 'ignore'
[0.236s] Level 1:colcon.colcon_core.package_identification:_identify(log) ignored
[0.236s] Level 1:colcon.colcon_core.package_identification:_identify(map) by extensions ['ignore', 'ignore_ament_install']
[0.236s] Level 1:colcon.colcon_core.package_identification:_identify(map) by extension 'ignore'
[0.236s] Level 1:colcon.colcon_core.package_identification:_identify(map) by extension 'ignore_ament_install'
[0.236s] Level 1:colcon.colcon_core.package_identification:_identify(map) by extensions ['colcon_pkg']
[0.236s] Level 1:colcon.colcon_core.package_identification:_identify(map) by extension 'colcon_pkg'
[0.236s] Level 1:colcon.colcon_core.package_identification:_identify(map) by extensions ['colcon_meta']
[0.236s] Level 1:colcon.colcon_core.package_identification:_identify(map) by extension 'colcon_meta'
[0.236s] Level 1:colcon.colcon_core.package_identification:_identify(map) by extensions ['ros']
[0.236s] Level 1:colcon.colcon_core.package_identification:_identify(map) by extension 'ros'
[0.236s] Level 1:colcon.colcon_core.package_identification:_identify(map) by extensions ['cmake', 'python']
[0.236s] Level 1:colcon.colcon_core.package_identification:_identify(map) by extension 'cmake'
[0.236s] Level 1:colcon.colcon_core.package_identification:_identify(map) by extension 'python'
[0.236s] Level 1:colcon.colcon_core.package_identification:_identify(map) by extensions ['python_setup_py']
[0.236s] Level 1:colcon.colcon_core.package_identification:_identify(map) by extension 'python_setup_py'
[0.236s] Level 1:colcon.colcon_core.package_identification:_identify(src) by extensions ['ignore', 'ignore_ament_install']
[0.236s] Level 1:colcon.colcon_core.package_identification:_identify(src) by extension 'ignore'
[0.236s] Level 1:colcon.colcon_core.package_identification:_identify(src) by extension 'ignore_ament_install'
[0.236s] Level 1:colcon.colcon_core.package_identification:_identify(src) by extensions ['colcon_pkg']
[0.236s] Level 1:colcon.colcon_core.package_identification:_identify(src) by extension 'colcon_pkg'
[0.236s] Level 1:colcon.colcon_core.package_identification:_identify(src) by extensions ['colcon_meta']
[0.236s] Level 1:colcon.colcon_core.package_identification:_identify(src) by extension 'colcon_meta'
[0.236s] Level 1:colcon.colcon_core.package_identification:_identify(src) by extensions ['ros']
[0.236s] Level 1:colcon.colcon_core.package_identification:_identify(src) by extension 'ros'
[0.236s] Level 1:colcon.colcon_core.package_identification:_identify(src) by extensions ['cmake', 'python']
[0.236s] Level 1:colcon.colcon_core.package_identification:_identify(src) by extension 'cmake'
[0.236s] Level 1:colcon.colcon_core.package_identification:_identify(src) by extension 'python'
[0.236s] Level 1:colcon.colcon_core.package_identification:_identify(src) by extensions ['python_setup_py']
[0.237s] Level 1:colcon.colcon_core.package_identification:_identify(src) by extension 'python_setup_py'
[0.237s] Level 1:colcon.colcon_core.package_identification:_identify(src/rc_keyboard_control) by extensions ['ignore', 'ignore_ament_install']
[0.237s] Level 1:colcon.colcon_core.package_identification:_identify(src/rc_keyboard_control) by extension 'ignore'
[0.237s] Level 1:colcon.colcon_core.package_identification:_identify(src/rc_keyboard_control) by extension 'ignore_ament_install'
[0.237s] Level 1:colcon.colcon_core.package_identification:_identify(src/rc_keyboard_control) by extensions ['colcon_pkg']
[0.237s] Level 1:colcon.colcon_core.package_identification:_identify(src/rc_keyboard_control) by extension 'colcon_pkg'
[0.237s] Level 1:colcon.colcon_core.package_identification:_identify(src/rc_keyboard_control) by extensions ['colcon_meta']
[0.237s] Level 1:colcon.colcon_core.package_identification:_identify(src/rc_keyboard_control) by extension 'colcon_meta'
[0.237s] Level 1:colcon.colcon_core.package_identification:_identify(src/rc_keyboard_control) by extensions ['ros']
[0.237s] Level 1:colcon.colcon_core.package_identification:_identify(src/rc_keyboard_control) by extension 'ros'
[0.238s] DEBUG:colcon.colcon_core.package_identification:Package 'src/rc_keyboard_control' with type 'ros.ament_python' and name 'rc_keyboard_control'
[0.238s] Level 1:colcon.colcon_core.package_identification:_identify(src/rc_serial_driver) by extensions ['ignore', 'ignore_ament_install']
[0.238s] Level 1:colcon.colcon_core.package_identification:_identify(src/rc_serial_driver) by extension 'ignore'
[0.239s] Level 1:colcon.colcon_core.package_identification:_identify(src/rc_serial_driver) by extension 'ignore_ament_install'
[0.239s] Level 1:colcon.colcon_core.package_identification:_identify(src/rc_serial_driver) by extensions ['colcon_pkg']
[0.239s] Level 1:colcon.colcon_core.package_identification:_identify(src/rc_serial_driver) by extension 'colcon_pkg'
[0.239s] Level 1:colcon.colcon_core.package_identification:_identify(src/rc_serial_driver) by extensions ['colcon_meta']
[0.239s] Level 1:colcon.colcon_core.package_identification:_identify(src/rc_serial_driver) by extension 'colcon_meta'
[0.239s] Level 1:colcon.colcon_core.package_identification:_identify(src/rc_serial_driver) by extensions ['ros']
[0.239s] Level 1:colcon.colcon_core.package_identification:_identify(src/rc_serial_driver) by extension 'ros'
[0.239s] DEBUG:colcon.colcon_core.package_identification:Package 'src/rc_serial_driver' with type 'ros.ament_python' and name 'rc_serial_driver'
[0.239s] Level 1:colcon.colcon_core.package_identification:_identify(src/rm_localization) by extensions ['ignore', 'ignore_ament_install']
[0.239s] Level 1:colcon.colcon_core.package_identification:_identify(src/rm_localization) by extension 'ignore'
[0.239s] Level 1:colcon.colcon_core.package_identification:_identify(src/rm_localization) by extension 'ignore_ament_install'
[0.239s] Level 1:colcon.colcon_core.package_identification:_identify(src/rm_localization) by extensions ['colcon_pkg']
[0.239s] Level 1:colcon.colcon_core.package_identification:_identify(src/rm_localization) by extension 'colcon_pkg'
[0.239s] Level 1:colcon.colcon_core.package_identification:_identify(src/rm_localization) by extensions ['colcon_meta']
[0.239s] Level 1:colcon.colcon_core.package_identification:_identify(src/rm_localization) by extension 'colcon_meta'
[0.239s] Level 1:colcon.colcon_core.package_identification:_identify(src/rm_localization) by extensions ['ros']
[0.239s] Level 1:colcon.colcon_core.package_identification:_identify(src/rm_localization) by extension 'ros'
[0.239s] Level 1:colcon.colcon_core.package_identification:_identify(src/rm_localization) by extensions ['cmake', 'python']
[0.239s] Level 1:colcon.colcon_core.package_identification:_identify(src/rm_localization) by extension 'cmake'
[0.239s] Level 1:colcon.colcon_core.package_identification:_identify(src/rm_localization) by extension 'python'
[0.239s] Level 1:colcon.colcon_core.package_identification:_identify(src/rm_localization) by extensions ['python_setup_py']
[0.239s] Level 1:colcon.colcon_core.package_identification:_identify(src/rm_localization) by extension 'python_setup_py'
[0.240s] Level 1:colcon.colcon_core.package_identification:_identify(src/rm_localization/fast_lio) by extensions ['ignore', 'ignore_ament_install']
[0.240s] Level 1:colcon.colcon_core.package_identification:_identify(src/rm_localization/fast_lio) by extension 'ignore'
[0.240s] Level 1:colcon.colcon_core.package_identification:_identify(src/rm_localization/fast_lio) by extension 'ignore_ament_install'
[0.240s] Level 1:colcon.colcon_core.package_identification:_identify(src/rm_localization/fast_lio) by extensions ['colcon_pkg']
[0.240s] Level 1:colcon.colcon_core.package_identification:_identify(src/rm_localization/fast_lio) by extension 'colcon_pkg'
[0.240s] Level 1:colcon.colcon_core.package_identification:_identify(src/rm_localization/fast_lio) by extensions ['colcon_meta']
[0.240s] Level 1:colcon.colcon_core.package_identification:_identify(src/rm_localization/fast_lio) by extension 'colcon_meta'
[0.240s] Level 1:colcon.colcon_core.package_identification:_identify(src/rm_localization/fast_lio) by extensions ['ros']
[0.240s] Level 1:colcon.colcon_core.package_identification:_identify(src/rm_localization/fast_lio) by extension 'ros'
[0.240s] DEBUG:colcon.colcon_core.package_identification:Package 'src/rm_localization/fast_lio' with type 'ros.ament_cmake' and name 'fast_lio'
[0.241s] Level 1:colcon.colcon_core.package_identification:_identify(src/rm_localization/icp_localization_ros2) by extensions ['ignore', 'ignore_ament_install']
[0.241s] Level 1:colcon.colcon_core.package_identification:_identify(src/rm_localization/icp_localization_ros2) by extension 'ignore'
[0.241s] Level 1:colcon.colcon_core.package_identification:_identify(src/rm_localization/icp_localization_ros2) by extension 'ignore_ament_install'
[0.241s] Level 1:colcon.colcon_core.package_identification:_identify(src/rm_localization/icp_localization_ros2) by extensions ['colcon_pkg']
[0.241s] Level 1:colcon.colcon_core.package_identification:_identify(src/rm_localization/icp_localization_ros2) by extension 'colcon_pkg'
[0.241s] Level 1:colcon.colcon_core.package_identification:_identify(src/rm_localization/icp_localization_ros2) by extensions ['colcon_meta']
[0.241s] Level 1:colcon.colcon_core.package_identification:_identify(src/rm_localization/icp_localization_ros2) by extension 'colcon_meta'
[0.241s] Level 1:colcon.colcon_core.package_identification:_identify(src/rm_localization/icp_localization_ros2) by extensions ['ros']
[0.241s] Level 1:colcon.colcon_core.package_identification:_identify(src/rm_localization/icp_localization_ros2) by extension 'ros'
[0.242s] DEBUG:colcon.colcon_core.package_identification:Package 'src/rm_localization/icp_localization_ros2' with type 'ros.ament_cmake' and name 'icp_localization_ros2'
[0.242s] Level 1:colcon.colcon_core.package_identification:_identify(src/rm_navigation) by extensions ['ignore', 'ignore_ament_install']
[0.242s] Level 1:colcon.colcon_core.package_identification:_identify(src/rm_navigation) by extension 'ignore'
[0.242s] Level 1:colcon.colcon_core.package_identification:_identify(src/rm_navigation) by extension 'ignore_ament_install'
[0.242s] Level 1:colcon.colcon_core.package_identification:_identify(src/rm_navigation) by extensions ['colcon_pkg']
[0.242s] Level 1:colcon.colcon_core.package_identification:_identify(src/rm_navigation) by extension 'colcon_pkg'
[0.242s] Level 1:colcon.colcon_core.package_identification:_identify(src/rm_navigation) by extensions ['colcon_meta']
[0.242s] Level 1:colcon.colcon_core.package_identification:_identify(src/rm_navigation) by extension 'colcon_meta'
[0.242s] Level 1:colcon.colcon_core.package_identification:_identify(src/rm_navigation) by extensions ['ros']
[0.242s] Level 1:colcon.colcon_core.package_identification:_identify(src/rm_navigation) by extension 'ros'
[0.242s] DEBUG:colcon.colcon_core.package_identification:Package 'src/rm_navigation' with type 'ros.ament_cmake' and name 'rm_navigation'
[0.242s] Level 1:colcon.colcon_core.package_identification:_identify(src/rm_perception) by extensions ['ignore', 'ignore_ament_install']
[0.242s] Level 1:colcon.colcon_core.package_identification:_identify(src/rm_perception) by extension 'ignore'
[0.242s] Level 1:colcon.colcon_core.package_identification:_identify(src/rm_perception) by extension 'ignore_ament_install'
[0.242s] Level 1:colcon.colcon_core.package_identification:_identify(src/rm_perception) by extensions ['colcon_pkg']
[0.242s] Level 1:colcon.colcon_core.package_identification:_identify(src/rm_perception) by extension 'colcon_pkg'
[0.242s] Level 1:colcon.colcon_core.package_identification:_identify(src/rm_perception) by extensions ['colcon_meta']
[0.242s] Level 1:colcon.colcon_core.package_identification:_identify(src/rm_perception) by extension 'colcon_meta'
[0.242s] Level 1:colcon.colcon_core.package_identification:_identify(src/rm_perception) by extensions ['ros']
[0.242s] Level 1:colcon.colcon_core.package_identification:_identify(src/rm_perception) by extension 'ros'
[0.242s] Level 1:colcon.colcon_core.package_identification:_identify(src/rm_perception) by extensions ['cmake', 'python']
[0.242s] Level 1:colcon.colcon_core.package_identification:_identify(src/rm_perception) by extension 'cmake'
[0.242s] Level 1:colcon.colcon_core.package_identification:_identify(src/rm_perception) by extension 'python'
[0.242s] Level 1:colcon.colcon_core.package_identification:_identify(src/rm_perception) by extensions ['python_setup_py']
[0.242s] Level 1:colcon.colcon_core.package_identification:_identify(src/rm_perception) by extension 'python_setup_py'
[0.243s] Level 1:colcon.colcon_core.package_identification:_identify(src/rm_perception/imu_complementary_filter) by extensions ['ignore', 'ignore_ament_install']
[0.243s] Level 1:colcon.colcon_core.package_identification:_identify(src/rm_perception/imu_complementary_filter) by extension 'ignore'
[0.243s] Level 1:colcon.colcon_core.package_identification:_identify(src/rm_perception/imu_complementary_filter) by extension 'ignore_ament_install'
[0.243s] Level 1:colcon.colcon_core.package_identification:_identify(src/rm_perception/imu_complementary_filter) by extensions ['colcon_pkg']
[0.243s] Level 1:colcon.colcon_core.package_identification:_identify(src/rm_perception/imu_complementary_filter) by extension 'colcon_pkg'
[0.243s] Level 1:colcon.colcon_core.package_identification:_identify(src/rm_perception/imu_complementary_filter) by extensions ['colcon_meta']
[0.243s] Level 1:colcon.colcon_core.package_identification:_identify(src/rm_perception/imu_complementary_filter) by extension 'colcon_meta'
[0.243s] Level 1:colcon.colcon_core.package_identification:_identify(src/rm_perception/imu_complementary_filter) by extensions ['ros']
[0.243s] Level 1:colcon.colcon_core.package_identification:_identify(src/rm_perception/imu_complementary_filter) by extension 'ros'
[0.243s] DEBUG:colcon.colcon_core.package_identification:Package 'src/rm_perception/imu_complementary_filter' with type 'ros.ament_cmake' and name 'imu_complementary_filter'
[0.243s] Level 1:colcon.colcon_core.package_identification:_identify(src/rm_perception/linefit_ground_segementation_ros2) by extensions ['ignore', 'ignore_ament_install']
[0.243s] Level 1:colcon.colcon_core.package_identification:_identify(src/rm_perception/linefit_ground_segementation_ros2) by extension 'ignore'
[0.243s] Level 1:colcon.colcon_core.package_identification:_identify(src/rm_perception/linefit_ground_segementation_ros2) by extension 'ignore_ament_install'
[0.243s] Level 1:colcon.colcon_core.package_identification:_identify(src/rm_perception/linefit_ground_segementation_ros2) by extensions ['colcon_pkg']
[0.243s] Level 1:colcon.colcon_core.package_identification:_identify(src/rm_perception/linefit_ground_segementation_ros2) by extension 'colcon_pkg'
[0.243s] Level 1:colcon.colcon_core.package_identification:_identify(src/rm_perception/linefit_ground_segementation_ros2) by extensions ['colcon_meta']
[0.243s] Level 1:colcon.colcon_core.package_identification:_identify(src/rm_perception/linefit_ground_segementation_ros2) by extension 'colcon_meta'
[0.243s] Level 1:colcon.colcon_core.package_identification:_identify(src/rm_perception/linefit_ground_segementation_ros2) by extensions ['ros']
[0.243s] Level 1:colcon.colcon_core.package_identification:_identify(src/rm_perception/linefit_ground_segementation_ros2) by extension 'ros'
[0.243s] Level 1:colcon.colcon_core.package_identification:_identify(src/rm_perception/linefit_ground_segementation_ros2) by extensions ['cmake', 'python']
[0.243s] Level 1:colcon.colcon_core.package_identification:_identify(src/rm_perception/linefit_ground_segementation_ros2) by extension 'cmake'
[0.243s] Level 1:colcon.colcon_core.package_identification:_identify(src/rm_perception/linefit_ground_segementation_ros2) by extension 'python'
[0.243s] Level 1:colcon.colcon_core.package_identification:_identify(src/rm_perception/linefit_ground_segementation_ros2) by extensions ['python_setup_py']
[0.243s] Level 1:colcon.colcon_core.package_identification:_identify(src/rm_perception/linefit_ground_segementation_ros2) by extension 'python_setup_py'
[0.244s] Level 1:colcon.colcon_core.package_identification:_identify(src/rm_perception/linefit_ground_segementation_ros2/doc) by extensions ['ignore', 'ignore_ament_install']
[0.244s] Level 1:colcon.colcon_core.package_identification:_identify(src/rm_perception/linefit_ground_segementation_ros2/doc) by extension 'ignore'
[0.244s] Level 1:colcon.colcon_core.package_identification:_identify(src/rm_perception/linefit_ground_segementation_ros2/doc) by extension 'ignore_ament_install'
[0.244s] Level 1:colcon.colcon_core.package_identification:_identify(src/rm_perception/linefit_ground_segementation_ros2/doc) by extensions ['colcon_pkg']
[0.244s] Level 1:colcon.colcon_core.package_identification:_identify(src/rm_perception/linefit_ground_segementation_ros2/doc) by extension 'colcon_pkg'
[0.244s] Level 1:colcon.colcon_core.package_identification:_identify(src/rm_perception/linefit_ground_segementation_ros2/doc) by extensions ['colcon_meta']
[0.244s] Level 1:colcon.colcon_core.package_identification:_identify(src/rm_perception/linefit_ground_segementation_ros2/doc) by extension 'colcon_meta'
[0.244s] Level 1:colcon.colcon_core.package_identification:_identify(src/rm_perception/linefit_ground_segementation_ros2/doc) by extensions ['ros']
[0.244s] Level 1:colcon.colcon_core.package_identification:_identify(src/rm_perception/linefit_ground_segementation_ros2/doc) by extension 'ros'
[0.244s] Level 1:colcon.colcon_core.package_identification:_identify(src/rm_perception/linefit_ground_segementation_ros2/doc) by extensions ['cmake', 'python']
[0.244s] Level 1:colcon.colcon_core.package_identification:_identify(src/rm_perception/linefit_ground_segementation_ros2/doc) by extension 'cmake'
[0.244s] Level 1:colcon.colcon_core.package_identification:_identify(src/rm_perception/linefit_ground_segementation_ros2/doc) by extension 'python'
[0.244s] Level 1:colcon.colcon_core.package_identification:_identify(src/rm_perception/linefit_ground_segementation_ros2/doc) by extensions ['python_setup_py']
[0.244s] Level 1:colcon.colcon_core.package_identification:_identify(src/rm_perception/linefit_ground_segementation_ros2/doc) by extension 'python_setup_py'
[0.244s] Level 1:colcon.colcon_core.package_identification:_identify(src/rm_perception/linefit_ground_segementation_ros2/linefit_ground_segmentation) by extensions ['ignore', 'ignore_ament_install']
[0.244s] Level 1:colcon.colcon_core.package_identification:_identify(src/rm_perception/linefit_ground_segementation_ros2/linefit_ground_segmentation) by extension 'ignore'
[0.244s] Level 1:colcon.colcon_core.package_identification:_identify(src/rm_perception/linefit_ground_segementation_ros2/linefit_ground_segmentation) by extension 'ignore_ament_install'
[0.244s] Level 1:colcon.colcon_core.package_identification:_identify(src/rm_perception/linefit_ground_segementation_ros2/linefit_ground_segmentation) by extensions ['colcon_pkg']
[0.244s] Level 1:colcon.colcon_core.package_identification:_identify(src/rm_perception/linefit_ground_segementation_ros2/linefit_ground_segmentation) by extension 'colcon_pkg'
[0.244s] Level 1:colcon.colcon_core.package_identification:_identify(src/rm_perception/linefit_ground_segementation_ros2/linefit_ground_segmentation) by extensions ['colcon_meta']
[0.244s] Level 1:colcon.colcon_core.package_identification:_identify(src/rm_perception/linefit_ground_segementation_ros2/linefit_ground_segmentation) by extension 'colcon_meta'
[0.244s] Level 1:colcon.colcon_core.package_identification:_identify(src/rm_perception/linefit_ground_segementation_ros2/linefit_ground_segmentation) by extensions ['ros']
[0.244s] Level 1:colcon.colcon_core.package_identification:_identify(src/rm_perception/linefit_ground_segementation_ros2/linefit_ground_segmentation) by extension 'ros'
[0.244s] DEBUG:colcon.colcon_core.package_identification:Package 'src/rm_perception/linefit_ground_segementation_ros2/linefit_ground_segmentation' with type 'ros.ament_cmake' and name 'linefit_ground_segmentation'
[0.245s] Level 1:colcon.colcon_core.package_identification:_identify(src/rm_perception/linefit_ground_segementation_ros2/linefit_ground_segmentation_ros) by extensions ['ignore', 'ignore_ament_install']
[0.245s] Level 1:colcon.colcon_core.package_identification:_identify(src/rm_perception/linefit_ground_segementation_ros2/linefit_ground_segmentation_ros) by extension 'ignore'
[0.245s] Level 1:colcon.colcon_core.package_identification:_identify(src/rm_perception/linefit_ground_segementation_ros2/linefit_ground_segmentation_ros) by extension 'ignore_ament_install'
[0.245s] Level 1:colcon.colcon_core.package_identification:_identify(src/rm_perception/linefit_ground_segementation_ros2/linefit_ground_segmentation_ros) by extensions ['colcon_pkg']
[0.245s] Level 1:colcon.colcon_core.package_identification:_identify(src/rm_perception/linefit_ground_segementation_ros2/linefit_ground_segmentation_ros) by extension 'colcon_pkg'
[0.245s] Level 1:colcon.colcon_core.package_identification:_identify(src/rm_perception/linefit_ground_segementation_ros2/linefit_ground_segmentation_ros) by extensions ['colcon_meta']
[0.245s] Level 1:colcon.colcon_core.package_identification:_identify(src/rm_perception/linefit_ground_segementation_ros2/linefit_ground_segmentation_ros) by extension 'colcon_meta'
[0.245s] Level 1:colcon.colcon_core.package_identification:_identify(src/rm_perception/linefit_ground_segementation_ros2/linefit_ground_segmentation_ros) by extensions ['ros']
[0.245s] Level 1:colcon.colcon_core.package_identification:_identify(src/rm_perception/linefit_ground_segementation_ros2/linefit_ground_segmentation_ros) by extension 'ros'
[0.245s] DEBUG:colcon.colcon_core.package_identification:Package 'src/rm_perception/linefit_ground_segementation_ros2/linefit_ground_segmentation_ros' with type 'ros.ament_cmake' and name 'linefit_ground_segmentation_ros'
[0.245s] Level 1:colcon.colcon_core.package_identification:_identify(src/rm_perception/pointcloud_to_laserscan) by extensions ['ignore', 'ignore_ament_install']
[0.245s] Level 1:colcon.colcon_core.package_identification:_identify(src/rm_perception/pointcloud_to_laserscan) by extension 'ignore'
[0.245s] Level 1:colcon.colcon_core.package_identification:_identify(src/rm_perception/pointcloud_to_laserscan) by extension 'ignore_ament_install'
[0.245s] Level 1:colcon.colcon_core.package_identification:_identify(src/rm_perception/pointcloud_to_laserscan) by extensions ['colcon_pkg']
[0.245s] Level 1:colcon.colcon_core.package_identification:_identify(src/rm_perception/pointcloud_to_laserscan) by extension 'colcon_pkg'
[0.245s] Level 1:colcon.colcon_core.package_identification:_identify(src/rm_perception/pointcloud_to_laserscan) by extensions ['colcon_meta']
[0.245s] Level 1:colcon.colcon_core.package_identification:_identify(src/rm_perception/pointcloud_to_laserscan) by extension 'colcon_meta'
[0.245s] Level 1:colcon.colcon_core.package_identification:_identify(src/rm_perception/pointcloud_to_laserscan) by extensions ['ros']
[0.245s] Level 1:colcon.colcon_core.package_identification:_identify(src/rm_perception/pointcloud_to_laserscan) by extension 'ros'
[0.246s] DEBUG:colcon.colcon_core.package_identification:Package 'src/rm_perception/pointcloud_to_laserscan' with type 'ros.ament_cmake' and name 'pointcloud_to_laserscan'
[0.246s] Level 1:colcon.colcon_core.package_identification:_identify(src/rm_sensors) by extensions ['ignore', 'ignore_ament_install']
[0.246s] Level 1:colcon.colcon_core.package_identification:_identify(src/rm_sensors) by extension 'ignore'
[0.246s] Level 1:colcon.colcon_core.package_identification:_identify(src/rm_sensors) by extension 'ignore_ament_install'
[0.246s] Level 1:colcon.colcon_core.package_identification:_identify(src/rm_sensors) by extensions ['colcon_pkg']
[0.246s] Level 1:colcon.colcon_core.package_identification:_identify(src/rm_sensors) by extension 'colcon_pkg'
[0.246s] Level 1:colcon.colcon_core.package_identification:_identify(src/rm_sensors) by extensions ['colcon_meta']
[0.246s] Level 1:colcon.colcon_core.package_identification:_identify(src/rm_sensors) by extension 'colcon_meta'
[0.246s] Level 1:colcon.colcon_core.package_identification:_identify(src/rm_sensors) by extensions ['ros']
[0.246s] Level 1:colcon.colcon_core.package_identification:_identify(src/rm_sensors) by extension 'ros'
[0.246s] Level 1:colcon.colcon_core.package_identification:_identify(src/rm_sensors) by extensions ['cmake', 'python']
[0.246s] Level 1:colcon.colcon_core.package_identification:_identify(src/rm_sensors) by extension 'cmake'
[0.246s] Level 1:colcon.colcon_core.package_identification:_identify(src/rm_sensors) by extension 'python'
[0.246s] Level 1:colcon.colcon_core.package_identification:_identify(src/rm_sensors) by extensions ['python_setup_py']
[0.247s] Level 1:colcon.colcon_core.package_identification:_identify(src/rm_sensors) by extension 'python_setup_py'
[0.247s] Level 1:colcon.colcon_core.package_identification:_identify(src/rm_sensors/livox_ros_driver2) by extensions ['ignore', 'ignore_ament_install']
[0.247s] Level 1:colcon.colcon_core.package_identification:_identify(src/rm_sensors/livox_ros_driver2) by extension 'ignore'
[0.247s] Level 1:colcon.colcon_core.package_identification:_identify(src/rm_sensors/livox_ros_driver2) by extension 'ignore_ament_install'
[0.247s] Level 1:colcon.colcon_core.package_identification:_identify(src/rm_sensors/livox_ros_driver2) by extensions ['colcon_pkg']
[0.247s] Level 1:colcon.colcon_core.package_identification:_identify(src/rm_sensors/livox_ros_driver2) by extension 'colcon_pkg'
[0.247s] Level 1:colcon.colcon_core.package_identification:_identify(src/rm_sensors/livox_ros_driver2) by extensions ['colcon_meta']
[0.247s] Level 1:colcon.colcon_core.package_identification:_identify(src/rm_sensors/livox_ros_driver2) by extension 'colcon_meta'
[0.247s] Level 1:colcon.colcon_core.package_identification:_identify(src/rm_sensors/livox_ros_driver2) by extensions ['ros']
[0.247s] Level 1:colcon.colcon_core.package_identification:_identify(src/rm_sensors/livox_ros_driver2) by extension 'ros'
[0.247s] DEBUG:colcon.colcon_core.package_identification:Package 'src/rm_sensors/livox_ros_driver2' with type 'ros.ament_cmake' and name 'livox_ros_driver2'
[0.248s] Level 1:colcon.colcon_core.package_identification:_identify(src/rm_sensors/rplidar_ros) by extensions ['ignore', 'ignore_ament_install']
[0.248s] Level 1:colcon.colcon_core.package_identification:_identify(src/rm_sensors/rplidar_ros) by extension 'ignore'
[0.248s] Level 1:colcon.colcon_core.package_identification:_identify(src/rm_sensors/rplidar_ros) by extension 'ignore_ament_install'
[0.248s] Level 1:colcon.colcon_core.package_identification:_identify(src/rm_sensors/rplidar_ros) by extensions ['colcon_pkg']
[0.248s] Level 1:colcon.colcon_core.package_identification:_identify(src/rm_sensors/rplidar_ros) by extension 'colcon_pkg'
[0.248s] Level 1:colcon.colcon_core.package_identification:_identify(src/rm_sensors/rplidar_ros) by extensions ['colcon_meta']
[0.248s] Level 1:colcon.colcon_core.package_identification:_identify(src/rm_sensors/rplidar_ros) by extension 'colcon_meta'
[0.248s] Level 1:colcon.colcon_core.package_identification:_identify(src/rm_sensors/rplidar_ros) by extensions ['ros']
[0.248s] Level 1:colcon.colcon_core.package_identification:_identify(src/rm_sensors/rplidar_ros) by extension 'ros'
[0.248s] DEBUG:colcon.colcon_core.package_identification:Package 'src/rm_sensors/rplidar_ros' with type 'ros.ament_cmake' and name 'rplidar_ros'
[0.248s] Level 1:colcon.colcon_core.package_discovery:discover_packages(recursive) using defaults
[0.248s] Level 1:colcon.colcon_core.package_discovery:discover_packages(ignore) discover
[0.248s] Level 1:colcon.colcon_core.package_discovery:discover_packages(ignore) using defaults
[0.248s] Level 1:colcon.colcon_core.package_discovery:discover_packages(path) discover
[0.248s] Level 1:colcon.colcon_core.package_discovery:discover_packages(path) using defaults
[0.262s] Level 1:colcon.colcon_core.package_discovery:discover_packages(prefix_path) check parameters
[0.262s] Level 1:colcon.colcon_core.package_discovery:discover_packages(prefix_path) discover
[0.263s] DEBUG:colcon.colcon_installed_package_information.package_discovery:Found 407 installed packages in /opt/ros/humble
[0.264s] Level 1:colcon.colcon_core.package_discovery:discover_packages(prefix_path) using defaults
[0.291s] Level 5:colcon.colcon_core.verb:set package 'icp_localization_ros2' build argument 'cmake_args' from command line to 'None'
[0.291s] Level 5:colcon.colcon_core.verb:set package 'icp_localization_ros2' build argument 'cmake_target' from command line to 'None'
[0.291s] Level 5:colcon.colcon_core.verb:set package 'icp_localization_ros2' build argument 'cmake_target_skip_unavailable' from command line to 'False'
[0.291s] Level 5:colcon.colcon_core.verb:set package 'icp_localization_ros2' build argument 'cmake_clean_cache' from command line to 'False'
[0.292s] Level 5:colcon.colcon_core.verb:set package 'icp_localization_ros2' build argument 'cmake_clean_first' from command line to 'False'
[0.292s] Level 5:colcon.colcon_core.verb:set package 'icp_localization_ros2' build argument 'cmake_force_configure' from command line to 'False'
[0.292s] Level 5:colcon.colcon_core.verb:set package 'icp_localization_ros2' build argument 'ament_cmake_args' from command line to 'None'
[0.292s] Level 5:colcon.colcon_core.verb:set package 'icp_localization_ros2' build argument 'catkin_cmake_args' from command line to 'None'
[0.292s] Level 5:colcon.colcon_core.verb:set package 'icp_localization_ros2' build argument 'catkin_skip_building_tests' from command line to 'False'
[0.292s] DEBUG:colcon.colcon_core.verb:Building package 'icp_localization_ros2' with the following arguments: {'ament_cmake_args': None, 'build_base': '/home/ljhua/ROBOCON2026/lidar_test/rc2026/build/icp_localization_ros2', 'catkin_cmake_args': None, 'catkin_skip_building_tests': False, 'cmake_args': None, 'cmake_clean_cache': False, 'cmake_clean_first': False, 'cmake_force_configure': False, 'cmake_target': None, 'cmake_target_skip_unavailable': False, 'install_base': '/home/ljhua/ROBOCON2026/lidar_test/rc2026/install/icp_localization_ros2', 'merge_install': False, 'path': '/home/ljhua/ROBOCON2026/lidar_test/rc2026/src/rm_localization/icp_localization_ros2', 'symlink_install': True, 'test_result_base': None}
[0.292s] Level 5:colcon.colcon_core.verb:set package 'imu_complementary_filter' build argument 'cmake_args' from command line to 'None'
[0.292s] Level 5:colcon.colcon_core.verb:set package 'imu_complementary_filter' build argument 'cmake_target' from command line to 'None'
[0.292s] Level 5:colcon.colcon_core.verb:set package 'imu_complementary_filter' build argument 'cmake_target_skip_unavailable' from command line to 'False'
[0.292s] Level 5:colcon.colcon_core.verb:set package 'imu_complementary_filter' build argument 'cmake_clean_cache' from command line to 'False'
[0.292s] Level 5:colcon.colcon_core.verb:set package 'imu_complementary_filter' build argument 'cmake_clean_first' from command line to 'False'
[0.292s] Level 5:colcon.colcon_core.verb:set package 'imu_complementary_filter' build argument 'cmake_force_configure' from command line to 'False'
[0.292s] Level 5:colcon.colcon_core.verb:set package 'imu_complementary_filter' build argument 'ament_cmake_args' from command line to 'None'
[0.292s] Level 5:colcon.colcon_core.verb:set package 'imu_complementary_filter' build argument 'catkin_cmake_args' from command line to 'None'
[0.292s] Level 5:colcon.colcon_core.verb:set package 'imu_complementary_filter' build argument 'catkin_skip_building_tests' from command line to 'False'
[0.292s] DEBUG:colcon.colcon_core.verb:Building package 'imu_complementary_filter' with the following arguments: {'ament_cmake_args': None, 'build_base': '/home/ljhua/ROBOCON2026/lidar_test/rc2026/build/imu_complementary_filter', 'catkin_cmake_args': None, 'catkin_skip_building_tests': False, 'cmake_args': None, 'cmake_clean_cache': False, 'cmake_clean_first': False, 'cmake_force_configure': False, 'cmake_target': None, 'cmake_target_skip_unavailable': False, 'install_base': '/home/ljhua/ROBOCON2026/lidar_test/rc2026/install/imu_complementary_filter', 'merge_install': False, 'path': '/home/ljhua/ROBOCON2026/lidar_test/rc2026/src/rm_perception/imu_complementary_filter', 'symlink_install': True, 'test_result_base': None}
[0.292s] Level 5:colcon.colcon_core.verb:set package 'linefit_ground_segmentation' build argument 'cmake_args' from command line to 'None'
[0.292s] Level 5:colcon.colcon_core.verb:set package 'linefit_ground_segmentation' build argument 'cmake_target' from command line to 'None'
[0.292s] Level 5:colcon.colcon_core.verb:set package 'linefit_ground_segmentation' build argument 'cmake_target_skip_unavailable' from command line to 'False'
[0.292s] Level 5:colcon.colcon_core.verb:set package 'linefit_ground_segmentation' build argument 'cmake_clean_cache' from command line to 'False'
[0.292s] Level 5:colcon.colcon_core.verb:set package 'linefit_ground_segmentation' build argument 'cmake_clean_first' from command line to 'False'
[0.292s] Level 5:colcon.colcon_core.verb:set package 'linefit_ground_segmentation' build argument 'cmake_force_configure' from command line to 'False'
[0.292s] Level 5:colcon.colcon_core.verb:set package 'linefit_ground_segmentation' build argument 'ament_cmake_args' from command line to 'None'
[0.292s] Level 5:colcon.colcon_core.verb:set package 'linefit_ground_segmentation' build argument 'catkin_cmake_args' from command line to 'None'
[0.292s] Level 5:colcon.colcon_core.verb:set package 'linefit_ground_segmentation' build argument 'catkin_skip_building_tests' from command line to 'False'
[0.292s] DEBUG:colcon.colcon_core.verb:Building package 'linefit_ground_segmentation' with the following arguments: {'ament_cmake_args': None, 'build_base': '/home/ljhua/ROBOCON2026/lidar_test/rc2026/build/linefit_ground_segmentation', 'catkin_cmake_args': None, 'catkin_skip_building_tests': False, 'cmake_args': None, 'cmake_clean_cache': False, 'cmake_clean_first': False, 'cmake_force_configure': False, 'cmake_target': None, 'cmake_target_skip_unavailable': False, 'install_base': '/home/ljhua/ROBOCON2026/lidar_test/rc2026/install/linefit_ground_segmentation', 'merge_install': False, 'path': '/home/ljhua/ROBOCON2026/lidar_test/rc2026/src/rm_perception/linefit_ground_segementation_ros2/linefit_ground_segmentation', 'symlink_install': True, 'test_result_base': None}
[0.292s] Level 5:colcon.colcon_core.verb:set package 'livox_ros_driver2' build argument 'cmake_args' from command line to 'None'
[0.292s] Level 5:colcon.colcon_core.verb:set package 'livox_ros_driver2' build argument 'cmake_target' from command line to 'None'
[0.292s] Level 5:colcon.colcon_core.verb:set package 'livox_ros_driver2' build argument 'cmake_target_skip_unavailable' from command line to 'False'
[0.292s] Level 5:colcon.colcon_core.verb:set package 'livox_ros_driver2' build argument 'cmake_clean_cache' from command line to 'False'
[0.292s] Level 5:colcon.colcon_core.verb:set package 'livox_ros_driver2' build argument 'cmake_clean_first' from command line to 'False'
[0.292s] Level 5:colcon.colcon_core.verb:set package 'livox_ros_driver2' build argument 'cmake_force_configure' from command line to 'False'
[0.293s] Level 5:colcon.colcon_core.verb:set package 'livox_ros_driver2' build argument 'ament_cmake_args' from command line to 'None'
[0.293s] Level 5:colcon.colcon_core.verb:set package 'livox_ros_driver2' build argument 'catkin_cmake_args' from command line to 'None'
[0.293s] Level 5:colcon.colcon_core.verb:set package 'livox_ros_driver2' build argument 'catkin_skip_building_tests' from command line to 'False'
[0.293s] DEBUG:colcon.colcon_core.verb:Building package 'livox_ros_driver2' with the following arguments: {'ament_cmake_args': None, 'build_base': '/home/ljhua/ROBOCON2026/lidar_test/rc2026/build/livox_ros_driver2', 'catkin_cmake_args': None, 'catkin_skip_building_tests': False, 'cmake_args': None, 'cmake_clean_cache': False, 'cmake_clean_first': False, 'cmake_force_configure': False, 'cmake_target': None, 'cmake_target_skip_unavailable': False, 'install_base': '/home/ljhua/ROBOCON2026/lidar_test/rc2026/install/livox_ros_driver2', 'merge_install': False, 'path': '/home/ljhua/ROBOCON2026/lidar_test/rc2026/src/rm_sensors/livox_ros_driver2', 'symlink_install': True, 'test_result_base': None}
[0.293s] Level 5:colcon.colcon_core.verb:set package 'pointcloud_to_laserscan' build argument 'cmake_args' from command line to 'None'
[0.293s] Level 5:colcon.colcon_core.verb:set package 'pointcloud_to_laserscan' build argument 'cmake_target' from command line to 'None'
[0.293s] Level 5:colcon.colcon_core.verb:set package 'pointcloud_to_laserscan' build argument 'cmake_target_skip_unavailable' from command line to 'False'
[0.293s] Level 5:colcon.colcon_core.verb:set package 'pointcloud_to_laserscan' build argument 'cmake_clean_cache' from command line to 'False'
[0.293s] Level 5:colcon.colcon_core.verb:set package 'pointcloud_to_laserscan' build argument 'cmake_clean_first' from command line to 'False'
[0.293s] Level 5:colcon.colcon_core.verb:set package 'pointcloud_to_laserscan' build argument 'cmake_force_configure' from command line to 'False'
[0.293s] Level 5:colcon.colcon_core.verb:set package 'pointcloud_to_laserscan' build argument 'ament_cmake_args' from command line to 'None'
[0.293s] Level 5:colcon.colcon_core.verb:set package 'pointcloud_to_laserscan' build argument 'catkin_cmake_args' from command line to 'None'
[0.293s] Level 5:colcon.colcon_core.verb:set package 'pointcloud_to_laserscan' build argument 'catkin_skip_building_tests' from command line to 'False'
[0.293s] DEBUG:colcon.colcon_core.verb:Building package 'pointcloud_to_laserscan' with the following arguments: {'ament_cmake_args': None, 'build_base': '/home/ljhua/ROBOCON2026/lidar_test/rc2026/build/pointcloud_to_laserscan', 'catkin_cmake_args': None, 'catkin_skip_building_tests': False, 'cmake_args': None, 'cmake_clean_cache': False, 'cmake_clean_first': False, 'cmake_force_configure': False, 'cmake_target': None, 'cmake_target_skip_unavailable': False, 'install_base': '/home/ljhua/ROBOCON2026/lidar_test/rc2026/install/pointcloud_to_laserscan', 'merge_install': False, 'path': '/home/ljhua/ROBOCON2026/lidar_test/rc2026/src/rm_perception/pointcloud_to_laserscan', 'symlink_install': True, 'test_result_base': None}
[0.293s] Level 5:colcon.colcon_core.verb:set package 'rc_keyboard_control' build argument 'cmake_args' from command line to 'None'
[0.293s] Level 5:colcon.colcon_core.verb:set package 'rc_keyboard_control' build argument 'cmake_target' from command line to 'None'
[0.293s] Level 5:colcon.colcon_core.verb:set package 'rc_keyboard_control' build argument 'cmake_target_skip_unavailable' from command line to 'False'
[0.293s] Level 5:colcon.colcon_core.verb:set package 'rc_keyboard_control' build argument 'cmake_clean_cache' from command line to 'False'
[0.293s] Level 5:colcon.colcon_core.verb:set package 'rc_keyboard_control' build argument 'cmake_clean_first' from command line to 'False'
[0.293s] Level 5:colcon.colcon_core.verb:set package 'rc_keyboard_control' build argument 'cmake_force_configure' from command line to 'False'
[0.293s] Level 5:colcon.colcon_core.verb:set package 'rc_keyboard_control' build argument 'ament_cmake_args' from command line to 'None'
[0.293s] Level 5:colcon.colcon_core.verb:set package 'rc_keyboard_control' build argument 'catkin_cmake_args' from command line to 'None'
[0.293s] Level 5:colcon.colcon_core.verb:set package 'rc_keyboard_control' build argument 'catkin_skip_building_tests' from command line to 'False'
[0.293s] DEBUG:colcon.colcon_core.verb:Building package 'rc_keyboard_control' with the following arguments: {'ament_cmake_args': None, 'build_base': '/home/ljhua/ROBOCON2026/lidar_test/rc2026/build/rc_keyboard_control', 'catkin_cmake_args': None, 'catkin_skip_building_tests': False, 'cmake_args': None, 'cmake_clean_cache': False, 'cmake_clean_first': False, 'cmake_force_configure': False, 'cmake_target': None, 'cmake_target_skip_unavailable': False, 'install_base': '/home/ljhua/ROBOCON2026/lidar_test/rc2026/install/rc_keyboard_control', 'merge_install': False, 'path': '/home/ljhua/ROBOCON2026/lidar_test/rc2026/src/rc_keyboard_control', 'symlink_install': True, 'test_result_base': None}
[0.293s] Level 5:colcon.colcon_core.verb:set package 'rc_serial_driver' build argument 'cmake_args' from command line to 'None'
[0.293s] Level 5:colcon.colcon_core.verb:set package 'rc_serial_driver' build argument 'cmake_target' from command line to 'None'
[0.293s] Level 5:colcon.colcon_core.verb:set package 'rc_serial_driver' build argument 'cmake_target_skip_unavailable' from command line to 'False'
[0.293s] Level 5:colcon.colcon_core.verb:set package 'rc_serial_driver' build argument 'cmake_clean_cache' from command line to 'False'
[0.293s] Level 5:colcon.colcon_core.verb:set package 'rc_serial_driver' build argument 'cmake_clean_first' from command line to 'False'
[0.293s] Level 5:colcon.colcon_core.verb:set package 'rc_serial_driver' build argument 'cmake_force_configure' from command line to 'False'
[0.293s] Level 5:colcon.colcon_core.verb:set package 'rc_serial_driver' build argument 'ament_cmake_args' from command line to 'None'
[0.293s] Level 5:colcon.colcon_core.verb:set package 'rc_serial_driver' build argument 'catkin_cmake_args' from command line to 'None'
[0.293s] Level 5:colcon.colcon_core.verb:set package 'rc_serial_driver' build argument 'catkin_skip_building_tests' from command line to 'False'
[0.293s] DEBUG:colcon.colcon_core.verb:Building package 'rc_serial_driver' with the following arguments: {'ament_cmake_args': None, 'build_base': '/home/ljhua/ROBOCON2026/lidar_test/rc2026/build/rc_serial_driver', 'catkin_cmake_args': None, 'catkin_skip_building_tests': False, 'cmake_args': None, 'cmake_clean_cache': False, 'cmake_clean_first': False, 'cmake_force_configure': False, 'cmake_target': None, 'cmake_target_skip_unavailable': False, 'install_base': '/home/ljhua/ROBOCON2026/lidar_test/rc2026/install/rc_serial_driver', 'merge_install': False, 'path': '/home/ljhua/ROBOCON2026/lidar_test/rc2026/src/rc_serial_driver', 'symlink_install': True, 'test_result_base': None}
[0.294s] Level 5:colcon.colcon_core.verb:set package 'rm_navigation' build argument 'cmake_args' from command line to 'None'
[0.294s] Level 5:colcon.colcon_core.verb:set package 'rm_navigation' build argument 'cmake_target' from command line to 'None'
[0.294s] Level 5:colcon.colcon_core.verb:set package 'rm_navigation' build argument 'cmake_target_skip_unavailable' from command line to 'False'
[0.294s] Level 5:colcon.colcon_core.verb:set package 'rm_navigation' build argument 'cmake_clean_cache' from command line to 'False'
[0.294s] Level 5:colcon.colcon_core.verb:set package 'rm_navigation' build argument 'cmake_clean_first' from command line to 'False'
[0.294s] Level 5:colcon.colcon_core.verb:set package 'rm_navigation' build argument 'cmake_force_configure' from command line to 'False'
[0.294s] Level 5:colcon.colcon_core.verb:set package 'rm_navigation' build argument 'ament_cmake_args' from command line to 'None'
[0.294s] Level 5:colcon.colcon_core.verb:set package 'rm_navigation' build argument 'catkin_cmake_args' from command line to 'None'
[0.294s] Level 5:colcon.colcon_core.verb:set package 'rm_navigation' build argument 'catkin_skip_building_tests' from command line to 'False'
[0.294s] DEBUG:colcon.colcon_core.verb:Building package 'rm_navigation' with the following arguments: {'ament_cmake_args': None, 'build_base': '/home/ljhua/ROBOCON2026/lidar_test/rc2026/build/rm_navigation', 'catkin_cmake_args': None, 'catkin_skip_building_tests': False, 'cmake_args': None, 'cmake_clean_cache': False, 'cmake_clean_first': False, 'cmake_force_configure': False, 'cmake_target': None, 'cmake_target_skip_unavailable': False, 'install_base': '/home/ljhua/ROBOCON2026/lidar_test/rc2026/install/rm_navigation', 'merge_install': False, 'path': '/home/ljhua/ROBOCON2026/lidar_test/rc2026/src/rm_navigation', 'symlink_install': True, 'test_result_base': None}
[0.294s] Level 5:colcon.colcon_core.verb:set package 'rplidar_ros' build argument 'cmake_args' from command line to 'None'
[0.294s] Level 5:colcon.colcon_core.verb:set package 'rplidar_ros' build argument 'cmake_target' from command line to 'None'
[0.294s] Level 5:colcon.colcon_core.verb:set package 'rplidar_ros' build argument 'cmake_target_skip_unavailable' from command line to 'False'
[0.294s] Level 5:colcon.colcon_core.verb:set package 'rplidar_ros' build argument 'cmake_clean_cache' from command line to 'False'
[0.294s] Level 5:colcon.colcon_core.verb:set package 'rplidar_ros' build argument 'cmake_clean_first' from command line to 'False'
[0.294s] Level 5:colcon.colcon_core.verb:set package 'rplidar_ros' build argument 'cmake_force_configure' from command line to 'False'
[0.294s] Level 5:colcon.colcon_core.verb:set package 'rplidar_ros' build argument 'ament_cmake_args' from command line to 'None'
[0.294s] Level 5:colcon.colcon_core.verb:set package 'rplidar_ros' build argument 'catkin_cmake_args' from command line to 'None'
[0.294s] Level 5:colcon.colcon_core.verb:set package 'rplidar_ros' build argument 'catkin_skip_building_tests' from command line to 'False'
[0.294s] DEBUG:colcon.colcon_core.verb:Building package 'rplidar_ros' with the following arguments: {'ament_cmake_args': None, 'build_base': '/home/ljhua/ROBOCON2026/lidar_test/rc2026/build/rplidar_ros', 'catkin_cmake_args': None, 'catkin_skip_building_tests': False, 'cmake_args': None, 'cmake_clean_cache': False, 'cmake_clean_first': False, 'cmake_force_configure': False, 'cmake_target': None, 'cmake_target_skip_unavailable': False, 'install_base': '/home/ljhua/ROBOCON2026/lidar_test/rc2026/install/rplidar_ros', 'merge_install': False, 'path': '/home/ljhua/ROBOCON2026/lidar_test/rc2026/src/rm_sensors/rplidar_ros', 'symlink_install': True, 'test_result_base': None}
[0.294s] Level 5:colcon.colcon_core.verb:set package 'fast_lio' build argument 'cmake_args' from command line to 'None'
[0.294s] Level 5:colcon.colcon_core.verb:set package 'fast_lio' build argument 'cmake_target' from command line to 'None'
[0.294s] Level 5:colcon.colcon_core.verb:set package 'fast_lio' build argument 'cmake_target_skip_unavailable' from command line to 'False'
[0.294s] Level 5:colcon.colcon_core.verb:set package 'fast_lio' build argument 'cmake_clean_cache' from command line to 'False'
[0.294s] Level 5:colcon.colcon_core.verb:set package 'fast_lio' build argument 'cmake_clean_first' from command line to 'False'
[0.294s] Level 5:colcon.colcon_core.verb:set package 'fast_lio' build argument 'cmake_force_configure' from command line to 'False'
[0.294s] Level 5:colcon.colcon_core.verb:set package 'fast_lio' build argument 'ament_cmake_args' from command line to 'None'
[0.294s] Level 5:colcon.colcon_core.verb:set package 'fast_lio' build argument 'catkin_cmake_args' from command line to 'None'
[0.294s] Level 5:colcon.colcon_core.verb:set package 'fast_lio' build argument 'catkin_skip_building_tests' from command line to 'False'
[0.294s] DEBUG:colcon.colcon_core.verb:Building package 'fast_lio' with the following arguments: {'ament_cmake_args': None, 'build_base': '/home/ljhua/ROBOCON2026/lidar_test/rc2026/build/fast_lio', 'catkin_cmake_args': None, 'catkin_skip_building_tests': False, 'cmake_args': None, 'cmake_clean_cache': False, 'cmake_clean_first': False, 'cmake_force_configure': False, 'cmake_target': None, 'cmake_target_skip_unavailable': False, 'install_base': '/home/ljhua/ROBOCON2026/lidar_test/rc2026/install/fast_lio', 'merge_install': False, 'path': '/home/ljhua/ROBOCON2026/lidar_test/rc2026/src/rm_localization/fast_lio', 'symlink_install': True, 'test_result_base': None}
[0.295s] Level 5:colcon.colcon_core.verb:set package 'linefit_ground_segmentation_ros' build argument 'cmake_args' from command line to 'None'
[0.295s] Level 5:colcon.colcon_core.verb:set package 'linefit_ground_segmentation_ros' build argument 'cmake_target' from command line to 'None'
[0.295s] Level 5:colcon.colcon_core.verb:set package 'linefit_ground_segmentation_ros' build argument 'cmake_target_skip_unavailable' from command line to 'False'
[0.295s] Level 5:colcon.colcon_core.verb:set package 'linefit_ground_segmentation_ros' build argument 'cmake_clean_cache' from command line to 'False'
[0.295s] Level 5:colcon.colcon_core.verb:set package 'linefit_ground_segmentation_ros' build argument 'cmake_clean_first' from command line to 'False'
[0.295s] Level 5:colcon.colcon_core.verb:set package 'linefit_ground_segmentation_ros' build argument 'cmake_force_configure' from command line to 'False'
[0.295s] Level 5:colcon.colcon_core.verb:set package 'linefit_ground_segmentation_ros' build argument 'ament_cmake_args' from command line to 'None'
[0.295s] Level 5:colcon.colcon_core.verb:set package 'linefit_ground_segmentation_ros' build argument 'catkin_cmake_args' from command line to 'None'
[0.295s] Level 5:colcon.colcon_core.verb:set package 'linefit_ground_segmentation_ros' build argument 'catkin_skip_building_tests' from command line to 'False'
[0.295s] DEBUG:colcon.colcon_core.verb:Building package 'linefit_ground_segmentation_ros' with the following arguments: {'ament_cmake_args': None, 'build_base': '/home/ljhua/ROBOCON2026/lidar_test/rc2026/build/linefit_ground_segmentation_ros', 'catkin_cmake_args': None, 'catkin_skip_building_tests': False, 'cmake_args': None, 'cmake_clean_cache': False, 'cmake_clean_first': False, 'cmake_force_configure': False, 'cmake_target': None, 'cmake_target_skip_unavailable': False, 'install_base': '/home/ljhua/ROBOCON2026/lidar_test/rc2026/install/linefit_ground_segmentation_ros', 'merge_install': False, 'path': '/home/ljhua/ROBOCON2026/lidar_test/rc2026/src/rm_perception/linefit_ground_segementation_ros2/linefit_ground_segmentation_ros', 'symlink_install': True, 'test_result_base': None}
[0.295s] INFO:colcon.colcon_core.executor:Executing jobs using 'parallel' executor
[0.296s] DEBUG:colcon.colcon_parallel_executor.executor.parallel:run_until_complete
[0.296s] INFO:colcon.colcon_ros.task.ament_cmake.build:Building ROS package in '/home/ljhua/ROBOCON2026/lidar_test/rc2026/src/rm_perception/linefit_ground_segementation_ros2/linefit_ground_segmentation' with build type 'ament_cmake'
[0.296s] INFO:colcon.colcon_cmake.task.cmake.build:Building CMake package in '/home/ljhua/ROBOCON2026/lidar_test/rc2026/src/rm_perception/linefit_ground_segementation_ros2/linefit_ground_segmentation'
[0.297s] INFO:colcon.colcon_core.plugin_system:Skipping extension 'colcon_core.shell.bat': Not used on non-Windows systems
[0.297s] INFO:colcon.colcon_core.shell:Skip shell extension 'powershell' for command environment: Not usable outside of PowerShell
[0.297s] DEBUG:colcon.colcon_core.shell:Skip shell extension 'dsv' for command environment
[0.300s] INFO:colcon.colcon_ros.task.ament_cmake.build:Building ROS package in '/home/ljhua/ROBOCON2026/lidar_test/rc2026/src/rm_sensors/livox_ros_driver2' with build type 'ament_cmake'
[0.300s] INFO:colcon.colcon_cmake.task.cmake.build:Building CMake package in '/home/ljhua/ROBOCON2026/lidar_test/rc2026/src/rm_sensors/livox_ros_driver2'
[0.300s] INFO:colcon.colcon_core.shell:Skip shell extension 'powershell' for command environment: Not usable outside of PowerShell
[0.300s] DEBUG:colcon.colcon_core.shell:Skip shell extension 'dsv' for command environment
[0.301s] INFO:colcon.colcon_ros.task.ament_cmake.build:Building ROS package in '/home/ljhua/ROBOCON2026/lidar_test/rc2026/src/rm_localization/icp_localization_ros2' with build type 'ament_cmake'
[0.302s] INFO:colcon.colcon_cmake.task.cmake.build:Building CMake package in '/home/ljhua/ROBOCON2026/lidar_test/rc2026/src/rm_localization/icp_localization_ros2'
[0.302s] INFO:colcon.colcon_core.shell:Skip shell extension 'powershell' for command environment: Not usable outside of PowerShell
[0.302s] DEBUG:colcon.colcon_core.shell:Skip shell extension 'dsv' for command environment
[0.303s] INFO:colcon.colcon_ros.task.ament_cmake.build:Building ROS package in '/home/ljhua/ROBOCON2026/lidar_test/rc2026/src/rm_perception/imu_complementary_filter' with build type 'ament_cmake'
[0.303s] INFO:colcon.colcon_cmake.task.cmake.build:Building CMake package in '/home/ljhua/ROBOCON2026/lidar_test/rc2026/src/rm_perception/imu_complementary_filter'
[0.303s] INFO:colcon.colcon_core.shell:Skip shell extension 'powershell' for command environment: Not usable outside of PowerShell
[0.304s] DEBUG:colcon.colcon_core.shell:Skip shell extension 'dsv' for command environment
[0.305s] INFO:colcon.colcon_ros.task.ament_cmake.build:Building ROS package in '/home/ljhua/ROBOCON2026/lidar_test/rc2026/src/rm_perception/pointcloud_to_laserscan' with build type 'ament_cmake'
[0.305s] INFO:colcon.colcon_cmake.task.cmake.build:Building CMake package in '/home/ljhua/ROBOCON2026/lidar_test/rc2026/src/rm_perception/pointcloud_to_laserscan'
[0.305s] INFO:colcon.colcon_core.shell:Skip shell extension 'powershell' for command environment: Not usable outside of PowerShell
[0.305s] DEBUG:colcon.colcon_core.shell:Skip shell extension 'dsv' for command environment
[0.307s] INFO:colcon.colcon_ros.task.ament_python.build:Building ROS package in '/home/ljhua/ROBOCON2026/lidar_test/rc2026/src/rc_keyboard_control' with build type 'ament_python'
[0.307s] Level 1:colcon.colcon_core.shell:create_environment_hook('rc_keyboard_control', 'ament_prefix_path')
[0.307s] INFO:colcon.colcon_core.shell:Creating environment hook '/home/ljhua/ROBOCON2026/lidar_test/rc2026/install/rc_keyboard_control/share/rc_keyboard_control/hook/ament_prefix_path.ps1'
[0.308s] INFO:colcon.colcon_core.shell:Creating environment descriptor '/home/ljhua/ROBOCON2026/lidar_test/rc2026/install/rc_keyboard_control/share/rc_keyboard_control/hook/ament_prefix_path.dsv'
[0.308s] INFO:colcon.colcon_core.shell:Creating environment hook '/home/ljhua/ROBOCON2026/lidar_test/rc2026/install/rc_keyboard_control/share/rc_keyboard_control/hook/ament_prefix_path.sh'
[0.308s] INFO:colcon.colcon_core.shell:Skip shell extension 'powershell' for command environment: Not usable outside of PowerShell
[0.308s] DEBUG:colcon.colcon_core.shell:Skip shell extension 'dsv' for command environment
[0.310s] INFO:colcon.colcon_ros.task.ament_python.build:Building ROS package in '/home/ljhua/ROBOCON2026/lidar_test/rc2026/src/rc_serial_driver' with build type 'ament_python'
[0.310s] Level 1:colcon.colcon_core.shell:create_environment_hook('rc_serial_driver', 'ament_prefix_path')
[0.310s] INFO:colcon.colcon_core.shell:Creating environment hook '/home/ljhua/ROBOCON2026/lidar_test/rc2026/install/rc_serial_driver/share/rc_serial_driver/hook/ament_prefix_path.ps1'
[0.310s] INFO:colcon.colcon_core.shell:Creating environment descriptor '/home/ljhua/ROBOCON2026/lidar_test/rc2026/install/rc_serial_driver/share/rc_serial_driver/hook/ament_prefix_path.dsv'
[0.311s] INFO:colcon.colcon_core.shell:Creating environment hook '/home/ljhua/ROBOCON2026/lidar_test/rc2026/install/rc_serial_driver/share/rc_serial_driver/hook/ament_prefix_path.sh'
[0.311s] INFO:colcon.colcon_core.shell:Skip shell extension 'powershell' for command environment: Not usable outside of PowerShell
[0.311s] DEBUG:colcon.colcon_core.shell:Skip shell extension 'dsv' for command environment
[0.312s] INFO:colcon.colcon_ros.task.ament_cmake.build:Building ROS package in '/home/ljhua/ROBOCON2026/lidar_test/rc2026/src/rm_navigation' with build type 'ament_cmake'
[0.312s] INFO:colcon.colcon_cmake.task.cmake.build:Building CMake package in '/home/ljhua/ROBOCON2026/lidar_test/rc2026/src/rm_navigation'
[0.313s] INFO:colcon.colcon_core.shell:Skip shell extension 'powershell' for command environment: Not usable outside of PowerShell
[0.313s] DEBUG:colcon.colcon_core.shell:Skip shell extension 'dsv' for command environment
[0.314s] INFO:colcon.colcon_ros.task.ament_cmake.build:Building ROS package in '/home/ljhua/ROBOCON2026/lidar_test/rc2026/src/rm_sensors/rplidar_ros' with build type 'ament_cmake'
[0.314s] INFO:colcon.colcon_cmake.task.cmake.build:Building CMake package in '/home/ljhua/ROBOCON2026/lidar_test/rc2026/src/rm_sensors/rplidar_ros'
[0.314s] INFO:colcon.colcon_core.shell:Skip shell extension 'powershell' for command environment: Not usable outside of PowerShell
[0.315s] DEBUG:colcon.colcon_core.shell:Skip shell extension 'dsv' for command environment
[0.319s] DEBUG:colcon.colcon_core.event_handler.log_command:Invoking command in '/home/ljhua/ROBOCON2026/lidar_test/rc2026/build/linefit_ground_segmentation': CMAKE_PREFIX_PATH=/opt/ros/humble /usr/bin/cmake /home/ljhua/ROBOCON2026/lidar_test/rc2026/src/rm_perception/linefit_ground_segementation_ros2/linefit_ground_segmentation -DAMENT_CMAKE_SYMLINK_INSTALL=1 -DCMAKE_INSTALL_PREFIX=/home/ljhua/ROBOCON2026/lidar_test/rc2026/install/linefit_ground_segmentation
[0.320s] DEBUG:colcon.colcon_core.event_handler.log_command:Invoking command in '/home/ljhua/ROBOCON2026/lidar_test/rc2026/build/livox_ros_driver2': CMAKE_PREFIX_PATH=/opt/ros/humble /usr/bin/cmake /home/ljhua/ROBOCON2026/lidar_test/rc2026/src/rm_sensors/livox_ros_driver2 -DAMENT_CMAKE_SYMLINK_INSTALL=1 -DCMAKE_INSTALL_PREFIX=/home/ljhua/ROBOCON2026/lidar_test/rc2026/install/livox_ros_driver2
[0.321s] DEBUG:colcon.colcon_core.event_handler.log_command:Invoking command in '/home/ljhua/ROBOCON2026/lidar_test/rc2026/build/icp_localization_ros2': CMAKE_PREFIX_PATH=/opt/ros/humble /usr/bin/cmake /home/ljhua/ROBOCON2026/lidar_test/rc2026/src/rm_localization/icp_localization_ros2 -DAMENT_CMAKE_SYMLINK_INSTALL=1 -DCMAKE_INSTALL_PREFIX=/home/ljhua/ROBOCON2026/lidar_test/rc2026/install/icp_localization_ros2
[0.322s] DEBUG:colcon.colcon_core.event_handler.log_command:Invoking command in '/home/ljhua/ROBOCON2026/lidar_test/rc2026/build/imu_complementary_filter': CMAKE_PREFIX_PATH=/opt/ros/humble /usr/bin/cmake /home/ljhua/ROBOCON2026/lidar_test/rc2026/src/rm_perception/imu_complementary_filter -DAMENT_CMAKE_SYMLINK_INSTALL=1 -DCMAKE_INSTALL_PREFIX=/home/ljhua/ROBOCON2026/lidar_test/rc2026/install/imu_complementary_filter
[0.324s] DEBUG:colcon.colcon_core.event_handler.log_command:Invoking command in '/home/ljhua/ROBOCON2026/lidar_test/rc2026/build/pointcloud_to_laserscan': CMAKE_PREFIX_PATH=/opt/ros/humble /usr/bin/cmake /home/ljhua/ROBOCON2026/lidar_test/rc2026/src/rm_perception/pointcloud_to_laserscan -DAMENT_CMAKE_SYMLINK_INSTALL=1 -DCMAKE_INSTALL_PREFIX=/home/ljhua/ROBOCON2026/lidar_test/rc2026/install/pointcloud_to_laserscan
[0.554s] INFO:colcon.colcon_core.task.python.build:Building Python package in '/home/ljhua/ROBOCON2026/lidar_test/rc2026/src/rc_keyboard_control'
[0.554s] INFO:colcon.colcon_core.shell:Skip shell extension 'powershell' for command environment: Not usable outside of PowerShell
[0.554s] DEBUG:colcon.colcon_core.shell:Skip shell extension 'dsv' for command environment
[0.794s] INFO:colcon.colcon_core.task.python.build:Building Python package in '/home/ljhua/ROBOCON2026/lidar_test/rc2026/src/rc_serial_driver'
[0.794s] INFO:colcon.colcon_core.shell:Skip shell extension 'powershell' for command environment: Not usable outside of PowerShell
[0.794s] DEBUG:colcon.colcon_core.shell:Skip shell extension 'dsv' for command environment
[0.803s] DEBUG:colcon.colcon_core.event_handler.log_command:Invoking command in '/home/ljhua/ROBOCON2026/lidar_test/rc2026/build/rm_navigation': CMAKE_PREFIX_PATH=/opt/ros/humble /usr/bin/cmake /home/ljhua/ROBOCON2026/lidar_test/rc2026/src/rm_navigation -DAMENT_CMAKE_SYMLINK_INSTALL=1 -DCMAKE_INSTALL_PREFIX=/home/ljhua/ROBOCON2026/lidar_test/rc2026/install/rm_navigation
[0.814s] DEBUG:colcon.colcon_core.event_handler.log_command:Invoking command in '/home/ljhua/ROBOCON2026/lidar_test/rc2026/build/rplidar_ros': CMAKE_PREFIX_PATH=/opt/ros/humble /usr/bin/cmake /home/ljhua/ROBOCON2026/lidar_test/rc2026/src/rm_sensors/rplidar_ros -DAMENT_CMAKE_SYMLINK_INSTALL=1 -DCMAKE_INSTALL_PREFIX=/home/ljhua/ROBOCON2026/lidar_test/rc2026/install/rplidar_ros
[1.253s] DEBUG:colcon.colcon_core.event_handler.log_command:Invoking command in '/home/ljhua/ROBOCON2026/lidar_test/rc2026/build/rc_keyboard_control': PYTHONPATH=/home/ljhua/ROBOCON2026/lidar_test/rc2026/build/rc_keyboard_control/prefix_override:/usr/lib/python3/dist-packages/colcon_core/task/python/colcon_distutils_commands:/home/ljhua/ROBOCON2026/lidar_test/rc2026/install/rc_keyboard_control/lib/python3.10/site-packages:${PYTHONPATH} /usr/bin/python3 -W ignore:setup.py install is deprecated -W ignore:easy_install command is deprecated setup.py develop --editable --build-directory /home/ljhua/ROBOCON2026/lidar_test/rc2026/build/rc_keyboard_control/build --no-deps symlink_data
[1.394s] DEBUG:colcon.colcon_core.event_handler.log_command:Invoking command in '/home/ljhua/ROBOCON2026/lidar_test/rc2026/build/rc_serial_driver': PYTHONPATH=/home/ljhua/ROBOCON2026/lidar_test/rc2026/build/rc_serial_driver/prefix_override:/usr/lib/python3/dist-packages/colcon_core/task/python/colcon_distutils_commands:/home/ljhua/ROBOCON2026/lidar_test/rc2026/install/rc_serial_driver/lib/python3.10/site-packages:${PYTHONPATH} /usr/bin/python3 -W ignore:setup.py install is deprecated -W ignore:easy_install command is deprecated setup.py develop --editable --build-directory /home/ljhua/ROBOCON2026/lidar_test/rc2026/build/rc_serial_driver/build --no-deps symlink_data
[1.701s] Level 1:colcon.colcon_core.shell:create_environment_hook('rc_keyboard_control', 'pythonpath_develop')
[1.701s] INFO:colcon.colcon_core.shell:Creating environment hook '/home/ljhua/ROBOCON2026/lidar_test/rc2026/build/rc_keyboard_control/share/rc_keyboard_control/hook/pythonpath_develop.ps1'
[1.702s] DEBUG:colcon.colcon_core.event_handler.log_command:Invoked command in '/home/ljhua/ROBOCON2026/lidar_test/rc2026/build/rc_keyboard_control' returned '0': PYTHONPATH=/home/ljhua/ROBOCON2026/lidar_test/rc2026/build/rc_keyboard_control/prefix_override:/usr/lib/python3/dist-packages/colcon_core/task/python/colcon_distutils_commands:/home/ljhua/ROBOCON2026/lidar_test/rc2026/install/rc_keyboard_control/lib/python3.10/site-packages:${PYTHONPATH} /usr/bin/python3 -W ignore:setup.py install is deprecated -W ignore:easy_install command is deprecated setup.py develop --editable --build-directory /home/ljhua/ROBOCON2026/lidar_test/rc2026/build/rc_keyboard_control/build --no-deps symlink_data
[1.702s] INFO:colcon.colcon_core.shell:Creating environment descriptor '/home/ljhua/ROBOCON2026/lidar_test/rc2026/build/rc_keyboard_control/share/rc_keyboard_control/hook/pythonpath_develop.dsv'
[1.703s] INFO:colcon.colcon_core.shell:Creating environment hook '/home/ljhua/ROBOCON2026/lidar_test/rc2026/build/rc_keyboard_control/share/rc_keyboard_control/hook/pythonpath_develop.sh'
[1.706s] Level 1:colcon.colcon_core.environment:checking '/home/ljhua/ROBOCON2026/lidar_test/rc2026/install/rc_keyboard_control' for CMake module files
[1.706s] Level 1:colcon.colcon_core.environment:checking '/home/ljhua/ROBOCON2026/lidar_test/rc2026/install/rc_keyboard_control' for CMake config files
[1.707s] Level 1:colcon.colcon_core.environment:checking '/home/ljhua/ROBOCON2026/lidar_test/rc2026/install/rc_keyboard_control/lib'
[1.707s] Level 1:colcon.colcon_core.environment:checking '/home/ljhua/ROBOCON2026/lidar_test/rc2026/install/rc_keyboard_control/bin'
[1.707s] Level 1:colcon.colcon_core.environment:checking '/home/ljhua/ROBOCON2026/lidar_test/rc2026/install/rc_keyboard_control/lib/pkgconfig/rc_keyboard_control.pc'
[1.707s] Level 1:colcon.colcon_core.environment:checking '/home/ljhua/ROBOCON2026/lidar_test/rc2026/install/rc_keyboard_control/lib/python3.10/site-packages'
[1.708s] Level 1:colcon.colcon_core.shell:create_environment_hook('rc_keyboard_control', 'pythonpath')
[1.708s] INFO:colcon.colcon_core.shell:Creating environment hook '/home/ljhua/ROBOCON2026/lidar_test/rc2026/install/rc_keyboard_control/share/rc_keyboard_control/hook/pythonpath.ps1'
[1.708s] INFO:colcon.colcon_core.shell:Creating environment descriptor '/home/ljhua/ROBOCON2026/lidar_test/rc2026/install/rc_keyboard_control/share/rc_keyboard_control/hook/pythonpath.dsv'
[1.709s] INFO:colcon.colcon_core.shell:Creating environment hook '/home/ljhua/ROBOCON2026/lidar_test/rc2026/install/rc_keyboard_control/share/rc_keyboard_control/hook/pythonpath.sh'
[1.709s] Level 1:colcon.colcon_core.environment:checking '/home/ljhua/ROBOCON2026/lidar_test/rc2026/install/rc_keyboard_control/bin'
[1.710s] Level 1:colcon.colcon_core.environment:create_environment_scripts_only(rc_keyboard_control)
[1.710s] INFO:colcon.colcon_core.shell:Creating package script '/home/ljhua/ROBOCON2026/lidar_test/rc2026/install/rc_keyboard_control/share/rc_keyboard_control/package.ps1'
[1.711s] INFO:colcon.colcon_core.shell:Creating package descriptor '/home/ljhua/ROBOCON2026/lidar_test/rc2026/install/rc_keyboard_control/share/rc_keyboard_control/package.dsv'
[1.712s] INFO:colcon.colcon_core.shell:Creating package script '/home/ljhua/ROBOCON2026/lidar_test/rc2026/install/rc_keyboard_control/share/rc_keyboard_control/package.sh'
[1.713s] INFO:colcon.colcon_core.shell:Creating package script '/home/ljhua/ROBOCON2026/lidar_test/rc2026/install/rc_keyboard_control/share/rc_keyboard_control/package.bash'
[1.714s] INFO:colcon.colcon_core.shell:Creating package script '/home/ljhua/ROBOCON2026/lidar_test/rc2026/install/rc_keyboard_control/share/rc_keyboard_control/package.zsh'
[1.714s] Level 1:colcon.colcon_core.environment:create_file_with_runtime_dependencies(/home/ljhua/ROBOCON2026/lidar_test/rc2026/install/rc_keyboard_control/share/colcon-core/packages/rc_keyboard_control)
[1.742s] DEBUG:colcon.colcon_core.event_handler.log_command:Invoked command in '/home/ljhua/ROBOCON2026/lidar_test/rc2026/build/rm_navigation' returned '0': CMAKE_PREFIX_PATH=/opt/ros/humble /usr/bin/cmake /home/ljhua/ROBOCON2026/lidar_test/rc2026/src/rm_navigation -DAMENT_CMAKE_SYMLINK_INSTALL=1 -DCMAKE_INSTALL_PREFIX=/home/ljhua/ROBOCON2026/lidar_test/rc2026/install/rm_navigation
[1.743s] DEBUG:colcon.colcon_core.event_handler.log_command:Invoking command in '/home/ljhua/ROBOCON2026/lidar_test/rc2026/build/rm_navigation': CMAKE_PREFIX_PATH=/opt/ros/humble /usr/bin/cmake --build /home/ljhua/ROBOCON2026/lidar_test/rc2026/build/rm_navigation -- -j20 -l20
[1.749s] DEBUG:colcon.colcon_core.event_handler.log_command:Invoked command in '/home/ljhua/ROBOCON2026/lidar_test/rc2026/build/imu_complementary_filter' returned '0': CMAKE_PREFIX_PATH=/opt/ros/humble /usr/bin/cmake /home/ljhua/ROBOCON2026/lidar_test/rc2026/src/rm_perception/imu_complementary_filter -DAMENT_CMAKE_SYMLINK_INSTALL=1 -DCMAKE_INSTALL_PREFIX=/home/ljhua/ROBOCON2026/lidar_test/rc2026/install/imu_complementary_filter
[1.750s] DEBUG:colcon.colcon_core.event_handler.log_command:Invoking command in '/home/ljhua/ROBOCON2026/lidar_test/rc2026/build/imu_complementary_filter': CMAKE_PREFIX_PATH=/opt/ros/humble /usr/bin/cmake --build /home/ljhua/ROBOCON2026/lidar_test/rc2026/build/imu_complementary_filter -- -j20 -l20
[1.768s] DEBUG:colcon.colcon_core.event_handler.log_command:Invoked command in '/home/ljhua/ROBOCON2026/lidar_test/rc2026/build/rm_navigation' returned '0': CMAKE_PREFIX_PATH=/opt/ros/humble /usr/bin/cmake --build /home/ljhua/ROBOCON2026/lidar_test/rc2026/build/rm_navigation -- -j20 -l20
[1.777s] DEBUG:colcon.colcon_core.event_handler.log_command:Invoking command in '/home/ljhua/ROBOCON2026/lidar_test/rc2026/build/rm_navigation': CMAKE_PREFIX_PATH=/opt/ros/humble /usr/bin/cmake --install /home/ljhua/ROBOCON2026/lidar_test/rc2026/build/rm_navigation
[1.796s] DEBUG:colcon.colcon_core.event_handler.log_command:Invoked command in '/home/ljhua/ROBOCON2026/lidar_test/rc2026/build/pointcloud_to_laserscan' returned '0': CMAKE_PREFIX_PATH=/opt/ros/humble /usr/bin/cmake /home/ljhua/ROBOCON2026/lidar_test/rc2026/src/rm_perception/pointcloud_to_laserscan -DAMENT_CMAKE_SYMLINK_INSTALL=1 -DCMAKE_INSTALL_PREFIX=/home/ljhua/ROBOCON2026/lidar_test/rc2026/install/pointcloud_to_laserscan
[1.798s] DEBUG:colcon.colcon_core.event_handler.log_command:Invoking command in '/home/ljhua/ROBOCON2026/lidar_test/rc2026/build/pointcloud_to_laserscan': CMAKE_PREFIX_PATH=/opt/ros/humble /usr/bin/cmake --build /home/ljhua/ROBOCON2026/lidar_test/rc2026/build/pointcloud_to_laserscan -- -j20 -l20
[1.865s] Level 1:colcon.colcon_core.shell:create_environment_hook('rc_serial_driver', 'pythonpath_develop')
[1.865s] INFO:colcon.colcon_core.shell:Creating environment hook '/home/ljhua/ROBOCON2026/lidar_test/rc2026/build/rc_serial_driver/share/rc_serial_driver/hook/pythonpath_develop.ps1'
[1.866s] DEBUG:colcon.colcon_core.event_handler.log_command:Invoked command in '/home/ljhua/ROBOCON2026/lidar_test/rc2026/build/rc_serial_driver' returned '0': PYTHONPATH=/home/ljhua/ROBOCON2026/lidar_test/rc2026/build/rc_serial_driver/prefix_override:/usr/lib/python3/dist-packages/colcon_core/task/python/colcon_distutils_commands:/home/ljhua/ROBOCON2026/lidar_test/rc2026/install/rc_serial_driver/lib/python3.10/site-packages:${PYTHONPATH} /usr/bin/python3 -W ignore:setup.py install is deprecated -W ignore:easy_install command is deprecated setup.py develop --editable --build-directory /home/ljhua/ROBOCON2026/lidar_test/rc2026/build/rc_serial_driver/build --no-deps symlink_data
[1.866s] INFO:colcon.colcon_core.shell:Creating environment descriptor '/home/ljhua/ROBOCON2026/lidar_test/rc2026/build/rc_serial_driver/share/rc_serial_driver/hook/pythonpath_develop.dsv'
[1.866s] INFO:colcon.colcon_core.shell:Creating environment hook '/home/ljhua/ROBOCON2026/lidar_test/rc2026/build/rc_serial_driver/share/rc_serial_driver/hook/pythonpath_develop.sh'
[1.867s] Level 1:colcon.colcon_core.environment:checking '/home/ljhua/ROBOCON2026/lidar_test/rc2026/install/rc_serial_driver' for CMake module files
[1.867s] Level 1:colcon.colcon_core.environment:checking '/home/ljhua/ROBOCON2026/lidar_test/rc2026/install/rc_serial_driver' for CMake config files
[1.867s] Level 1:colcon.colcon_core.environment:checking '/home/ljhua/ROBOCON2026/lidar_test/rc2026/install/rc_serial_driver/lib'
[1.868s] Level 1:colcon.colcon_core.environment:checking '/home/ljhua/ROBOCON2026/lidar_test/rc2026/install/rc_serial_driver/bin'
[1.868s] Level 1:colcon.colcon_core.environment:checking '/home/ljhua/ROBOCON2026/lidar_test/rc2026/install/rc_serial_driver/lib/pkgconfig/rc_serial_driver.pc'
[1.868s] Level 1:colcon.colcon_core.environment:checking '/home/ljhua/ROBOCON2026/lidar_test/rc2026/install/rc_serial_driver/lib/python3.10/site-packages'
[1.868s] Level 1:colcon.colcon_core.shell:create_environment_hook('rc_serial_driver', 'pythonpath')
[1.868s] INFO:colcon.colcon_core.shell:Creating environment hook '/home/ljhua/ROBOCON2026/lidar_test/rc2026/install/rc_serial_driver/share/rc_serial_driver/hook/pythonpath.ps1'
[1.869s] INFO:colcon.colcon_core.shell:Creating environment descriptor '/home/ljhua/ROBOCON2026/lidar_test/rc2026/install/rc_serial_driver/share/rc_serial_driver/hook/pythonpath.dsv'
[1.869s] INFO:colcon.colcon_core.shell:Creating environment hook '/home/ljhua/ROBOCON2026/lidar_test/rc2026/install/rc_serial_driver/share/rc_serial_driver/hook/pythonpath.sh'
[1.870s] Level 1:colcon.colcon_core.environment:checking '/home/ljhua/ROBOCON2026/lidar_test/rc2026/install/rc_serial_driver/bin'
[1.870s] Level 1:colcon.colcon_core.environment:create_environment_scripts_only(rc_serial_driver)
[1.870s] INFO:colcon.colcon_core.shell:Creating package script '/home/ljhua/ROBOCON2026/lidar_test/rc2026/install/rc_serial_driver/share/rc_serial_driver/package.ps1'
[1.871s] INFO:colcon.colcon_core.shell:Creating package descriptor '/home/ljhua/ROBOCON2026/lidar_test/rc2026/install/rc_serial_driver/share/rc_serial_driver/package.dsv'
[1.872s] INFO:colcon.colcon_core.shell:Creating package script '/home/ljhua/ROBOCON2026/lidar_test/rc2026/install/rc_serial_driver/share/rc_serial_driver/package.sh'
[1.872s] INFO:colcon.colcon_core.shell:Creating package script '/home/ljhua/ROBOCON2026/lidar_test/rc2026/install/rc_serial_driver/share/rc_serial_driver/package.bash'
[1.873s] INFO:colcon.colcon_core.shell:Creating package script '/home/ljhua/ROBOCON2026/lidar_test/rc2026/install/rc_serial_driver/share/rc_serial_driver/package.zsh'
[1.873s] Level 1:colcon.colcon_core.environment:create_file_with_runtime_dependencies(/home/ljhua/ROBOCON2026/lidar_test/rc2026/install/rc_serial_driver/share/colcon-core/packages/rc_serial_driver)
[1.969s] Level 1:colcon.colcon_core.environment:create_environment_scripts_only(rm_navigation)
[1.970s] Level 1:colcon.colcon_core.environment:checking '/home/ljhua/ROBOCON2026/lidar_test/rc2026/install/rm_navigation' for CMake module files
[1.970s] DEBUG:colcon.colcon_core.event_handler.log_command:Invoked command in '/home/ljhua/ROBOCON2026/lidar_test/rc2026/build/rm_navigation' returned '0': CMAKE_PREFIX_PATH=/opt/ros/humble /usr/bin/cmake --install /home/ljhua/ROBOCON2026/lidar_test/rc2026/build/rm_navigation
[1.970s] Level 1:colcon.colcon_core.environment:checking '/home/ljhua/ROBOCON2026/lidar_test/rc2026/install/rm_navigation' for CMake config files
[1.971s] Level 1:colcon.colcon_core.shell:create_environment_hook('rm_navigation', 'cmake_prefix_path')
[1.971s] INFO:colcon.colcon_core.shell:Creating environment hook '/home/ljhua/ROBOCON2026/lidar_test/rc2026/install/rm_navigation/share/rm_navigation/hook/cmake_prefix_path.ps1'
[1.972s] INFO:colcon.colcon_core.shell:Creating environment descriptor '/home/ljhua/ROBOCON2026/lidar_test/rc2026/install/rm_navigation/share/rm_navigation/hook/cmake_prefix_path.dsv'
[1.972s] INFO:colcon.colcon_core.shell:Creating environment hook '/home/ljhua/ROBOCON2026/lidar_test/rc2026/install/rm_navigation/share/rm_navigation/hook/cmake_prefix_path.sh'
[1.973s] Level 1:colcon.colcon_core.environment:checking '/home/ljhua/ROBOCON2026/lidar_test/rc2026/install/rm_navigation/bin'
[1.973s] Level 1:colcon.colcon_core.environment:checking '/home/ljhua/ROBOCON2026/lidar_test/rc2026/install/rm_navigation/lib/pkgconfig/rm_navigation.pc'
[1.973s] Level 1:colcon.colcon_core.environment:checking '/home/ljhua/ROBOCON2026/lidar_test/rc2026/install/rm_navigation/lib/python3.10/site-packages'
[1.973s] Level 1:colcon.colcon_core.environment:checking '/home/ljhua/ROBOCON2026/lidar_test/rc2026/install/rm_navigation/bin'
[1.974s] INFO:colcon.colcon_core.shell:Creating package script '/home/ljhua/ROBOCON2026/lidar_test/rc2026/install/rm_navigation/share/rm_navigation/package.ps1'
[1.974s] INFO:colcon.colcon_core.shell:Creating package descriptor '/home/ljhua/ROBOCON2026/lidar_test/rc2026/install/rm_navigation/share/rm_navigation/package.dsv'
[1.974s] INFO:colcon.colcon_core.shell:Creating package script '/home/ljhua/ROBOCON2026/lidar_test/rc2026/install/rm_navigation/share/rm_navigation/package.sh'
[1.975s] INFO:colcon.colcon_core.shell:Creating package script '/home/ljhua/ROBOCON2026/lidar_test/rc2026/install/rm_navigation/share/rm_navigation/package.bash'
[1.975s] INFO:colcon.colcon_core.shell:Creating package script '/home/ljhua/ROBOCON2026/lidar_test/rc2026/install/rm_navigation/share/rm_navigation/package.zsh'
[1.976s] Level 1:colcon.colcon_core.environment:create_file_with_runtime_dependencies(/home/ljhua/ROBOCON2026/lidar_test/rc2026/install/rm_navigation/share/colcon-core/packages/rm_navigation)
[1.976s] Level 1:colcon.colcon_core.environment:create_environment_scripts_only(rm_navigation)
[1.977s] Level 1:colcon.colcon_core.environment:checking '/home/ljhua/ROBOCON2026/lidar_test/rc2026/install/rm_navigation' for CMake module files
[1.977s] Level 1:colcon.colcon_core.environment:checking '/home/ljhua/ROBOCON2026/lidar_test/rc2026/install/rm_navigation' for CMake config files
[1.977s] Level 1:colcon.colcon_core.shell:create_environment_hook('rm_navigation', 'cmake_prefix_path')
[1.978s] INFO:colcon.colcon_core.shell:Creating environment hook '/home/ljhua/ROBOCON2026/lidar_test/rc2026/install/rm_navigation/share/rm_navigation/hook/cmake_prefix_path.ps1'
[1.978s] INFO:colcon.colcon_core.shell:Creating environment descriptor '/home/ljhua/ROBOCON2026/lidar_test/rc2026/install/rm_navigation/share/rm_navigation/hook/cmake_prefix_path.dsv'
[1.979s] INFO:colcon.colcon_core.shell:Creating environment hook '/home/ljhua/ROBOCON2026/lidar_test/rc2026/install/rm_navigation/share/rm_navigation/hook/cmake_prefix_path.sh'
[1.979s] Level 1:colcon.colcon_core.environment:checking '/home/ljhua/ROBOCON2026/lidar_test/rc2026/install/rm_navigation/bin'
[1.979s] Level 1:colcon.colcon_core.environment:checking '/home/ljhua/ROBOCON2026/lidar_test/rc2026/install/rm_navigation/lib/pkgconfig/rm_navigation.pc'
[1.979s] Level 1:colcon.colcon_core.environment:checking '/home/ljhua/ROBOCON2026/lidar_test/rc2026/install/rm_navigation/lib/python3.10/site-packages'
[1.980s] Level 1:colcon.colcon_core.environment:checking '/home/ljhua/ROBOCON2026/lidar_test/rc2026/install/rm_navigation/bin'
[1.980s] INFO:colcon.colcon_core.shell:Creating package script '/home/ljhua/ROBOCON2026/lidar_test/rc2026/install/rm_navigation/share/rm_navigation/package.ps1'
[1.981s] INFO:colcon.colcon_core.shell:Creating package descriptor '/home/ljhua/ROBOCON2026/lidar_test/rc2026/install/rm_navigation/share/rm_navigation/package.dsv'
[1.981s] INFO:colcon.colcon_core.shell:Creating package script '/home/ljhua/ROBOCON2026/lidar_test/rc2026/install/rm_navigation/share/rm_navigation/package.sh'
[1.981s] INFO:colcon.colcon_core.shell:Creating package script '/home/ljhua/ROBOCON2026/lidar_test/rc2026/install/rm_navigation/share/rm_navigation/package.bash'
[1.982s] INFO:colcon.colcon_core.shell:Creating package script '/home/ljhua/ROBOCON2026/lidar_test/rc2026/install/rm_navigation/share/rm_navigation/package.zsh'
[1.982s] Level 1:colcon.colcon_core.environment:create_file_with_runtime_dependencies(/home/ljhua/ROBOCON2026/lidar_test/rc2026/install/rm_navigation/share/colcon-core/packages/rm_navigation)
[2.476s] DEBUG:colcon.colcon_core.event_handler.log_command:Invoked command in '/home/ljhua/ROBOCON2026/lidar_test/rc2026/build/rplidar_ros' returned '0': CMAKE_PREFIX_PATH=/opt/ros/humble /usr/bin/cmake /home/ljhua/ROBOCON2026/lidar_test/rc2026/src/rm_sensors/rplidar_ros -DAMENT_CMAKE_SYMLINK_INSTALL=1 -DCMAKE_INSTALL_PREFIX=/home/ljhua/ROBOCON2026/lidar_test/rc2026/install/rplidar_ros
[2.477s] DEBUG:colcon.colcon_core.event_handler.log_command:Invoking command in '/home/ljhua/ROBOCON2026/lidar_test/rc2026/build/rplidar_ros': CMAKE_PREFIX_PATH=/opt/ros/humble /usr/bin/cmake --build /home/ljhua/ROBOCON2026/lidar_test/rc2026/build/rplidar_ros -- -j20 -l20
[3.630s] DEBUG:colcon.colcon_core.event_handler.log_command:Invoked command in '/home/ljhua/ROBOCON2026/lidar_test/rc2026/build/linefit_ground_segmentation' returned '0': CMAKE_PREFIX_PATH=/opt/ros/humble /usr/bin/cmake /home/ljhua/ROBOCON2026/lidar_test/rc2026/src/rm_perception/linefit_ground_segementation_ros2/linefit_ground_segmentation -DAMENT_CMAKE_SYMLINK_INSTALL=1 -DCMAKE_INSTALL_PREFIX=/home/ljhua/ROBOCON2026/lidar_test/rc2026/install/linefit_ground_segmentation
[3.632s] DEBUG:colcon.colcon_core.event_handler.log_command:Invoking command in '/home/ljhua/ROBOCON2026/lidar_test/rc2026/build/linefit_ground_segmentation': CMAKE_PREFIX_PATH=/opt/ros/humble /usr/bin/cmake --build /home/ljhua/ROBOCON2026/lidar_test/rc2026/build/linefit_ground_segmentation -- -j20 -l20
[3.819s] DEBUG:colcon.colcon_core.event_handler.log_command:Invoked command in '/home/ljhua/ROBOCON2026/lidar_test/rc2026/build/icp_localization_ros2' returned '0': CMAKE_PREFIX_PATH=/opt/ros/humble /usr/bin/cmake /home/ljhua/ROBOCON2026/lidar_test/rc2026/src/rm_localization/icp_localization_ros2 -DAMENT_CMAKE_SYMLINK_INSTALL=1 -DCMAKE_INSTALL_PREFIX=/home/ljhua/ROBOCON2026/lidar_test/rc2026/install/icp_localization_ros2
[3.821s] DEBUG:colcon.colcon_core.event_handler.log_command:Invoking command in '/home/ljhua/ROBOCON2026/lidar_test/rc2026/build/icp_localization_ros2': CMAKE_PREFIX_PATH=/opt/ros/humble /usr/bin/cmake --build /home/ljhua/ROBOCON2026/lidar_test/rc2026/build/icp_localization_ros2 -- -j20 -l20
[4.891s] DEBUG:colcon.colcon_core.event_handler.log_command:Invoked command in '/home/ljhua/ROBOCON2026/lidar_test/rc2026/build/livox_ros_driver2' returned '0': CMAKE_PREFIX_PATH=/opt/ros/humble /usr/bin/cmake /home/ljhua/ROBOCON2026/lidar_test/rc2026/src/rm_sensors/livox_ros_driver2 -DAMENT_CMAKE_SYMLINK_INSTALL=1 -DCMAKE_INSTALL_PREFIX=/home/ljhua/ROBOCON2026/lidar_test/rc2026/install/livox_ros_driver2
[4.892s] DEBUG:colcon.colcon_core.event_handler.log_command:Invoking command in '/home/ljhua/ROBOCON2026/lidar_test/rc2026/build/livox_ros_driver2': CMAKE_PREFIX_PATH=/opt/ros/humble /usr/bin/cmake --build /home/ljhua/ROBOCON2026/lidar_test/rc2026/build/livox_ros_driver2 -- -j20 -l20
[15.592s] DEBUG:colcon.colcon_core.event_handler.log_command:Invoked command in '/home/ljhua/ROBOCON2026/lidar_test/rc2026/build/rplidar_ros' returned '0': CMAKE_PREFIX_PATH=/opt/ros/humble /usr/bin/cmake --build /home/ljhua/ROBOCON2026/lidar_test/rc2026/build/rplidar_ros -- -j20 -l20
[15.593s] DEBUG:colcon.colcon_core.event_handler.log_command:Invoking command in '/home/ljhua/ROBOCON2026/lidar_test/rc2026/build/rplidar_ros': CMAKE_PREFIX_PATH=/opt/ros/humble /usr/bin/cmake --install /home/ljhua/ROBOCON2026/lidar_test/rc2026/build/rplidar_ros
[15.945s] Level 1:colcon.colcon_core.environment:create_environment_scripts_only(rplidar_ros)
[15.945s] Level 1:colcon.colcon_core.environment:checking '/home/ljhua/ROBOCON2026/lidar_test/rc2026/install/rplidar_ros' for CMake module files
[15.946s] DEBUG:colcon.colcon_core.event_handler.log_command:Invoked command in '/home/ljhua/ROBOCON2026/lidar_test/rc2026/build/rplidar_ros' returned '0': CMAKE_PREFIX_PATH=/opt/ros/humble /usr/bin/cmake --install /home/ljhua/ROBOCON2026/lidar_test/rc2026/build/rplidar_ros
[15.946s] Level 1:colcon.colcon_core.environment:checking '/home/ljhua/ROBOCON2026/lidar_test/rc2026/install/rplidar_ros' for CMake config files
[15.947s] Level 1:colcon.colcon_core.shell:create_environment_hook('rplidar_ros', 'cmake_prefix_path')
[15.947s] INFO:colcon.colcon_core.shell:Creating environment hook '/home/ljhua/ROBOCON2026/lidar_test/rc2026/install/rplidar_ros/share/rplidar_ros/hook/cmake_prefix_path.ps1'
[15.948s] INFO:colcon.colcon_core.shell:Creating environment descriptor '/home/ljhua/ROBOCON2026/lidar_test/rc2026/install/rplidar_ros/share/rplidar_ros/hook/cmake_prefix_path.dsv'
[15.948s] INFO:colcon.colcon_core.shell:Creating environment hook '/home/ljhua/ROBOCON2026/lidar_test/rc2026/install/rplidar_ros/share/rplidar_ros/hook/cmake_prefix_path.sh'
[15.949s] Level 1:colcon.colcon_core.environment:checking '/home/ljhua/ROBOCON2026/lidar_test/rc2026/install/rplidar_ros/lib'
[15.949s] Level 1:colcon.colcon_core.environment:checking '/home/ljhua/ROBOCON2026/lidar_test/rc2026/install/rplidar_ros/bin'
[15.949s] Level 1:colcon.colcon_core.environment:checking '/home/ljhua/ROBOCON2026/lidar_test/rc2026/install/rplidar_ros/lib/pkgconfig/rplidar_ros.pc'
[15.949s] Level 1:colcon.colcon_core.environment:checking '/home/ljhua/ROBOCON2026/lidar_test/rc2026/install/rplidar_ros/lib/python3.10/site-packages'
[15.950s] Level 1:colcon.colcon_core.environment:checking '/home/ljhua/ROBOCON2026/lidar_test/rc2026/install/rplidar_ros/bin'
[15.950s] INFO:colcon.colcon_core.shell:Creating package script '/home/ljhua/ROBOCON2026/lidar_test/rc2026/install/rplidar_ros/share/rplidar_ros/package.ps1'
[15.951s] INFO:colcon.colcon_core.shell:Creating package descriptor '/home/ljhua/ROBOCON2026/lidar_test/rc2026/install/rplidar_ros/share/rplidar_ros/package.dsv'
[15.951s] INFO:colcon.colcon_core.shell:Creating package script '/home/ljhua/ROBOCON2026/lidar_test/rc2026/install/rplidar_ros/share/rplidar_ros/package.sh'
[15.952s] INFO:colcon.colcon_core.shell:Creating package script '/home/ljhua/ROBOCON2026/lidar_test/rc2026/install/rplidar_ros/share/rplidar_ros/package.bash'
[15.952s] INFO:colcon.colcon_core.shell:Creating package script '/home/ljhua/ROBOCON2026/lidar_test/rc2026/install/rplidar_ros/share/rplidar_ros/package.zsh'
[15.952s] Level 1:colcon.colcon_core.environment:create_file_with_runtime_dependencies(/home/ljhua/ROBOCON2026/lidar_test/rc2026/install/rplidar_ros/share/colcon-core/packages/rplidar_ros)
[15.953s] Level 1:colcon.colcon_core.environment:create_environment_scripts_only(rplidar_ros)
[15.954s] Level 1:colcon.colcon_core.environment:checking '/home/ljhua/ROBOCON2026/lidar_test/rc2026/install/rplidar_ros' for CMake module files
[15.954s] Level 1:colcon.colcon_core.environment:checking '/home/ljhua/ROBOCON2026/lidar_test/rc2026/install/rplidar_ros' for CMake config files
[15.955s] Level 1:colcon.colcon_core.shell:create_environment_hook('rplidar_ros', 'cmake_prefix_path')
[15.955s] INFO:colcon.colcon_core.shell:Creating environment hook '/home/ljhua/ROBOCON2026/lidar_test/rc2026/install/rplidar_ros/share/rplidar_ros/hook/cmake_prefix_path.ps1'
[15.956s] INFO:colcon.colcon_core.shell:Creating environment descriptor '/home/ljhua/ROBOCON2026/lidar_test/rc2026/install/rplidar_ros/share/rplidar_ros/hook/cmake_prefix_path.dsv'
[15.956s] INFO:colcon.colcon_core.shell:Creating environment hook '/home/ljhua/ROBOCON2026/lidar_test/rc2026/install/rplidar_ros/share/rplidar_ros/hook/cmake_prefix_path.sh'
[15.957s] Level 1:colcon.colcon_core.environment:checking '/home/ljhua/ROBOCON2026/lidar_test/rc2026/install/rplidar_ros/lib'
[15.957s] Level 1:colcon.colcon_core.environment:checking '/home/ljhua/ROBOCON2026/lidar_test/rc2026/install/rplidar_ros/bin'
[15.957s] Level 1:colcon.colcon_core.environment:checking '/home/ljhua/ROBOCON2026/lidar_test/rc2026/install/rplidar_ros/lib/pkgconfig/rplidar_ros.pc'
[15.957s] Level 1:colcon.colcon_core.environment:checking '/home/ljhua/ROBOCON2026/lidar_test/rc2026/install/rplidar_ros/lib/python3.10/site-packages'
[15.958s] Level 1:colcon.colcon_core.environment:checking '/home/ljhua/ROBOCON2026/lidar_test/rc2026/install/rplidar_ros/bin'
[15.958s] INFO:colcon.colcon_core.shell:Creating package script '/home/ljhua/ROBOCON2026/lidar_test/rc2026/install/rplidar_ros/share/rplidar_ros/package.ps1'
[15.959s] INFO:colcon.colcon_core.shell:Creating package descriptor '/home/ljhua/ROBOCON2026/lidar_test/rc2026/install/rplidar_ros/share/rplidar_ros/package.dsv'
[15.960s] INFO:colcon.colcon_core.shell:Creating package script '/home/ljhua/ROBOCON2026/lidar_test/rc2026/install/rplidar_ros/share/rplidar_ros/package.sh'
[15.961s] INFO:colcon.colcon_core.shell:Creating package script '/home/ljhua/ROBOCON2026/lidar_test/rc2026/install/rplidar_ros/share/rplidar_ros/package.bash'
[15.961s] INFO:colcon.colcon_core.shell:Creating package script '/home/ljhua/ROBOCON2026/lidar_test/rc2026/install/rplidar_ros/share/rplidar_ros/package.zsh'
[15.962s] Level 1:colcon.colcon_core.environment:create_file_with_runtime_dependencies(/home/ljhua/ROBOCON2026/lidar_test/rc2026/install/rplidar_ros/share/colcon-core/packages/rplidar_ros)
[16.064s] DEBUG:colcon.colcon_core.event_handler.log_command:Invoked command in '/home/ljhua/ROBOCON2026/lidar_test/rc2026/build/linefit_ground_segmentation' returned '0': CMAKE_PREFIX_PATH=/opt/ros/humble /usr/bin/cmake --build /home/ljhua/ROBOCON2026/lidar_test/rc2026/build/linefit_ground_segmentation -- -j20 -l20
[16.066s] DEBUG:colcon.colcon_core.event_handler.log_command:Invoking command in '/home/ljhua/ROBOCON2026/lidar_test/rc2026/build/linefit_ground_segmentation': CMAKE_PREFIX_PATH=/opt/ros/humble /usr/bin/cmake --install /home/ljhua/ROBOCON2026/lidar_test/rc2026/build/linefit_ground_segmentation
[16.284s] Level 1:colcon.colcon_core.environment:create_environment_scripts_only(linefit_ground_segmentation)
[16.285s] Level 1:colcon.colcon_core.environment:checking '/home/ljhua/ROBOCON2026/lidar_test/rc2026/install/linefit_ground_segmentation' for CMake module files
[16.285s] DEBUG:colcon.colcon_core.event_handler.log_command:Invoked command in '/home/ljhua/ROBOCON2026/lidar_test/rc2026/build/linefit_ground_segmentation' returned '0': CMAKE_PREFIX_PATH=/opt/ros/humble /usr/bin/cmake --install /home/ljhua/ROBOCON2026/lidar_test/rc2026/build/linefit_ground_segmentation
[16.286s] Level 1:colcon.colcon_core.environment:checking '/home/ljhua/ROBOCON2026/lidar_test/rc2026/install/linefit_ground_segmentation' for CMake config files
[16.286s] Level 1:colcon.colcon_core.shell:create_environment_hook('linefit_ground_segmentation', 'cmake_prefix_path')
[16.286s] INFO:colcon.colcon_core.shell:Creating environment hook '/home/ljhua/ROBOCON2026/lidar_test/rc2026/install/linefit_ground_segmentation/share/linefit_ground_segmentation/hook/cmake_prefix_path.ps1'
[16.287s] INFO:colcon.colcon_core.shell:Creating environment descriptor '/home/ljhua/ROBOCON2026/lidar_test/rc2026/install/linefit_ground_segmentation/share/linefit_ground_segmentation/hook/cmake_prefix_path.dsv'
[16.287s] INFO:colcon.colcon_core.shell:Creating environment hook '/home/ljhua/ROBOCON2026/lidar_test/rc2026/install/linefit_ground_segmentation/share/linefit_ground_segmentation/hook/cmake_prefix_path.sh'
[16.288s] Level 1:colcon.colcon_core.environment:checking '/home/ljhua/ROBOCON2026/lidar_test/rc2026/install/linefit_ground_segmentation/lib'
[16.288s] Level 1:colcon.colcon_core.shell:create_environment_hook('linefit_ground_segmentation', 'ld_library_path_lib')
[16.289s] INFO:colcon.colcon_core.shell:Creating environment hook '/home/ljhua/ROBOCON2026/lidar_test/rc2026/install/linefit_ground_segmentation/share/linefit_ground_segmentation/hook/ld_library_path_lib.ps1'
[16.289s] INFO:colcon.colcon_core.shell:Creating environment descriptor '/home/ljhua/ROBOCON2026/lidar_test/rc2026/install/linefit_ground_segmentation/share/linefit_ground_segmentation/hook/ld_library_path_lib.dsv'
[16.289s] INFO:colcon.colcon_core.shell:Creating environment hook '/home/ljhua/ROBOCON2026/lidar_test/rc2026/install/linefit_ground_segmentation/share/linefit_ground_segmentation/hook/ld_library_path_lib.sh'
[16.290s] Level 1:colcon.colcon_core.environment:checking '/home/ljhua/ROBOCON2026/lidar_test/rc2026/install/linefit_ground_segmentation/bin'
[16.290s] Level 1:colcon.colcon_core.environment:checking '/home/ljhua/ROBOCON2026/lidar_test/rc2026/install/linefit_ground_segmentation/lib/pkgconfig/linefit_ground_segmentation.pc'
[16.290s] Level 1:colcon.colcon_core.environment:checking '/home/ljhua/ROBOCON2026/lidar_test/rc2026/install/linefit_ground_segmentation/lib/python3.10/site-packages'
[16.290s] Level 1:colcon.colcon_core.environment:checking '/home/ljhua/ROBOCON2026/lidar_test/rc2026/install/linefit_ground_segmentation/bin'
[16.291s] INFO:colcon.colcon_core.shell:Creating package script '/home/ljhua/ROBOCON2026/lidar_test/rc2026/install/linefit_ground_segmentation/share/linefit_ground_segmentation/package.ps1'
[16.292s] INFO:colcon.colcon_core.shell:Creating package descriptor '/home/ljhua/ROBOCON2026/lidar_test/rc2026/install/linefit_ground_segmentation/share/linefit_ground_segmentation/package.dsv'
[16.292s] INFO:colcon.colcon_core.shell:Creating package script '/home/ljhua/ROBOCON2026/lidar_test/rc2026/install/linefit_ground_segmentation/share/linefit_ground_segmentation/package.sh'
[16.293s] INFO:colcon.colcon_core.shell:Creating package script '/home/ljhua/ROBOCON2026/lidar_test/rc2026/install/linefit_ground_segmentation/share/linefit_ground_segmentation/package.bash'
[16.293s] INFO:colcon.colcon_core.shell:Creating package script '/home/ljhua/ROBOCON2026/lidar_test/rc2026/install/linefit_ground_segmentation/share/linefit_ground_segmentation/package.zsh'
[16.294s] Level 1:colcon.colcon_core.environment:create_file_with_runtime_dependencies(/home/ljhua/ROBOCON2026/lidar_test/rc2026/install/linefit_ground_segmentation/share/colcon-core/packages/linefit_ground_segmentation)
[16.294s] Level 1:colcon.colcon_core.environment:create_environment_scripts_only(linefit_ground_segmentation)
[16.295s] Level 1:colcon.colcon_core.environment:checking '/home/ljhua/ROBOCON2026/lidar_test/rc2026/install/linefit_ground_segmentation' for CMake module files
[16.295s] Level 1:colcon.colcon_core.environment:checking '/home/ljhua/ROBOCON2026/lidar_test/rc2026/install/linefit_ground_segmentation' for CMake config files
[16.296s] Level 1:colcon.colcon_core.shell:create_environment_hook('linefit_ground_segmentation', 'cmake_prefix_path')
[16.296s] INFO:colcon.colcon_core.shell:Creating environment hook '/home/ljhua/ROBOCON2026/lidar_test/rc2026/install/linefit_ground_segmentation/share/linefit_ground_segmentation/hook/cmake_prefix_path.ps1'
[16.297s] INFO:colcon.colcon_core.shell:Creating environment descriptor '/home/ljhua/ROBOCON2026/lidar_test/rc2026/install/linefit_ground_segmentation/share/linefit_ground_segmentation/hook/cmake_prefix_path.dsv'
[16.297s] INFO:colcon.colcon_core.shell:Creating environment hook '/home/ljhua/ROBOCON2026/lidar_test/rc2026/install/linefit_ground_segmentation/share/linefit_ground_segmentation/hook/cmake_prefix_path.sh'
[16.298s] Level 1:colcon.colcon_core.environment:checking '/home/ljhua/ROBOCON2026/lidar_test/rc2026/install/linefit_ground_segmentation/lib'
[16.298s] Level 1:colcon.colcon_core.shell:create_environment_hook('linefit_ground_segmentation', 'ld_library_path_lib')
[16.298s] INFO:colcon.colcon_core.shell:Creating environment hook '/home/ljhua/ROBOCON2026/lidar_test/rc2026/install/linefit_ground_segmentation/share/linefit_ground_segmentation/hook/ld_library_path_lib.ps1'
[16.298s] INFO:colcon.colcon_core.shell:Creating environment descriptor '/home/ljhua/ROBOCON2026/lidar_test/rc2026/install/linefit_ground_segmentation/share/linefit_ground_segmentation/hook/ld_library_path_lib.dsv'
[16.298s] INFO:colcon.colcon_core.shell:Creating environment hook '/home/ljhua/ROBOCON2026/lidar_test/rc2026/install/linefit_ground_segmentation/share/linefit_ground_segmentation/hook/ld_library_path_lib.sh'
[16.298s] Level 1:colcon.colcon_core.environment:checking '/home/ljhua/ROBOCON2026/lidar_test/rc2026/install/linefit_ground_segmentation/bin'
[16.298s] Level 1:colcon.colcon_core.environment:checking '/home/ljhua/ROBOCON2026/lidar_test/rc2026/install/linefit_ground_segmentation/lib/pkgconfig/linefit_ground_segmentation.pc'
[16.299s] Level 1:colcon.colcon_core.environment:checking '/home/ljhua/ROBOCON2026/lidar_test/rc2026/install/linefit_ground_segmentation/lib/python3.10/site-packages'
[16.299s] Level 1:colcon.colcon_core.environment:checking '/home/ljhua/ROBOCON2026/lidar_test/rc2026/install/linefit_ground_segmentation/bin'
[16.299s] INFO:colcon.colcon_core.shell:Creating package script '/home/ljhua/ROBOCON2026/lidar_test/rc2026/install/linefit_ground_segmentation/share/linefit_ground_segmentation/package.ps1'
[16.299s] INFO:colcon.colcon_core.shell:Creating package descriptor '/home/ljhua/ROBOCON2026/lidar_test/rc2026/install/linefit_ground_segmentation/share/linefit_ground_segmentation/package.dsv'
[16.300s] INFO:colcon.colcon_core.shell:Creating package script '/home/ljhua/ROBOCON2026/lidar_test/rc2026/install/linefit_ground_segmentation/share/linefit_ground_segmentation/package.sh'
[16.300s] INFO:colcon.colcon_core.shell:Creating package script '/home/ljhua/ROBOCON2026/lidar_test/rc2026/install/linefit_ground_segmentation/share/linefit_ground_segmentation/package.bash'
[16.300s] INFO:colcon.colcon_core.shell:Creating package script '/home/ljhua/ROBOCON2026/lidar_test/rc2026/install/linefit_ground_segmentation/share/linefit_ground_segmentation/package.zsh'
[16.300s] Level 1:colcon.colcon_core.environment:create_file_with_runtime_dependencies(/home/ljhua/ROBOCON2026/lidar_test/rc2026/install/linefit_ground_segmentation/share/colcon-core/packages/linefit_ground_segmentation)
[16.301s] INFO:colcon.colcon_ros.task.ament_cmake.build:Building ROS package in '/home/ljhua/ROBOCON2026/lidar_test/rc2026/src/rm_perception/linefit_ground_segementation_ros2/linefit_ground_segmentation_ros' with build type 'ament_cmake'
[16.301s] INFO:colcon.colcon_cmake.task.cmake.build:Building CMake package in '/home/ljhua/ROBOCON2026/lidar_test/rc2026/src/rm_perception/linefit_ground_segementation_ros2/linefit_ground_segmentation_ros'
[16.301s] INFO:colcon.colcon_core.shell:Skip shell extension 'powershell' for command environment: Not usable outside of PowerShell
[16.301s] DEBUG:colcon.colcon_core.shell:Skip shell extension 'dsv' for command environment
[16.309s] DEBUG:colcon.colcon_core.event_handler.log_command:Invoking command in '/home/ljhua/ROBOCON2026/lidar_test/rc2026/build/linefit_ground_segmentation_ros': AMENT_PREFIX_PATH=/home/ljhua/ROBOCON2026/lidar_test/rc2026/install/linefit_ground_segmentation:${AMENT_PREFIX_PATH} CMAKE_PREFIX_PATH=/home/ljhua/ROBOCON2026/lidar_test/rc2026/install/linefit_ground_segmentation:/opt/ros/humble LD_LIBRARY_PATH=/home/ljhua/ROBOCON2026/lidar_test/rc2026/install/linefit_ground_segmentation/lib:${LD_LIBRARY_PATH} /usr/bin/cmake /home/ljhua/ROBOCON2026/lidar_test/rc2026/src/rm_perception/linefit_ground_segementation_ros2/linefit_ground_segmentation_ros -DAMENT_CMAKE_SYMLINK_INSTALL=1 -DCMAKE_INSTALL_PREFIX=/home/ljhua/ROBOCON2026/lidar_test/rc2026/install/linefit_ground_segmentation_ros
[19.905s] DEBUG:colcon.colcon_core.event_handler.log_command:Invoked command in '/home/ljhua/ROBOCON2026/lidar_test/rc2026/build/linefit_ground_segmentation_ros' returned '0': AMENT_PREFIX_PATH=/home/ljhua/ROBOCON2026/lidar_test/rc2026/install/linefit_ground_segmentation:${AMENT_PREFIX_PATH} CMAKE_PREFIX_PATH=/home/ljhua/ROBOCON2026/lidar_test/rc2026/install/linefit_ground_segmentation:/opt/ros/humble LD_LIBRARY_PATH=/home/ljhua/ROBOCON2026/lidar_test/rc2026/install/linefit_ground_segmentation/lib:${LD_LIBRARY_PATH} /usr/bin/cmake /home/ljhua/ROBOCON2026/lidar_test/rc2026/src/rm_perception/linefit_ground_segementation_ros2/linefit_ground_segmentation_ros -DAMENT_CMAKE_SYMLINK_INSTALL=1 -DCMAKE_INSTALL_PREFIX=/home/ljhua/ROBOCON2026/lidar_test/rc2026/install/linefit_ground_segmentation_ros
[19.907s] DEBUG:colcon.colcon_core.event_handler.log_command:Invoking command in '/home/ljhua/ROBOCON2026/lidar_test/rc2026/build/linefit_ground_segmentation_ros': AMENT_PREFIX_PATH=/home/ljhua/ROBOCON2026/lidar_test/rc2026/install/linefit_ground_segmentation:${AMENT_PREFIX_PATH} CMAKE_PREFIX_PATH=/home/ljhua/ROBOCON2026/lidar_test/rc2026/install/linefit_ground_segmentation:/opt/ros/humble LD_LIBRARY_PATH=/home/ljhua/ROBOCON2026/lidar_test/rc2026/install/linefit_ground_segmentation/lib:${LD_LIBRARY_PATH} /usr/bin/cmake --build /home/ljhua/ROBOCON2026/lidar_test/rc2026/build/linefit_ground_segmentation_ros -- -j20 -l20
[20.414s] DEBUG:colcon.colcon_core.event_handler.log_command:Invoked command in '/home/ljhua/ROBOCON2026/lidar_test/rc2026/build/livox_ros_driver2' returned '0': CMAKE_PREFIX_PATH=/opt/ros/humble /usr/bin/cmake --build /home/ljhua/ROBOCON2026/lidar_test/rc2026/build/livox_ros_driver2 -- -j20 -l20
[20.417s] DEBUG:colcon.colcon_core.event_handler.log_command:Invoking command in '/home/ljhua/ROBOCON2026/lidar_test/rc2026/build/livox_ros_driver2': CMAKE_PREFIX_PATH=/opt/ros/humble /usr/bin/cmake --install /home/ljhua/ROBOCON2026/lidar_test/rc2026/build/livox_ros_driver2
[21.295s] Level 1:colcon.colcon_core.environment:create_environment_scripts_only(livox_ros_driver2)
[21.295s] Level 1:colcon.colcon_core.environment:checking '/home/ljhua/ROBOCON2026/lidar_test/rc2026/install/livox_ros_driver2' for CMake module files
[21.296s] DEBUG:colcon.colcon_core.event_handler.log_command:Invoked command in '/home/ljhua/ROBOCON2026/lidar_test/rc2026/build/livox_ros_driver2' returned '0': CMAKE_PREFIX_PATH=/opt/ros/humble /usr/bin/cmake --install /home/ljhua/ROBOCON2026/lidar_test/rc2026/build/livox_ros_driver2
[21.297s] Level 1:colcon.colcon_core.environment:checking '/home/ljhua/ROBOCON2026/lidar_test/rc2026/install/livox_ros_driver2' for CMake config files
[21.298s] Level 1:colcon.colcon_core.shell:create_environment_hook('livox_ros_driver2', 'cmake_prefix_path')
[21.298s] INFO:colcon.colcon_core.shell:Creating environment hook '/home/ljhua/ROBOCON2026/lidar_test/rc2026/install/livox_ros_driver2/share/livox_ros_driver2/hook/cmake_prefix_path.ps1'
[21.299s] INFO:colcon.colcon_core.shell:Creating environment descriptor '/home/ljhua/ROBOCON2026/lidar_test/rc2026/install/livox_ros_driver2/share/livox_ros_driver2/hook/cmake_prefix_path.dsv'
[21.299s] INFO:colcon.colcon_core.shell:Creating environment hook '/home/ljhua/ROBOCON2026/lidar_test/rc2026/install/livox_ros_driver2/share/livox_ros_driver2/hook/cmake_prefix_path.sh'
[21.300s] Level 1:colcon.colcon_core.environment:checking '/home/ljhua/ROBOCON2026/lidar_test/rc2026/install/livox_ros_driver2/lib'
[21.300s] Level 1:colcon.colcon_core.shell:create_environment_hook('livox_ros_driver2', 'ld_library_path_lib')
[21.300s] INFO:colcon.colcon_core.shell:Creating environment hook '/home/ljhua/ROBOCON2026/lidar_test/rc2026/install/livox_ros_driver2/share/livox_ros_driver2/hook/ld_library_path_lib.ps1'
[21.300s] INFO:colcon.colcon_core.shell:Creating environment descriptor '/home/ljhua/ROBOCON2026/lidar_test/rc2026/install/livox_ros_driver2/share/livox_ros_driver2/hook/ld_library_path_lib.dsv'
[21.301s] INFO:colcon.colcon_core.shell:Creating environment hook '/home/ljhua/ROBOCON2026/lidar_test/rc2026/install/livox_ros_driver2/share/livox_ros_driver2/hook/ld_library_path_lib.sh'
[21.301s] Level 1:colcon.colcon_core.environment:checking '/home/ljhua/ROBOCON2026/lidar_test/rc2026/install/livox_ros_driver2/bin'
[21.301s] Level 1:colcon.colcon_core.environment:checking '/home/ljhua/ROBOCON2026/lidar_test/rc2026/install/livox_ros_driver2/lib/pkgconfig/livox_ros_driver2.pc'
[21.302s] Level 1:colcon.colcon_core.environment:checking '/home/ljhua/ROBOCON2026/lidar_test/rc2026/install/livox_ros_driver2/lib/python3.10/site-packages'
[21.302s] Level 1:colcon.colcon_core.environment:checking '/home/ljhua/ROBOCON2026/lidar_test/rc2026/install/livox_ros_driver2/bin'
[21.302s] INFO:colcon.colcon_core.shell:Creating package script '/home/ljhua/ROBOCON2026/lidar_test/rc2026/install/livox_ros_driver2/share/livox_ros_driver2/package.ps1'
[21.303s] INFO:colcon.colcon_core.shell:Creating package descriptor '/home/ljhua/ROBOCON2026/lidar_test/rc2026/install/livox_ros_driver2/share/livox_ros_driver2/package.dsv'
[21.303s] INFO:colcon.colcon_core.shell:Creating package script '/home/ljhua/ROBOCON2026/lidar_test/rc2026/install/livox_ros_driver2/share/livox_ros_driver2/package.sh'
[21.304s] INFO:colcon.colcon_core.shell:Creating package script '/home/ljhua/ROBOCON2026/lidar_test/rc2026/install/livox_ros_driver2/share/livox_ros_driver2/package.bash'
[21.304s] INFO:colcon.colcon_core.shell:Creating package script '/home/ljhua/ROBOCON2026/lidar_test/rc2026/install/livox_ros_driver2/share/livox_ros_driver2/package.zsh'
[21.304s] Level 1:colcon.colcon_core.environment:create_file_with_runtime_dependencies(/home/ljhua/ROBOCON2026/lidar_test/rc2026/install/livox_ros_driver2/share/colcon-core/packages/livox_ros_driver2)
[21.305s] Level 1:colcon.colcon_core.environment:create_environment_scripts_only(livox_ros_driver2)
[21.305s] Level 1:colcon.colcon_core.environment:checking '/home/ljhua/ROBOCON2026/lidar_test/rc2026/install/livox_ros_driver2' for CMake module files
[21.306s] Level 1:colcon.colcon_core.environment:checking '/home/ljhua/ROBOCON2026/lidar_test/rc2026/install/livox_ros_driver2' for CMake config files
[21.306s] Level 1:colcon.colcon_core.shell:create_environment_hook('livox_ros_driver2', 'cmake_prefix_path')
[21.306s] INFO:colcon.colcon_core.shell:Creating environment hook '/home/ljhua/ROBOCON2026/lidar_test/rc2026/install/livox_ros_driver2/share/livox_ros_driver2/hook/cmake_prefix_path.ps1'
[21.307s] INFO:colcon.colcon_core.shell:Creating environment descriptor '/home/ljhua/ROBOCON2026/lidar_test/rc2026/install/livox_ros_driver2/share/livox_ros_driver2/hook/cmake_prefix_path.dsv'
[21.307s] INFO:colcon.colcon_core.shell:Creating environment hook '/home/ljhua/ROBOCON2026/lidar_test/rc2026/install/livox_ros_driver2/share/livox_ros_driver2/hook/cmake_prefix_path.sh'
[21.307s] Level 1:colcon.colcon_core.environment:checking '/home/ljhua/ROBOCON2026/lidar_test/rc2026/install/livox_ros_driver2/lib'
[21.307s] Level 1:colcon.colcon_core.shell:create_environment_hook('livox_ros_driver2', 'ld_library_path_lib')
[21.308s] INFO:colcon.colcon_core.shell:Creating environment hook '/home/ljhua/ROBOCON2026/lidar_test/rc2026/install/livox_ros_driver2/share/livox_ros_driver2/hook/ld_library_path_lib.ps1'
[21.308s] INFO:colcon.colcon_core.shell:Creating environment descriptor '/home/ljhua/ROBOCON2026/lidar_test/rc2026/install/livox_ros_driver2/share/livox_ros_driver2/hook/ld_library_path_lib.dsv'
[21.308s] INFO:colcon.colcon_core.shell:Creating environment hook '/home/ljhua/ROBOCON2026/lidar_test/rc2026/install/livox_ros_driver2/share/livox_ros_driver2/hook/ld_library_path_lib.sh'
[21.308s] Level 1:colcon.colcon_core.environment:checking '/home/ljhua/ROBOCON2026/lidar_test/rc2026/install/livox_ros_driver2/bin'
[21.308s] Level 1:colcon.colcon_core.environment:checking '/home/ljhua/ROBOCON2026/lidar_test/rc2026/install/livox_ros_driver2/lib/pkgconfig/livox_ros_driver2.pc'
[21.308s] Level 1:colcon.colcon_core.environment:checking '/home/ljhua/ROBOCON2026/lidar_test/rc2026/install/livox_ros_driver2/lib/python3.10/site-packages'
[21.308s] Level 1:colcon.colcon_core.environment:checking '/home/ljhua/ROBOCON2026/lidar_test/rc2026/install/livox_ros_driver2/bin'
[21.309s] INFO:colcon.colcon_core.shell:Creating package script '/home/ljhua/ROBOCON2026/lidar_test/rc2026/install/livox_ros_driver2/share/livox_ros_driver2/package.ps1'
[21.309s] INFO:colcon.colcon_core.shell:Creating package descriptor '/home/ljhua/ROBOCON2026/lidar_test/rc2026/install/livox_ros_driver2/share/livox_ros_driver2/package.dsv'
[21.309s] INFO:colcon.colcon_core.shell:Creating package script '/home/ljhua/ROBOCON2026/lidar_test/rc2026/install/livox_ros_driver2/share/livox_ros_driver2/package.sh'
[21.310s] INFO:colcon.colcon_core.shell:Creating package script '/home/ljhua/ROBOCON2026/lidar_test/rc2026/install/livox_ros_driver2/share/livox_ros_driver2/package.bash'
[21.310s] INFO:colcon.colcon_core.shell:Creating package script '/home/ljhua/ROBOCON2026/lidar_test/rc2026/install/livox_ros_driver2/share/livox_ros_driver2/package.zsh'
[21.310s] Level 1:colcon.colcon_core.environment:create_file_with_runtime_dependencies(/home/ljhua/ROBOCON2026/lidar_test/rc2026/install/livox_ros_driver2/share/colcon-core/packages/livox_ros_driver2)
[21.310s] INFO:colcon.colcon_ros.task.ament_cmake.build:Building ROS package in '/home/ljhua/ROBOCON2026/lidar_test/rc2026/src/rm_localization/fast_lio' with build type 'ament_cmake'
[21.311s] INFO:colcon.colcon_cmake.task.cmake.build:Building CMake package in '/home/ljhua/ROBOCON2026/lidar_test/rc2026/src/rm_localization/fast_lio'
[21.311s] INFO:colcon.colcon_core.shell:Skip shell extension 'powershell' for command environment: Not usable outside of PowerShell
[21.311s] DEBUG:colcon.colcon_core.shell:Skip shell extension 'dsv' for command environment
[21.320s] DEBUG:colcon.colcon_core.event_handler.log_command:Invoking command in '/home/ljhua/ROBOCON2026/lidar_test/rc2026/build/fast_lio': AMENT_PREFIX_PATH=/home/ljhua/ROBOCON2026/lidar_test/rc2026/install/livox_ros_driver2:${AMENT_PREFIX_PATH} CMAKE_PREFIX_PATH=/home/ljhua/ROBOCON2026/lidar_test/rc2026/install/livox_ros_driver2:/opt/ros/humble LD_LIBRARY_PATH=/home/ljhua/ROBOCON2026/lidar_test/rc2026/install/livox_ros_driver2/lib:${LD_LIBRARY_PATH} PYTHONPATH=/home/ljhua/ROBOCON2026/lidar_test/rc2026/install/livox_ros_driver2/local/lib/python3.10/dist-packages:${PYTHONPATH} /usr/bin/cmake /home/ljhua/ROBOCON2026/lidar_test/rc2026/src/rm_localization/fast_lio -DAMENT_CMAKE_SYMLINK_INSTALL=1 -DCMAKE_INSTALL_PREFIX=/home/ljhua/ROBOCON2026/lidar_test/rc2026/install/fast_lio
[25.680s] DEBUG:colcon.colcon_core.event_handler.log_command:Invoked command in '/home/ljhua/ROBOCON2026/lidar_test/rc2026/build/fast_lio' returned '0': AMENT_PREFIX_PATH=/home/ljhua/ROBOCON2026/lidar_test/rc2026/install/livox_ros_driver2:${AMENT_PREFIX_PATH} CMAKE_PREFIX_PATH=/home/ljhua/ROBOCON2026/lidar_test/rc2026/install/livox_ros_driver2:/opt/ros/humble LD_LIBRARY_PATH=/home/ljhua/ROBOCON2026/lidar_test/rc2026/install/livox_ros_driver2/lib:${LD_LIBRARY_PATH} PYTHONPATH=/home/ljhua/ROBOCON2026/lidar_test/rc2026/install/livox_ros_driver2/local/lib/python3.10/dist-packages:${PYTHONPATH} /usr/bin/cmake /home/ljhua/ROBOCON2026/lidar_test/rc2026/src/rm_localization/fast_lio -DAMENT_CMAKE_SYMLINK_INSTALL=1 -DCMAKE_INSTALL_PREFIX=/home/ljhua/ROBOCON2026/lidar_test/rc2026/install/fast_lio
[25.682s] DEBUG:colcon.colcon_core.event_handler.log_command:Invoking command in '/home/ljhua/ROBOCON2026/lidar_test/rc2026/build/fast_lio': AMENT_PREFIX_PATH=/home/ljhua/ROBOCON2026/lidar_test/rc2026/install/livox_ros_driver2:${AMENT_PREFIX_PATH} CMAKE_PREFIX_PATH=/home/ljhua/ROBOCON2026/lidar_test/rc2026/install/livox_ros_driver2:/opt/ros/humble LD_LIBRARY_PATH=/home/ljhua/ROBOCON2026/lidar_test/rc2026/install/livox_ros_driver2/lib:${LD_LIBRARY_PATH} PYTHONPATH=/home/ljhua/ROBOCON2026/lidar_test/rc2026/install/livox_ros_driver2/local/lib/python3.10/dist-packages:${PYTHONPATH} /usr/bin/cmake --build /home/ljhua/ROBOCON2026/lidar_test/rc2026/build/fast_lio -- -j20 -l20
[25.978s] DEBUG:colcon.colcon_core.event_handler.log_command:Invoked command in '/home/ljhua/ROBOCON2026/lidar_test/rc2026/build/imu_complementary_filter' returned '0': CMAKE_PREFIX_PATH=/opt/ros/humble /usr/bin/cmake --build /home/ljhua/ROBOCON2026/lidar_test/rc2026/build/imu_complementary_filter -- -j20 -l20
[25.980s] DEBUG:colcon.colcon_core.event_handler.log_command:Invoking command in '/home/ljhua/ROBOCON2026/lidar_test/rc2026/build/imu_complementary_filter': CMAKE_PREFIX_PATH=/opt/ros/humble /usr/bin/cmake --install /home/ljhua/ROBOCON2026/lidar_test/rc2026/build/imu_complementary_filter
[26.188s] Level 1:colcon.colcon_core.environment:create_environment_scripts_only(imu_complementary_filter)
[26.189s] Level 1:colcon.colcon_core.environment:checking '/home/ljhua/ROBOCON2026/lidar_test/rc2026/install/imu_complementary_filter' for CMake module files
[26.189s] DEBUG:colcon.colcon_core.event_handler.log_command:Invoked command in '/home/ljhua/ROBOCON2026/lidar_test/rc2026/build/imu_complementary_filter' returned '0': CMAKE_PREFIX_PATH=/opt/ros/humble /usr/bin/cmake --install /home/ljhua/ROBOCON2026/lidar_test/rc2026/build/imu_complementary_filter
[26.190s] Level 1:colcon.colcon_core.environment:checking '/home/ljhua/ROBOCON2026/lidar_test/rc2026/install/imu_complementary_filter' for CMake config files
[26.190s] Level 1:colcon.colcon_core.shell:create_environment_hook('imu_complementary_filter', 'cmake_prefix_path')
[26.190s] INFO:colcon.colcon_core.shell:Creating environment hook '/home/ljhua/ROBOCON2026/lidar_test/rc2026/install/imu_complementary_filter/share/imu_complementary_filter/hook/cmake_prefix_path.ps1'
[26.191s] INFO:colcon.colcon_core.shell:Creating environment descriptor '/home/ljhua/ROBOCON2026/lidar_test/rc2026/install/imu_complementary_filter/share/imu_complementary_filter/hook/cmake_prefix_path.dsv'
[26.191s] INFO:colcon.colcon_core.shell:Creating environment hook '/home/ljhua/ROBOCON2026/lidar_test/rc2026/install/imu_complementary_filter/share/imu_complementary_filter/hook/cmake_prefix_path.sh'
[26.192s] Level 1:colcon.colcon_core.environment:checking '/home/ljhua/ROBOCON2026/lidar_test/rc2026/install/imu_complementary_filter/lib'
[26.192s] Level 1:colcon.colcon_core.shell:create_environment_hook('imu_complementary_filter', 'ld_library_path_lib')
[26.192s] INFO:colcon.colcon_core.shell:Creating environment hook '/home/ljhua/ROBOCON2026/lidar_test/rc2026/install/imu_complementary_filter/share/imu_complementary_filter/hook/ld_library_path_lib.ps1'
[26.193s] INFO:colcon.colcon_core.shell:Creating environment descriptor '/home/ljhua/ROBOCON2026/lidar_test/rc2026/install/imu_complementary_filter/share/imu_complementary_filter/hook/ld_library_path_lib.dsv'
[26.193s] INFO:colcon.colcon_core.shell:Creating environment hook '/home/ljhua/ROBOCON2026/lidar_test/rc2026/install/imu_complementary_filter/share/imu_complementary_filter/hook/ld_library_path_lib.sh'
[26.194s] Level 1:colcon.colcon_core.environment:checking '/home/ljhua/ROBOCON2026/lidar_test/rc2026/install/imu_complementary_filter/bin'
[26.194s] Level 1:colcon.colcon_core.environment:checking '/home/ljhua/ROBOCON2026/lidar_test/rc2026/install/imu_complementary_filter/lib/pkgconfig/imu_complementary_filter.pc'
[26.194s] Level 1:colcon.colcon_core.environment:checking '/home/ljhua/ROBOCON2026/lidar_test/rc2026/install/imu_complementary_filter/lib/python3.10/site-packages'
[26.194s] Level 1:colcon.colcon_core.environment:checking '/home/ljhua/ROBOCON2026/lidar_test/rc2026/install/imu_complementary_filter/bin'
[26.195s] INFO:colcon.colcon_core.shell:Creating package script '/home/ljhua/ROBOCON2026/lidar_test/rc2026/install/imu_complementary_filter/share/imu_complementary_filter/package.ps1'
[26.195s] INFO:colcon.colcon_core.shell:Creating package descriptor '/home/ljhua/ROBOCON2026/lidar_test/rc2026/install/imu_complementary_filter/share/imu_complementary_filter/package.dsv'
[26.196s] INFO:colcon.colcon_core.shell:Creating package script '/home/ljhua/ROBOCON2026/lidar_test/rc2026/install/imu_complementary_filter/share/imu_complementary_filter/package.sh'
[26.196s] INFO:colcon.colcon_core.shell:Creating package script '/home/ljhua/ROBOCON2026/lidar_test/rc2026/install/imu_complementary_filter/share/imu_complementary_filter/package.bash'
[26.196s] INFO:colcon.colcon_core.shell:Creating package script '/home/ljhua/ROBOCON2026/lidar_test/rc2026/install/imu_complementary_filter/share/imu_complementary_filter/package.zsh'
[26.197s] Level 1:colcon.colcon_core.environment:create_file_with_runtime_dependencies(/home/ljhua/ROBOCON2026/lidar_test/rc2026/install/imu_complementary_filter/share/colcon-core/packages/imu_complementary_filter)
[26.198s] Level 1:colcon.colcon_core.environment:create_environment_scripts_only(imu_complementary_filter)
[26.198s] Level 1:colcon.colcon_core.environment:checking '/home/ljhua/ROBOCON2026/lidar_test/rc2026/install/imu_complementary_filter' for CMake module files
[26.198s] Level 1:colcon.colcon_core.environment:checking '/home/ljhua/ROBOCON2026/lidar_test/rc2026/install/imu_complementary_filter' for CMake config files
[26.199s] Level 1:colcon.colcon_core.shell:create_environment_hook('imu_complementary_filter', 'cmake_prefix_path')
[26.199s] INFO:colcon.colcon_core.shell:Creating environment hook '/home/ljhua/ROBOCON2026/lidar_test/rc2026/install/imu_complementary_filter/share/imu_complementary_filter/hook/cmake_prefix_path.ps1'
[26.200s] INFO:colcon.colcon_core.shell:Creating environment descriptor '/home/ljhua/ROBOCON2026/lidar_test/rc2026/install/imu_complementary_filter/share/imu_complementary_filter/hook/cmake_prefix_path.dsv'
[26.200s] INFO:colcon.colcon_core.shell:Creating environment hook '/home/ljhua/ROBOCON2026/lidar_test/rc2026/install/imu_complementary_filter/share/imu_complementary_filter/hook/cmake_prefix_path.sh'
[26.201s] Level 1:colcon.colcon_core.environment:checking '/home/ljhua/ROBOCON2026/lidar_test/rc2026/install/imu_complementary_filter/lib'
[26.201s] Level 1:colcon.colcon_core.shell:create_environment_hook('imu_complementary_filter', 'ld_library_path_lib')
[26.201s] INFO:colcon.colcon_core.shell:Creating environment hook '/home/ljhua/ROBOCON2026/lidar_test/rc2026/install/imu_complementary_filter/share/imu_complementary_filter/hook/ld_library_path_lib.ps1'
[26.202s] INFO:colcon.colcon_core.shell:Creating environment descriptor '/home/ljhua/ROBOCON2026/lidar_test/rc2026/install/imu_complementary_filter/share/imu_complementary_filter/hook/ld_library_path_lib.dsv'
[26.202s] INFO:colcon.colcon_core.shell:Creating environment hook '/home/ljhua/ROBOCON2026/lidar_test/rc2026/install/imu_complementary_filter/share/imu_complementary_filter/hook/ld_library_path_lib.sh'
[26.202s] Level 1:colcon.colcon_core.environment:checking '/home/ljhua/ROBOCON2026/lidar_test/rc2026/install/imu_complementary_filter/bin'
[26.202s] Level 1:colcon.colcon_core.environment:checking '/home/ljhua/ROBOCON2026/lidar_test/rc2026/install/imu_complementary_filter/lib/pkgconfig/imu_complementary_filter.pc'
[26.203s] Level 1:colcon.colcon_core.environment:checking '/home/ljhua/ROBOCON2026/lidar_test/rc2026/install/imu_complementary_filter/lib/python3.10/site-packages'
[26.203s] Level 1:colcon.colcon_core.environment:checking '/home/ljhua/ROBOCON2026/lidar_test/rc2026/install/imu_complementary_filter/bin'
[26.203s] INFO:colcon.colcon_core.shell:Creating package script '/home/ljhua/ROBOCON2026/lidar_test/rc2026/install/imu_complementary_filter/share/imu_complementary_filter/package.ps1'
[26.204s] INFO:colcon.colcon_core.shell:Creating package descriptor '/home/ljhua/ROBOCON2026/lidar_test/rc2026/install/imu_complementary_filter/share/imu_complementary_filter/package.dsv'
[26.205s] INFO:colcon.colcon_core.shell:Creating package script '/home/ljhua/ROBOCON2026/lidar_test/rc2026/install/imu_complementary_filter/share/imu_complementary_filter/package.sh'
[26.205s] INFO:colcon.colcon_core.shell:Creating package script '/home/ljhua/ROBOCON2026/lidar_test/rc2026/install/imu_complementary_filter/share/imu_complementary_filter/package.bash'
[26.205s] INFO:colcon.colcon_core.shell:Creating package script '/home/ljhua/ROBOCON2026/lidar_test/rc2026/install/imu_complementary_filter/share/imu_complementary_filter/package.zsh'
[26.206s] Level 1:colcon.colcon_core.environment:create_file_with_runtime_dependencies(/home/ljhua/ROBOCON2026/lidar_test/rc2026/install/imu_complementary_filter/share/colcon-core/packages/imu_complementary_filter)
[28.626s] DEBUG:colcon.colcon_core.event_handler.log_command:Invoked command in '/home/ljhua/ROBOCON2026/lidar_test/rc2026/build/icp_localization_ros2' returned '0': CMAKE_PREFIX_PATH=/opt/ros/humble /usr/bin/cmake --build /home/ljhua/ROBOCON2026/lidar_test/rc2026/build/icp_localization_ros2 -- -j20 -l20
[28.629s] DEBUG:colcon.colcon_core.event_handler.log_command:Invoking command in '/home/ljhua/ROBOCON2026/lidar_test/rc2026/build/icp_localization_ros2': CMAKE_PREFIX_PATH=/opt/ros/humble /usr/bin/cmake --install /home/ljhua/ROBOCON2026/lidar_test/rc2026/build/icp_localization_ros2
[29.028s] Level 1:colcon.colcon_core.environment:create_environment_scripts_only(icp_localization_ros2)
[29.028s] Level 1:colcon.colcon_core.environment:checking '/home/ljhua/ROBOCON2026/lidar_test/rc2026/install/icp_localization_ros2' for CMake module files
[29.029s] DEBUG:colcon.colcon_core.event_handler.log_command:Invoked command in '/home/ljhua/ROBOCON2026/lidar_test/rc2026/build/icp_localization_ros2' returned '0': CMAKE_PREFIX_PATH=/opt/ros/humble /usr/bin/cmake --install /home/ljhua/ROBOCON2026/lidar_test/rc2026/build/icp_localization_ros2
[29.030s] Level 1:colcon.colcon_core.environment:checking '/home/ljhua/ROBOCON2026/lidar_test/rc2026/install/icp_localization_ros2' for CMake config files
[29.030s] Level 1:colcon.colcon_core.shell:create_environment_hook('icp_localization_ros2', 'cmake_prefix_path')
[29.030s] INFO:colcon.colcon_core.shell:Creating environment hook '/home/ljhua/ROBOCON2026/lidar_test/rc2026/install/icp_localization_ros2/share/icp_localization_ros2/hook/cmake_prefix_path.ps1'
[29.031s] INFO:colcon.colcon_core.shell:Creating environment descriptor '/home/ljhua/ROBOCON2026/lidar_test/rc2026/install/icp_localization_ros2/share/icp_localization_ros2/hook/cmake_prefix_path.dsv'
[29.031s] INFO:colcon.colcon_core.shell:Creating environment hook '/home/ljhua/ROBOCON2026/lidar_test/rc2026/install/icp_localization_ros2/share/icp_localization_ros2/hook/cmake_prefix_path.sh'
[29.032s] Level 1:colcon.colcon_core.environment:checking '/home/ljhua/ROBOCON2026/lidar_test/rc2026/install/icp_localization_ros2/lib'
[29.032s] Level 1:colcon.colcon_core.environment:checking '/home/ljhua/ROBOCON2026/lidar_test/rc2026/install/icp_localization_ros2/bin'
[29.032s] Level 1:colcon.colcon_core.environment:checking '/home/ljhua/ROBOCON2026/lidar_test/rc2026/install/icp_localization_ros2/lib/pkgconfig/icp_localization_ros2.pc'
[29.033s] Level 1:colcon.colcon_core.environment:checking '/home/ljhua/ROBOCON2026/lidar_test/rc2026/install/icp_localization_ros2/lib/python3.10/site-packages'
[29.033s] Level 1:colcon.colcon_core.environment:checking '/home/ljhua/ROBOCON2026/lidar_test/rc2026/install/icp_localization_ros2/bin'
[29.033s] INFO:colcon.colcon_core.shell:Creating package script '/home/ljhua/ROBOCON2026/lidar_test/rc2026/install/icp_localization_ros2/share/icp_localization_ros2/package.ps1'
[29.034s] INFO:colcon.colcon_core.shell:Creating package descriptor '/home/ljhua/ROBOCON2026/lidar_test/rc2026/install/icp_localization_ros2/share/icp_localization_ros2/package.dsv'
[29.034s] INFO:colcon.colcon_core.shell:Creating package script '/home/ljhua/ROBOCON2026/lidar_test/rc2026/install/icp_localization_ros2/share/icp_localization_ros2/package.sh'
[29.035s] INFO:colcon.colcon_core.shell:Creating package script '/home/ljhua/ROBOCON2026/lidar_test/rc2026/install/icp_localization_ros2/share/icp_localization_ros2/package.bash'
[29.035s] INFO:colcon.colcon_core.shell:Creating package script '/home/ljhua/ROBOCON2026/lidar_test/rc2026/install/icp_localization_ros2/share/icp_localization_ros2/package.zsh'
[29.035s] Level 1:colcon.colcon_core.environment:create_file_with_runtime_dependencies(/home/ljhua/ROBOCON2026/lidar_test/rc2026/install/icp_localization_ros2/share/colcon-core/packages/icp_localization_ros2)
[29.036s] Level 1:colcon.colcon_core.environment:create_environment_scripts_only(icp_localization_ros2)
[29.036s] Level 1:colcon.colcon_core.environment:checking '/home/ljhua/ROBOCON2026/lidar_test/rc2026/install/icp_localization_ros2' for CMake module files
[29.037s] Level 1:colcon.colcon_core.environment:checking '/home/ljhua/ROBOCON2026/lidar_test/rc2026/install/icp_localization_ros2' for CMake config files
[29.037s] Level 1:colcon.colcon_core.shell:create_environment_hook('icp_localization_ros2', 'cmake_prefix_path')
[29.038s] INFO:colcon.colcon_core.shell:Creating environment hook '/home/ljhua/ROBOCON2026/lidar_test/rc2026/install/icp_localization_ros2/share/icp_localization_ros2/hook/cmake_prefix_path.ps1'
[29.038s] INFO:colcon.colcon_core.shell:Creating environment descriptor '/home/ljhua/ROBOCON2026/lidar_test/rc2026/install/icp_localization_ros2/share/icp_localization_ros2/hook/cmake_prefix_path.dsv'
[29.039s] INFO:colcon.colcon_core.shell:Creating environment hook '/home/ljhua/ROBOCON2026/lidar_test/rc2026/install/icp_localization_ros2/share/icp_localization_ros2/hook/cmake_prefix_path.sh'
[29.039s] Level 1:colcon.colcon_core.environment:checking '/home/ljhua/ROBOCON2026/lidar_test/rc2026/install/icp_localization_ros2/lib'
[29.039s] Level 1:colcon.colcon_core.environment:checking '/home/ljhua/ROBOCON2026/lidar_test/rc2026/install/icp_localization_ros2/bin'
[29.039s] Level 1:colcon.colcon_core.environment:checking '/home/ljhua/ROBOCON2026/lidar_test/rc2026/install/icp_localization_ros2/lib/pkgconfig/icp_localization_ros2.pc'
[29.040s] Level 1:colcon.colcon_core.environment:checking '/home/ljhua/ROBOCON2026/lidar_test/rc2026/install/icp_localization_ros2/lib/python3.10/site-packages'
[29.040s] Level 1:colcon.colcon_core.environment:checking '/home/ljhua/ROBOCON2026/lidar_test/rc2026/install/icp_localization_ros2/bin'
[29.040s] INFO:colcon.colcon_core.shell:Creating package script '/home/ljhua/ROBOCON2026/lidar_test/rc2026/install/icp_localization_ros2/share/icp_localization_ros2/package.ps1'
[29.041s] INFO:colcon.colcon_core.shell:Creating package descriptor '/home/ljhua/ROBOCON2026/lidar_test/rc2026/install/icp_localization_ros2/share/icp_localization_ros2/package.dsv'
[29.041s] INFO:colcon.colcon_core.shell:Creating package script '/home/ljhua/ROBOCON2026/lidar_test/rc2026/install/icp_localization_ros2/share/icp_localization_ros2/package.sh'
[29.042s] INFO:colcon.colcon_core.shell:Creating package script '/home/ljhua/ROBOCON2026/lidar_test/rc2026/install/icp_localization_ros2/share/icp_localization_ros2/package.bash'
[29.042s] INFO:colcon.colcon_core.shell:Creating package script '/home/ljhua/ROBOCON2026/lidar_test/rc2026/install/icp_localization_ros2/share/icp_localization_ros2/package.zsh'
[29.043s] Level 1:colcon.colcon_core.environment:create_file_with_runtime_dependencies(/home/ljhua/ROBOCON2026/lidar_test/rc2026/install/icp_localization_ros2/share/colcon-core/packages/icp_localization_ros2)
[33.404s] DEBUG:colcon.colcon_core.event_handler.log_command:Invoked command in '/home/ljhua/ROBOCON2026/lidar_test/rc2026/build/linefit_ground_segmentation_ros' returned '0': AMENT_PREFIX_PATH=/home/ljhua/ROBOCON2026/lidar_test/rc2026/install/linefit_ground_segmentation:${AMENT_PREFIX_PATH} CMAKE_PREFIX_PATH=/home/ljhua/ROBOCON2026/lidar_test/rc2026/install/linefit_ground_segmentation:/opt/ros/humble LD_LIBRARY_PATH=/home/ljhua/ROBOCON2026/lidar_test/rc2026/install/linefit_ground_segmentation/lib:${LD_LIBRARY_PATH} /usr/bin/cmake --build /home/ljhua/ROBOCON2026/lidar_test/rc2026/build/linefit_ground_segmentation_ros -- -j20 -l20
[33.406s] DEBUG:colcon.colcon_core.event_handler.log_command:Invoking command in '/home/ljhua/ROBOCON2026/lidar_test/rc2026/build/linefit_ground_segmentation_ros': AMENT_PREFIX_PATH=/home/ljhua/ROBOCON2026/lidar_test/rc2026/install/linefit_ground_segmentation:${AMENT_PREFIX_PATH} CMAKE_PREFIX_PATH=/home/ljhua/ROBOCON2026/lidar_test/rc2026/install/linefit_ground_segmentation:/opt/ros/humble LD_LIBRARY_PATH=/home/ljhua/ROBOCON2026/lidar_test/rc2026/install/linefit_ground_segmentation/lib:${LD_LIBRARY_PATH} /usr/bin/cmake --install /home/ljhua/ROBOCON2026/lidar_test/rc2026/build/linefit_ground_segmentation_ros
[33.558s] Level 1:colcon.colcon_core.environment:create_environment_scripts_only(linefit_ground_segmentation_ros)
[33.558s] Level 1:colcon.colcon_core.environment:checking '/home/ljhua/ROBOCON2026/lidar_test/rc2026/install/linefit_ground_segmentation_ros' for CMake module files
[33.558s] DEBUG:colcon.colcon_core.event_handler.log_command:Invoked command in '/home/ljhua/ROBOCON2026/lidar_test/rc2026/build/linefit_ground_segmentation_ros' returned '0': AMENT_PREFIX_PATH=/home/ljhua/ROBOCON2026/lidar_test/rc2026/install/linefit_ground_segmentation:${AMENT_PREFIX_PATH} CMAKE_PREFIX_PATH=/home/ljhua/ROBOCON2026/lidar_test/rc2026/install/linefit_ground_segmentation:/opt/ros/humble LD_LIBRARY_PATH=/home/ljhua/ROBOCON2026/lidar_test/rc2026/install/linefit_ground_segmentation/lib:${LD_LIBRARY_PATH} /usr/bin/cmake --install /home/ljhua/ROBOCON2026/lidar_test/rc2026/build/linefit_ground_segmentation_ros
[33.559s] Level 1:colcon.colcon_core.environment:checking '/home/ljhua/ROBOCON2026/lidar_test/rc2026/install/linefit_ground_segmentation_ros' for CMake config files
[33.559s] Level 1:colcon.colcon_core.shell:create_environment_hook('linefit_ground_segmentation_ros', 'cmake_prefix_path')
[33.559s] INFO:colcon.colcon_core.shell:Creating environment hook '/home/ljhua/ROBOCON2026/lidar_test/rc2026/install/linefit_ground_segmentation_ros/share/linefit_ground_segmentation_ros/hook/cmake_prefix_path.ps1'
[33.560s] INFO:colcon.colcon_core.shell:Creating environment descriptor '/home/ljhua/ROBOCON2026/lidar_test/rc2026/install/linefit_ground_segmentation_ros/share/linefit_ground_segmentation_ros/hook/cmake_prefix_path.dsv'
[33.560s] INFO:colcon.colcon_core.shell:Creating environment hook '/home/ljhua/ROBOCON2026/lidar_test/rc2026/install/linefit_ground_segmentation_ros/share/linefit_ground_segmentation_ros/hook/cmake_prefix_path.sh'
[33.560s] Level 1:colcon.colcon_core.environment:checking '/home/ljhua/ROBOCON2026/lidar_test/rc2026/install/linefit_ground_segmentation_ros/lib'
[33.560s] Level 1:colcon.colcon_core.environment:checking '/home/ljhua/ROBOCON2026/lidar_test/rc2026/install/linefit_ground_segmentation_ros/bin'
[33.560s] Level 1:colcon.colcon_core.environment:checking '/home/ljhua/ROBOCON2026/lidar_test/rc2026/install/linefit_ground_segmentation_ros/lib/pkgconfig/linefit_ground_segmentation_ros.pc'
[33.560s] Level 1:colcon.colcon_core.environment:checking '/home/ljhua/ROBOCON2026/lidar_test/rc2026/install/linefit_ground_segmentation_ros/lib/python3.10/site-packages'
[33.561s] Level 1:colcon.colcon_core.environment:checking '/home/ljhua/ROBOCON2026/lidar_test/rc2026/install/linefit_ground_segmentation_ros/bin'
[33.561s] INFO:colcon.colcon_core.shell:Creating package script '/home/ljhua/ROBOCON2026/lidar_test/rc2026/install/linefit_ground_segmentation_ros/share/linefit_ground_segmentation_ros/package.ps1'
[33.561s] INFO:colcon.colcon_core.shell:Creating package descriptor '/home/ljhua/ROBOCON2026/lidar_test/rc2026/install/linefit_ground_segmentation_ros/share/linefit_ground_segmentation_ros/package.dsv'
[33.561s] INFO:colcon.colcon_core.shell:Creating package script '/home/ljhua/ROBOCON2026/lidar_test/rc2026/install/linefit_ground_segmentation_ros/share/linefit_ground_segmentation_ros/package.sh'
[33.562s] INFO:colcon.colcon_core.shell:Creating package script '/home/ljhua/ROBOCON2026/lidar_test/rc2026/install/linefit_ground_segmentation_ros/share/linefit_ground_segmentation_ros/package.bash'
[33.562s] INFO:colcon.colcon_core.shell:Creating package script '/home/ljhua/ROBOCON2026/lidar_test/rc2026/install/linefit_ground_segmentation_ros/share/linefit_ground_segmentation_ros/package.zsh'
[33.562s] Level 1:colcon.colcon_core.environment:create_file_with_runtime_dependencies(/home/ljhua/ROBOCON2026/lidar_test/rc2026/install/linefit_ground_segmentation_ros/share/colcon-core/packages/linefit_ground_segmentation_ros)
[33.562s] Level 1:colcon.colcon_core.environment:create_environment_scripts_only(linefit_ground_segmentation_ros)
[33.562s] Level 1:colcon.colcon_core.environment:checking '/home/ljhua/ROBOCON2026/lidar_test/rc2026/install/linefit_ground_segmentation_ros' for CMake module files
[33.563s] Level 1:colcon.colcon_core.environment:checking '/home/ljhua/ROBOCON2026/lidar_test/rc2026/install/linefit_ground_segmentation_ros' for CMake config files
[33.563s] Level 1:colcon.colcon_core.shell:create_environment_hook('linefit_ground_segmentation_ros', 'cmake_prefix_path')
[33.563s] INFO:colcon.colcon_core.shell:Creating environment hook '/home/ljhua/ROBOCON2026/lidar_test/rc2026/install/linefit_ground_segmentation_ros/share/linefit_ground_segmentation_ros/hook/cmake_prefix_path.ps1'
[33.563s] INFO:colcon.colcon_core.shell:Creating environment descriptor '/home/ljhua/ROBOCON2026/lidar_test/rc2026/install/linefit_ground_segmentation_ros/share/linefit_ground_segmentation_ros/hook/cmake_prefix_path.dsv'
[33.563s] INFO:colcon.colcon_core.shell:Creating environment hook '/home/ljhua/ROBOCON2026/lidar_test/rc2026/install/linefit_ground_segmentation_ros/share/linefit_ground_segmentation_ros/hook/cmake_prefix_path.sh'
[33.564s] Level 1:colcon.colcon_core.environment:checking '/home/ljhua/ROBOCON2026/lidar_test/rc2026/install/linefit_ground_segmentation_ros/lib'
[33.564s] Level 1:colcon.colcon_core.environment:checking '/home/ljhua/ROBOCON2026/lidar_test/rc2026/install/linefit_ground_segmentation_ros/bin'
[33.564s] Level 1:colcon.colcon_core.environment:checking '/home/ljhua/ROBOCON2026/lidar_test/rc2026/install/linefit_ground_segmentation_ros/lib/pkgconfig/linefit_ground_segmentation_ros.pc'
[33.564s] Level 1:colcon.colcon_core.environment:checking '/home/ljhua/ROBOCON2026/lidar_test/rc2026/install/linefit_ground_segmentation_ros/lib/python3.10/site-packages'
[33.564s] Level 1:colcon.colcon_core.environment:checking '/home/ljhua/ROBOCON2026/lidar_test/rc2026/install/linefit_ground_segmentation_ros/bin'
[33.564s] INFO:colcon.colcon_core.shell:Creating package script '/home/ljhua/ROBOCON2026/lidar_test/rc2026/install/linefit_ground_segmentation_ros/share/linefit_ground_segmentation_ros/package.ps1'
[33.565s] INFO:colcon.colcon_core.shell:Creating package descriptor '/home/ljhua/ROBOCON2026/lidar_test/rc2026/install/linefit_ground_segmentation_ros/share/linefit_ground_segmentation_ros/package.dsv'
[33.565s] INFO:colcon.colcon_core.shell:Creating package script '/home/ljhua/ROBOCON2026/lidar_test/rc2026/install/linefit_ground_segmentation_ros/share/linefit_ground_segmentation_ros/package.sh'
[33.565s] INFO:colcon.colcon_core.shell:Creating package script '/home/ljhua/ROBOCON2026/lidar_test/rc2026/install/linefit_ground_segmentation_ros/share/linefit_ground_segmentation_ros/package.bash'
[33.565s] INFO:colcon.colcon_core.shell:Creating package script '/home/ljhua/ROBOCON2026/lidar_test/rc2026/install/linefit_ground_segmentation_ros/share/linefit_ground_segmentation_ros/package.zsh'
[33.565s] Level 1:colcon.colcon_core.environment:create_file_with_runtime_dependencies(/home/ljhua/ROBOCON2026/lidar_test/rc2026/install/linefit_ground_segmentation_ros/share/colcon-core/packages/linefit_ground_segmentation_ros)
[33.882s] DEBUG:colcon.colcon_core.event_handler.log_command:Invoked command in '/home/ljhua/ROBOCON2026/lidar_test/rc2026/build/pointcloud_to_laserscan' returned '0': CMAKE_PREFIX_PATH=/opt/ros/humble /usr/bin/cmake --build /home/ljhua/ROBOCON2026/lidar_test/rc2026/build/pointcloud_to_laserscan -- -j20 -l20
[33.883s] DEBUG:colcon.colcon_core.event_handler.log_command:Invoking command in '/home/ljhua/ROBOCON2026/lidar_test/rc2026/build/pointcloud_to_laserscan': CMAKE_PREFIX_PATH=/opt/ros/humble /usr/bin/cmake --install /home/ljhua/ROBOCON2026/lidar_test/rc2026/build/pointcloud_to_laserscan
[34.097s] Level 1:colcon.colcon_core.environment:create_environment_scripts_only(pointcloud_to_laserscan)
[34.097s] DEBUG:colcon.colcon_core.event_handler.log_command:Invoked command in '/home/ljhua/ROBOCON2026/lidar_test/rc2026/build/pointcloud_to_laserscan' returned '0': CMAKE_PREFIX_PATH=/opt/ros/humble /usr/bin/cmake --install /home/ljhua/ROBOCON2026/lidar_test/rc2026/build/pointcloud_to_laserscan
[34.098s] Level 1:colcon.colcon_core.environment:checking '/home/ljhua/ROBOCON2026/lidar_test/rc2026/install/pointcloud_to_laserscan' for CMake module files
[34.099s] Level 1:colcon.colcon_core.environment:checking '/home/ljhua/ROBOCON2026/lidar_test/rc2026/install/pointcloud_to_laserscan' for CMake config files
[34.099s] Level 1:colcon.colcon_core.shell:create_environment_hook('pointcloud_to_laserscan', 'cmake_prefix_path')
[34.100s] INFO:colcon.colcon_core.shell:Creating environment hook '/home/ljhua/ROBOCON2026/lidar_test/rc2026/install/pointcloud_to_laserscan/share/pointcloud_to_laserscan/hook/cmake_prefix_path.ps1'
[34.100s] INFO:colcon.colcon_core.shell:Creating environment descriptor '/home/ljhua/ROBOCON2026/lidar_test/rc2026/install/pointcloud_to_laserscan/share/pointcloud_to_laserscan/hook/cmake_prefix_path.dsv'
[34.101s] INFO:colcon.colcon_core.shell:Creating environment hook '/home/ljhua/ROBOCON2026/lidar_test/rc2026/install/pointcloud_to_laserscan/share/pointcloud_to_laserscan/hook/cmake_prefix_path.sh'
[34.102s] Level 1:colcon.colcon_core.environment:checking '/home/ljhua/ROBOCON2026/lidar_test/rc2026/install/pointcloud_to_laserscan/lib'
[34.102s] Level 1:colcon.colcon_core.shell:create_environment_hook('pointcloud_to_laserscan', 'ld_library_path_lib')
[34.102s] INFO:colcon.colcon_core.shell:Creating environment hook '/home/ljhua/ROBOCON2026/lidar_test/rc2026/install/pointcloud_to_laserscan/share/pointcloud_to_laserscan/hook/ld_library_path_lib.ps1'
[34.102s] INFO:colcon.colcon_core.shell:Creating environment descriptor '/home/ljhua/ROBOCON2026/lidar_test/rc2026/install/pointcloud_to_laserscan/share/pointcloud_to_laserscan/hook/ld_library_path_lib.dsv'
[34.103s] INFO:colcon.colcon_core.shell:Creating environment hook '/home/ljhua/ROBOCON2026/lidar_test/rc2026/install/pointcloud_to_laserscan/share/pointcloud_to_laserscan/hook/ld_library_path_lib.sh'
[34.103s] Level 1:colcon.colcon_core.environment:checking '/home/ljhua/ROBOCON2026/lidar_test/rc2026/install/pointcloud_to_laserscan/bin'
[34.103s] Level 1:colcon.colcon_core.environment:checking '/home/ljhua/ROBOCON2026/lidar_test/rc2026/install/pointcloud_to_laserscan/lib/pkgconfig/pointcloud_to_laserscan.pc'
[34.103s] Level 1:colcon.colcon_core.environment:checking '/home/ljhua/ROBOCON2026/lidar_test/rc2026/install/pointcloud_to_laserscan/lib/python3.10/site-packages'
[34.104s] Level 1:colcon.colcon_core.environment:checking '/home/ljhua/ROBOCON2026/lidar_test/rc2026/install/pointcloud_to_laserscan/bin'
[34.104s] INFO:colcon.colcon_core.shell:Creating package script '/home/ljhua/ROBOCON2026/lidar_test/rc2026/install/pointcloud_to_laserscan/share/pointcloud_to_laserscan/package.ps1'
[34.105s] INFO:colcon.colcon_core.shell:Creating package descriptor '/home/ljhua/ROBOCON2026/lidar_test/rc2026/install/pointcloud_to_laserscan/share/pointcloud_to_laserscan/package.dsv'
[34.105s] INFO:colcon.colcon_core.shell:Creating package script '/home/ljhua/ROBOCON2026/lidar_test/rc2026/install/pointcloud_to_laserscan/share/pointcloud_to_laserscan/package.sh'
[34.105s] INFO:colcon.colcon_core.shell:Creating package script '/home/ljhua/ROBOCON2026/lidar_test/rc2026/install/pointcloud_to_laserscan/share/pointcloud_to_laserscan/package.bash'
[34.106s] INFO:colcon.colcon_core.shell:Creating package script '/home/ljhua/ROBOCON2026/lidar_test/rc2026/install/pointcloud_to_laserscan/share/pointcloud_to_laserscan/package.zsh'
[34.106s] Level 1:colcon.colcon_core.environment:create_file_with_runtime_dependencies(/home/ljhua/ROBOCON2026/lidar_test/rc2026/install/pointcloud_to_laserscan/share/colcon-core/packages/pointcloud_to_laserscan)
[34.106s] Level 1:colcon.colcon_core.environment:create_environment_scripts_only(pointcloud_to_laserscan)
[34.106s] Level 1:colcon.colcon_core.environment:checking '/home/ljhua/ROBOCON2026/lidar_test/rc2026/install/pointcloud_to_laserscan' for CMake module files
[34.107s] Level 1:colcon.colcon_core.environment:checking '/home/ljhua/ROBOCON2026/lidar_test/rc2026/install/pointcloud_to_laserscan' for CMake config files
[34.107s] Level 1:colcon.colcon_core.shell:create_environment_hook('pointcloud_to_laserscan', 'cmake_prefix_path')
[34.107s] INFO:colcon.colcon_core.shell:Creating environment hook '/home/ljhua/ROBOCON2026/lidar_test/rc2026/install/pointcloud_to_laserscan/share/pointcloud_to_laserscan/hook/cmake_prefix_path.ps1'
[34.107s] INFO:colcon.colcon_core.shell:Creating environment descriptor '/home/ljhua/ROBOCON2026/lidar_test/rc2026/install/pointcloud_to_laserscan/share/pointcloud_to_laserscan/hook/cmake_prefix_path.dsv'
[34.107s] INFO:colcon.colcon_core.shell:Creating environment hook '/home/ljhua/ROBOCON2026/lidar_test/rc2026/install/pointcloud_to_laserscan/share/pointcloud_to_laserscan/hook/cmake_prefix_path.sh'
[34.108s] Level 1:colcon.colcon_core.environment:checking '/home/ljhua/ROBOCON2026/lidar_test/rc2026/install/pointcloud_to_laserscan/lib'
[34.108s] Level 1:colcon.colcon_core.shell:create_environment_hook('pointcloud_to_laserscan', 'ld_library_path_lib')
[34.108s] INFO:colcon.colcon_core.shell:Creating environment hook '/home/ljhua/ROBOCON2026/lidar_test/rc2026/install/pointcloud_to_laserscan/share/pointcloud_to_laserscan/hook/ld_library_path_lib.ps1'
[34.108s] INFO:colcon.colcon_core.shell:Creating environment descriptor '/home/ljhua/ROBOCON2026/lidar_test/rc2026/install/pointcloud_to_laserscan/share/pointcloud_to_laserscan/hook/ld_library_path_lib.dsv'
[34.108s] INFO:colcon.colcon_core.shell:Creating environment hook '/home/ljhua/ROBOCON2026/lidar_test/rc2026/install/pointcloud_to_laserscan/share/pointcloud_to_laserscan/hook/ld_library_path_lib.sh'
[34.108s] Level 1:colcon.colcon_core.environment:checking '/home/ljhua/ROBOCON2026/lidar_test/rc2026/install/pointcloud_to_laserscan/bin'
[34.108s] Level 1:colcon.colcon_core.environment:checking '/home/ljhua/ROBOCON2026/lidar_test/rc2026/install/pointcloud_to_laserscan/lib/pkgconfig/pointcloud_to_laserscan.pc'
[34.108s] Level 1:colcon.colcon_core.environment:checking '/home/ljhua/ROBOCON2026/lidar_test/rc2026/install/pointcloud_to_laserscan/lib/python3.10/site-packages'
[34.109s] Level 1:colcon.colcon_core.environment:checking '/home/ljhua/ROBOCON2026/lidar_test/rc2026/install/pointcloud_to_laserscan/bin'
[34.109s] INFO:colcon.colcon_core.shell:Creating package script '/home/ljhua/ROBOCON2026/lidar_test/rc2026/install/pointcloud_to_laserscan/share/pointcloud_to_laserscan/package.ps1'
[34.109s] INFO:colcon.colcon_core.shell:Creating package descriptor '/home/ljhua/ROBOCON2026/lidar_test/rc2026/install/pointcloud_to_laserscan/share/pointcloud_to_laserscan/package.dsv'
[34.110s] INFO:colcon.colcon_core.shell:Creating package script '/home/ljhua/ROBOCON2026/lidar_test/rc2026/install/pointcloud_to_laserscan/share/pointcloud_to_laserscan/package.sh'
[34.110s] INFO:colcon.colcon_core.shell:Creating package script '/home/ljhua/ROBOCON2026/lidar_test/rc2026/install/pointcloud_to_laserscan/share/pointcloud_to_laserscan/package.bash'
[34.110s] INFO:colcon.colcon_core.shell:Creating package script '/home/ljhua/ROBOCON2026/lidar_test/rc2026/install/pointcloud_to_laserscan/share/pointcloud_to_laserscan/package.zsh'
[34.110s] Level 1:colcon.colcon_core.environment:create_file_with_runtime_dependencies(/home/ljhua/ROBOCON2026/lidar_test/rc2026/install/pointcloud_to_laserscan/share/colcon-core/packages/pointcloud_to_laserscan)
[72.365s] DEBUG:colcon.colcon_core.event_handler.log_command:Invoked command in '/home/ljhua/ROBOCON2026/lidar_test/rc2026/build/fast_lio' returned '0': AMENT_PREFIX_PATH=/home/ljhua/ROBOCON2026/lidar_test/rc2026/install/livox_ros_driver2:${AMENT_PREFIX_PATH} CMAKE_PREFIX_PATH=/home/ljhua/ROBOCON2026/lidar_test/rc2026/install/livox_ros_driver2:/opt/ros/humble LD_LIBRARY_PATH=/home/ljhua/ROBOCON2026/lidar_test/rc2026/install/livox_ros_driver2/lib:${LD_LIBRARY_PATH} PYTHONPATH=/home/ljhua/ROBOCON2026/lidar_test/rc2026/install/livox_ros_driver2/local/lib/python3.10/dist-packages:${PYTHONPATH} /usr/bin/cmake --build /home/ljhua/ROBOCON2026/lidar_test/rc2026/build/fast_lio -- -j20 -l20
[72.367s] DEBUG:colcon.colcon_core.event_handler.log_command:Invoking command in '/home/ljhua/ROBOCON2026/lidar_test/rc2026/build/fast_lio': AMENT_PREFIX_PATH=/home/ljhua/ROBOCON2026/lidar_test/rc2026/install/livox_ros_driver2:${AMENT_PREFIX_PATH} CMAKE_PREFIX_PATH=/home/ljhua/ROBOCON2026/lidar_test/rc2026/install/livox_ros_driver2:/opt/ros/humble LD_LIBRARY_PATH=/home/ljhua/ROBOCON2026/lidar_test/rc2026/install/livox_ros_driver2/lib:${LD_LIBRARY_PATH} PYTHONPATH=/home/ljhua/ROBOCON2026/lidar_test/rc2026/install/livox_ros_driver2/local/lib/python3.10/dist-packages:${PYTHONPATH} /usr/bin/cmake --install /home/ljhua/ROBOCON2026/lidar_test/rc2026/build/fast_lio
[73.196s] Level 1:colcon.colcon_core.environment:create_environment_scripts_only(fast_lio)
[73.197s] Level 1:colcon.colcon_core.environment:checking '/home/ljhua/ROBOCON2026/lidar_test/rc2026/install/fast_lio' for CMake module files
[73.197s] DEBUG:colcon.colcon_core.event_handler.log_command:Invoked command in '/home/ljhua/ROBOCON2026/lidar_test/rc2026/build/fast_lio' returned '0': AMENT_PREFIX_PATH=/home/ljhua/ROBOCON2026/lidar_test/rc2026/install/livox_ros_driver2:${AMENT_PREFIX_PATH} CMAKE_PREFIX_PATH=/home/ljhua/ROBOCON2026/lidar_test/rc2026/install/livox_ros_driver2:/opt/ros/humble LD_LIBRARY_PATH=/home/ljhua/ROBOCON2026/lidar_test/rc2026/install/livox_ros_driver2/lib:${LD_LIBRARY_PATH} PYTHONPATH=/home/ljhua/ROBOCON2026/lidar_test/rc2026/install/livox_ros_driver2/local/lib/python3.10/dist-packages:${PYTHONPATH} /usr/bin/cmake --install /home/ljhua/ROBOCON2026/lidar_test/rc2026/build/fast_lio
[73.197s] Level 1:colcon.colcon_core.environment:checking '/home/ljhua/ROBOCON2026/lidar_test/rc2026/install/fast_lio' for CMake config files
[73.198s] Level 1:colcon.colcon_core.shell:create_environment_hook('fast_lio', 'cmake_prefix_path')
[73.198s] INFO:colcon.colcon_core.shell:Creating environment hook '/home/ljhua/ROBOCON2026/lidar_test/rc2026/install/fast_lio/share/fast_lio/hook/cmake_prefix_path.ps1'
[73.198s] INFO:colcon.colcon_core.shell:Creating environment descriptor '/home/ljhua/ROBOCON2026/lidar_test/rc2026/install/fast_lio/share/fast_lio/hook/cmake_prefix_path.dsv'
[73.198s] INFO:colcon.colcon_core.shell:Creating environment hook '/home/ljhua/ROBOCON2026/lidar_test/rc2026/install/fast_lio/share/fast_lio/hook/cmake_prefix_path.sh'
[73.199s] Level 1:colcon.colcon_core.environment:checking '/home/ljhua/ROBOCON2026/lidar_test/rc2026/install/fast_lio/lib'
[73.199s] Level 1:colcon.colcon_core.shell:create_environment_hook('fast_lio', 'ld_library_path_lib')
[73.199s] INFO:colcon.colcon_core.shell:Creating environment hook '/home/ljhua/ROBOCON2026/lidar_test/rc2026/install/fast_lio/share/fast_lio/hook/ld_library_path_lib.ps1'
[73.199s] INFO:colcon.colcon_core.shell:Creating environment descriptor '/home/ljhua/ROBOCON2026/lidar_test/rc2026/install/fast_lio/share/fast_lio/hook/ld_library_path_lib.dsv'
[73.199s] INFO:colcon.colcon_core.shell:Creating environment hook '/home/ljhua/ROBOCON2026/lidar_test/rc2026/install/fast_lio/share/fast_lio/hook/ld_library_path_lib.sh'
[73.199s] Level 1:colcon.colcon_core.environment:checking '/home/ljhua/ROBOCON2026/lidar_test/rc2026/install/fast_lio/bin'
[73.200s] Level 1:colcon.colcon_core.environment:checking '/home/ljhua/ROBOCON2026/lidar_test/rc2026/install/fast_lio/lib/pkgconfig/fast_lio.pc'
[73.200s] Level 1:colcon.colcon_core.environment:checking '/home/ljhua/ROBOCON2026/lidar_test/rc2026/install/fast_lio/lib/python3.10/site-packages'
[73.200s] Level 1:colcon.colcon_core.environment:checking '/home/ljhua/ROBOCON2026/lidar_test/rc2026/install/fast_lio/bin'
[73.200s] INFO:colcon.colcon_core.shell:Creating package script '/home/ljhua/ROBOCON2026/lidar_test/rc2026/install/fast_lio/share/fast_lio/package.ps1'
[73.200s] INFO:colcon.colcon_core.shell:Creating package descriptor '/home/ljhua/ROBOCON2026/lidar_test/rc2026/install/fast_lio/share/fast_lio/package.dsv'
[73.200s] INFO:colcon.colcon_core.shell:Creating package script '/home/ljhua/ROBOCON2026/lidar_test/rc2026/install/fast_lio/share/fast_lio/package.sh'
[73.201s] INFO:colcon.colcon_core.shell:Creating package script '/home/ljhua/ROBOCON2026/lidar_test/rc2026/install/fast_lio/share/fast_lio/package.bash'
[73.201s] INFO:colcon.colcon_core.shell:Creating package script '/home/ljhua/ROBOCON2026/lidar_test/rc2026/install/fast_lio/share/fast_lio/package.zsh'
[73.201s] Level 1:colcon.colcon_core.environment:create_file_with_runtime_dependencies(/home/ljhua/ROBOCON2026/lidar_test/rc2026/install/fast_lio/share/colcon-core/packages/fast_lio)
[73.201s] Level 1:colcon.colcon_core.environment:create_environment_scripts_only(fast_lio)
[73.202s] Level 1:colcon.colcon_core.environment:checking '/home/ljhua/ROBOCON2026/lidar_test/rc2026/install/fast_lio' for CMake module files
[73.202s] Level 1:colcon.colcon_core.environment:checking '/home/ljhua/ROBOCON2026/lidar_test/rc2026/install/fast_lio' for CMake config files
[73.202s] Level 1:colcon.colcon_core.shell:create_environment_hook('fast_lio', 'cmake_prefix_path')
[73.202s] INFO:colcon.colcon_core.shell:Creating environment hook '/home/ljhua/ROBOCON2026/lidar_test/rc2026/install/fast_lio/share/fast_lio/hook/cmake_prefix_path.ps1'
[73.203s] INFO:colcon.colcon_core.shell:Creating environment descriptor '/home/ljhua/ROBOCON2026/lidar_test/rc2026/install/fast_lio/share/fast_lio/hook/cmake_prefix_path.dsv'
[73.203s] INFO:colcon.colcon_core.shell:Creating environment hook '/home/ljhua/ROBOCON2026/lidar_test/rc2026/install/fast_lio/share/fast_lio/hook/cmake_prefix_path.sh'
[73.203s] Level 1:colcon.colcon_core.environment:checking '/home/ljhua/ROBOCON2026/lidar_test/rc2026/install/fast_lio/lib'
[73.203s] Level 1:colcon.colcon_core.shell:create_environment_hook('fast_lio', 'ld_library_path_lib')
[73.203s] INFO:colcon.colcon_core.shell:Creating environment hook '/home/ljhua/ROBOCON2026/lidar_test/rc2026/install/fast_lio/share/fast_lio/hook/ld_library_path_lib.ps1'
[73.203s] INFO:colcon.colcon_core.shell:Creating environment descriptor '/home/ljhua/ROBOCON2026/lidar_test/rc2026/install/fast_lio/share/fast_lio/hook/ld_library_path_lib.dsv'
[73.204s] INFO:colcon.colcon_core.shell:Creating environment hook '/home/ljhua/ROBOCON2026/lidar_test/rc2026/install/fast_lio/share/fast_lio/hook/ld_library_path_lib.sh'
[73.204s] Level 1:colcon.colcon_core.environment:checking '/home/ljhua/ROBOCON2026/lidar_test/rc2026/install/fast_lio/bin'
[73.204s] Level 1:colcon.colcon_core.environment:checking '/home/ljhua/ROBOCON2026/lidar_test/rc2026/install/fast_lio/lib/pkgconfig/fast_lio.pc'
[73.204s] Level 1:colcon.colcon_core.environment:checking '/home/ljhua/ROBOCON2026/lidar_test/rc2026/install/fast_lio/lib/python3.10/site-packages'
[73.204s] Level 1:colcon.colcon_core.environment:checking '/home/ljhua/ROBOCON2026/lidar_test/rc2026/install/fast_lio/bin'
[73.204s] INFO:colcon.colcon_core.shell:Creating package script '/home/ljhua/ROBOCON2026/lidar_test/rc2026/install/fast_lio/share/fast_lio/package.ps1'
[73.205s] INFO:colcon.colcon_core.shell:Creating package descriptor '/home/ljhua/ROBOCON2026/lidar_test/rc2026/install/fast_lio/share/fast_lio/package.dsv'
[73.205s] INFO:colcon.colcon_core.shell:Creating package script '/home/ljhua/ROBOCON2026/lidar_test/rc2026/install/fast_lio/share/fast_lio/package.sh'
[73.205s] INFO:colcon.colcon_core.shell:Creating package script '/home/ljhua/ROBOCON2026/lidar_test/rc2026/install/fast_lio/share/fast_lio/package.bash'
[73.205s] INFO:colcon.colcon_core.shell:Creating package script '/home/ljhua/ROBOCON2026/lidar_test/rc2026/install/fast_lio/share/fast_lio/package.zsh'
[73.205s] Level 1:colcon.colcon_core.environment:create_file_with_runtime_dependencies(/home/ljhua/ROBOCON2026/lidar_test/rc2026/install/fast_lio/share/colcon-core/packages/fast_lio)
[73.206s] DEBUG:colcon.colcon_parallel_executor.executor.parallel:closing loop
[73.206s] DEBUG:colcon.colcon_parallel_executor.executor.parallel:loop closed
[73.206s] DEBUG:colcon.colcon_parallel_executor.executor.parallel:run_until_complete finished with '0'
[73.206s] DEBUG:colcon.colcon_core.event_reactor:joining thread
[73.210s] INFO:colcon.colcon_core.plugin_system:Skipping extension 'colcon_notification.desktop_notification.terminal_notifier': Not used on non-Darwin systems
[73.210s] INFO:colcon.colcon_core.plugin_system:Skipping extension 'colcon_notification.desktop_notification.win32': Not used on non-Windows systems
[73.210s] INFO:colcon.colcon_notification.desktop_notification:Sending desktop notification using 'notify2'
[73.219s] DEBUG:colcon.colcon_core.event_reactor:joined thread
[73.219s] INFO:colcon.colcon_core.shell:Creating prefix script '/home/ljhua/ROBOCON2026/lidar_test/rc2026/install/local_setup.ps1'
[73.220s] INFO:colcon.colcon_core.shell:Creating prefix util module '/home/ljhua/ROBOCON2026/lidar_test/rc2026/install/_local_setup_util_ps1.py'
[73.221s] INFO:colcon.colcon_core.shell:Creating prefix chain script '/home/ljhua/ROBOCON2026/lidar_test/rc2026/install/setup.ps1'
[73.222s] INFO:colcon.colcon_core.shell:Creating prefix script '/home/ljhua/ROBOCON2026/lidar_test/rc2026/install/local_setup.sh'
[73.222s] INFO:colcon.colcon_core.shell:Creating prefix util module '/home/ljhua/ROBOCON2026/lidar_test/rc2026/install/_local_setup_util_sh.py'
[73.222s] INFO:colcon.colcon_core.shell:Creating prefix chain script '/home/ljhua/ROBOCON2026/lidar_test/rc2026/install/setup.sh'
[73.223s] INFO:colcon.colcon_core.shell:Creating prefix script '/home/ljhua/ROBOCON2026/lidar_test/rc2026/install/local_setup.bash'
[73.223s] INFO:colcon.colcon_core.shell:Creating prefix chain script '/home/ljhua/ROBOCON2026/lidar_test/rc2026/install/setup.bash'
[73.224s] INFO:colcon.colcon_core.shell:Creating prefix script '/home/ljhua/ROBOCON2026/lidar_test/rc2026/install/local_setup.zsh'
[73.224s] INFO:colcon.colcon_core.shell:Creating prefix chain script '/home/ljhua/ROBOCON2026/lidar_test/rc2026/install/setup.zsh'
