[0.064s] DEBUG:colcon:Command line arguments: ['/usr/bin/colcon', 'build', '--symlink-install']
[0.064s] DEBUG:colcon:Parsed command line arguments: Namespace(log_base=None, log_level=None, verb_name='build', build_base='build', install_base='install', merge_install=False, symlink_install=True, test_result_base=None, continue_on_error=False, executor='parallel', parallel_workers=20, event_handlers=None, ignore_user_meta=False, metas=['./colcon.meta'], base_paths=['.'], packages_ignore=None, packages_ignore_regex=None, paths=None, packages_up_to=None, packages_up_to_regex=None, packages_above=None, packages_above_and_dependencies=None, packages_above_depth=None, packages_select_by_dep=None, packages_skip_by_dep=None, packages_skip_up_to=None, packages_select_build_failed=False, packages_skip_build_finished=False, packages_select_test_failures=False, packages_skip_test_passed=False, packages_select=None, packages_skip=None, packages_select_regex=None, packages_skip_regex=None, packages_start=None, packages_end=None, allow_overriding=[], cmake_args=None, cmake_target=None, cmake_target_skip_unavailable=False, cmake_clean_cache=False, cmake_clean_first=False, cmake_force_configure=False, ament_cmake_args=None, catkin_cmake_args=None, catkin_skip_building_tests=False, verb_parser=<colcon_defaults.argument_parser.defaults.DefaultArgumentsDecorator object at 0x7a6ee805e380>, verb_extension=<colcon_core.verb.build.BuildVerb object at 0x7a6ee81e3160>, main=<bound method BuildVerb.main of <colcon_core.verb.build.BuildVerb object at 0x7a6ee81e3160>>)
[0.225s] Level 1:colcon.colcon_core.package_discovery:discover_packages(colcon_meta) check parameters
[0.225s] Level 1:colcon.colcon_core.package_discovery:discover_packages(recursive) check parameters
[0.225s] Level 1:colcon.colcon_core.package_discovery:discover_packages(ignore) check parameters
[0.225s] Level 1:colcon.colcon_core.package_discovery:discover_packages(path) check parameters
[0.225s] Level 1:colcon.colcon_core.package_discovery:discover_packages(colcon_meta) discover
[0.225s] Level 1:colcon.colcon_core.package_discovery:discover_packages(recursive) discover
[0.225s] INFO:colcon.colcon_core.package_discovery:Crawling recursively for packages in '/home/ljhua/ROBOCON2026/lidar_test/rc2026'
[0.225s] Level 1:colcon.colcon_core.package_identification:_identify(.) by extensions ['ignore', 'ignore_ament_install']
[0.225s] Level 1:colcon.colcon_core.package_identification:_identify(.) by extension 'ignore'
[0.225s] Level 1:colcon.colcon_core.package_identification:_identify(.) by extension 'ignore_ament_install'
[0.225s] Level 1:colcon.colcon_core.package_identification:_identify(.) by extensions ['colcon_pkg']
[0.225s] Level 1:colcon.colcon_core.package_identification:_identify(.) by extension 'colcon_pkg'
[0.225s] Level 1:colcon.colcon_core.package_identification:_identify(.) by extensions ['colcon_meta']
[0.225s] Level 1:colcon.colcon_core.package_identification:_identify(.) by extension 'colcon_meta'
[0.225s] Level 1:colcon.colcon_core.package_identification:_identify(.) by extensions ['ros']
[0.225s] Level 1:colcon.colcon_core.package_identification:_identify(.) by extension 'ros'
[0.234s] Level 1:colcon.colcon_core.package_identification:_identify(.) by extensions ['cmake', 'python']
[0.234s] Level 1:colcon.colcon_core.package_identification:_identify(.) by extension 'cmake'
[0.234s] Level 1:colcon.colcon_core.package_identification:_identify(.) by extension 'python'
[0.234s] Level 1:colcon.colcon_core.package_identification:_identify(.) by extensions ['python_setup_py']
[0.234s] Level 1:colcon.colcon_core.package_identification:_identify(.) by extension 'python_setup_py'
[0.234s] Level 1:colcon.colcon_core.package_identification:_identify(129) by extensions ['ignore', 'ignore_ament_install']
[0.234s] Level 1:colcon.colcon_core.package_identification:_identify(129) by extension 'ignore'
[0.234s] Level 1:colcon.colcon_core.package_identification:_identify(129) by extension 'ignore_ament_install'
[0.234s] Level 1:colcon.colcon_core.package_identification:_identify(129) by extensions ['colcon_pkg']
[0.234s] Level 1:colcon.colcon_core.package_identification:_identify(129) by extension 'colcon_pkg'
[0.234s] Level 1:colcon.colcon_core.package_identification:_identify(129) by extensions ['colcon_meta']
[0.234s] Level 1:colcon.colcon_core.package_identification:_identify(129) by extension 'colcon_meta'
[0.234s] Level 1:colcon.colcon_core.package_identification:_identify(129) by extensions ['ros']
[0.234s] Level 1:colcon.colcon_core.package_identification:_identify(129) by extension 'ros'
[0.235s] Level 1:colcon.colcon_core.package_identification:_identify(129) by extensions ['cmake', 'python']
[0.235s] Level 1:colcon.colcon_core.package_identification:_identify(129) by extension 'cmake'
[0.235s] Level 1:colcon.colcon_core.package_identification:_identify(129) by extension 'python'
[0.235s] Level 1:colcon.colcon_core.package_identification:_identify(129) by extensions ['python_setup_py']
[0.235s] Level 1:colcon.colcon_core.package_identification:_identify(129) by extension 'python_setup_py'
[0.235s] Level 1:colcon.colcon_core.package_identification:_identify(Serial_test) by extensions ['ignore', 'ignore_ament_install']
[0.235s] Level 1:colcon.colcon_core.package_identification:_identify(Serial_test) by extension 'ignore'
[0.235s] Level 1:colcon.colcon_core.package_identification:_identify(Serial_test) by extension 'ignore_ament_install'
[0.235s] Level 1:colcon.colcon_core.package_identification:_identify(Serial_test) by extensions ['colcon_pkg']
[0.235s] Level 1:colcon.colcon_core.package_identification:_identify(Serial_test) by extension 'colcon_pkg'
[0.235s] Level 1:colcon.colcon_core.package_identification:_identify(Serial_test) by extensions ['colcon_meta']
[0.235s] Level 1:colcon.colcon_core.package_identification:_identify(Serial_test) by extension 'colcon_meta'
[0.235s] Level 1:colcon.colcon_core.package_identification:_identify(Serial_test) by extensions ['ros']
[0.235s] Level 1:colcon.colcon_core.package_identification:_identify(Serial_test) by extension 'ros'
[0.235s] Level 1:colcon.colcon_core.package_identification:_identify(Serial_test) by extensions ['cmake', 'python']
[0.235s] Level 1:colcon.colcon_core.package_identification:_identify(Serial_test) by extension 'cmake'
[0.235s] Level 1:colcon.colcon_core.package_identification:_identify(Serial_test) by extension 'python'
[0.235s] Level 1:colcon.colcon_core.package_identification:_identify(Serial_test) by extensions ['python_setup_py']
[0.235s] Level 1:colcon.colcon_core.package_identification:_identify(Serial_test) by extension 'python_setup_py'
[0.235s] Level 1:colcon.colcon_core.package_identification:_identify(Serial_test/Serial_ws) by extensions ['ignore', 'ignore_ament_install']
[0.235s] Level 1:colcon.colcon_core.package_identification:_identify(Serial_test/Serial_ws) by extension 'ignore'
[0.235s] Level 1:colcon.colcon_core.package_identification:_identify(Serial_test/Serial_ws) by extension 'ignore_ament_install'
[0.235s] Level 1:colcon.colcon_core.package_identification:_identify(Serial_test/Serial_ws) by extensions ['colcon_pkg']
[0.235s] Level 1:colcon.colcon_core.package_identification:_identify(Serial_test/Serial_ws) by extension 'colcon_pkg'
[0.235s] Level 1:colcon.colcon_core.package_identification:_identify(Serial_test/Serial_ws) by extensions ['colcon_meta']
[0.235s] Level 1:colcon.colcon_core.package_identification:_identify(Serial_test/Serial_ws) by extension 'colcon_meta'
[0.235s] Level 1:colcon.colcon_core.package_identification:_identify(Serial_test/Serial_ws) by extensions ['ros']
[0.235s] Level 1:colcon.colcon_core.package_identification:_identify(Serial_test/Serial_ws) by extension 'ros'
[0.235s] Level 1:colcon.colcon_core.package_identification:_identify(Serial_test/Serial_ws) by extensions ['cmake', 'python']
[0.235s] Level 1:colcon.colcon_core.package_identification:_identify(Serial_test/Serial_ws) by extension 'cmake'
[0.235s] Level 1:colcon.colcon_core.package_identification:_identify(Serial_test/Serial_ws) by extension 'python'
[0.235s] Level 1:colcon.colcon_core.package_identification:_identify(Serial_test/Serial_ws) by extensions ['python_setup_py']
[0.235s] Level 1:colcon.colcon_core.package_identification:_identify(Serial_test/Serial_ws) by extension 'python_setup_py'
[0.235s] Level 1:colcon.colcon_core.package_identification:_identify(Serial_test/Serial_ws/build) by extensions ['ignore', 'ignore_ament_install']
[0.235s] Level 1:colcon.colcon_core.package_identification:_identify(Serial_test/Serial_ws/build) by extension 'ignore'
[0.235s] Level 1:colcon.colcon_core.package_identification:_identify(Serial_test/Serial_ws/build) ignored
[0.236s] Level 1:colcon.colcon_core.package_identification:_identify(Serial_test/Serial_ws/install) by extensions ['ignore', 'ignore_ament_install']
[0.236s] Level 1:colcon.colcon_core.package_identification:_identify(Serial_test/Serial_ws/install) by extension 'ignore'
[0.236s] Level 1:colcon.colcon_core.package_identification:_identify(Serial_test/Serial_ws/install) ignored
[0.236s] Level 1:colcon.colcon_core.package_identification:_identify(Serial_test/Serial_ws/log) by extensions ['ignore', 'ignore_ament_install']
[0.236s] Level 1:colcon.colcon_core.package_identification:_identify(Serial_test/Serial_ws/log) by extension 'ignore'
[0.236s] Level 1:colcon.colcon_core.package_identification:_identify(Serial_test/Serial_ws/log) ignored
[0.236s] Level 1:colcon.colcon_core.package_identification:_identify(Serial_test/Serial_ws/src) by extensions ['ignore', 'ignore_ament_install']
[0.236s] Level 1:colcon.colcon_core.package_identification:_identify(Serial_test/Serial_ws/src) by extension 'ignore'
[0.236s] Level 1:colcon.colcon_core.package_identification:_identify(Serial_test/Serial_ws/src) by extension 'ignore_ament_install'
[0.236s] Level 1:colcon.colcon_core.package_identification:_identify(Serial_test/Serial_ws/src) by extensions ['colcon_pkg']
[0.236s] Level 1:colcon.colcon_core.package_identification:_identify(Serial_test/Serial_ws/src) by extension 'colcon_pkg'
[0.236s] Level 1:colcon.colcon_core.package_identification:_identify(Serial_test/Serial_ws/src) by extensions ['colcon_meta']
[0.236s] Level 1:colcon.colcon_core.package_identification:_identify(Serial_test/Serial_ws/src) by extension 'colcon_meta'
[0.236s] Level 1:colcon.colcon_core.package_identification:_identify(Serial_test/Serial_ws/src) by extensions ['ros']
[0.236s] Level 1:colcon.colcon_core.package_identification:_identify(Serial_test/Serial_ws/src) by extension 'ros'
[0.236s] Level 1:colcon.colcon_core.package_identification:_identify(Serial_test/Serial_ws/src) by extensions ['cmake', 'python']
[0.236s] Level 1:colcon.colcon_core.package_identification:_identify(Serial_test/Serial_ws/src) by extension 'cmake'
[0.236s] Level 1:colcon.colcon_core.package_identification:_identify(Serial_test/Serial_ws/src) by extension 'python'
[0.236s] Level 1:colcon.colcon_core.package_identification:_identify(Serial_test/Serial_ws/src) by extensions ['python_setup_py']
[0.236s] Level 1:colcon.colcon_core.package_identification:_identify(Serial_test/Serial_ws/src) by extension 'python_setup_py'
[0.236s] Level 1:colcon.colcon_core.package_identification:_identify(Serial_test/Serial_ws/src/my_package_py) by extensions ['ignore', 'ignore_ament_install']
[0.236s] Level 1:colcon.colcon_core.package_identification:_identify(Serial_test/Serial_ws/src/my_package_py) by extension 'ignore'
[0.236s] Level 1:colcon.colcon_core.package_identification:_identify(Serial_test/Serial_ws/src/my_package_py) ignored
[0.236s] Level 1:colcon.colcon_core.package_identification:_identify(assets) by extensions ['ignore', 'ignore_ament_install']
[0.236s] Level 1:colcon.colcon_core.package_identification:_identify(assets) by extension 'ignore'
[0.236s] Level 1:colcon.colcon_core.package_identification:_identify(assets) by extension 'ignore_ament_install'
[0.236s] Level 1:colcon.colcon_core.package_identification:_identify(assets) by extensions ['colcon_pkg']
[0.236s] Level 1:colcon.colcon_core.package_identification:_identify(assets) by extension 'colcon_pkg'
[0.236s] Level 1:colcon.colcon_core.package_identification:_identify(assets) by extensions ['colcon_meta']
[0.236s] Level 1:colcon.colcon_core.package_identification:_identify(assets) by extension 'colcon_meta'
[0.236s] Level 1:colcon.colcon_core.package_identification:_identify(assets) by extensions ['ros']
[0.236s] Level 1:colcon.colcon_core.package_identification:_identify(assets) by extension 'ros'
[0.236s] Level 1:colcon.colcon_core.package_identification:_identify(assets) by extensions ['cmake', 'python']
[0.236s] Level 1:colcon.colcon_core.package_identification:_identify(assets) by extension 'cmake'
[0.236s] Level 1:colcon.colcon_core.package_identification:_identify(assets) by extension 'python'
[0.236s] Level 1:colcon.colcon_core.package_identification:_identify(assets) by extensions ['python_setup_py']
[0.236s] Level 1:colcon.colcon_core.package_identification:_identify(assets) by extension 'python_setup_py'
[0.237s] Level 1:colcon.colcon_core.package_identification:_identify(build) by extensions ['ignore', 'ignore_ament_install']
[0.237s] Level 1:colcon.colcon_core.package_identification:_identify(build) by extension 'ignore'
[0.237s] Level 1:colcon.colcon_core.package_identification:_identify(build) ignored
[0.237s] Level 1:colcon.colcon_core.package_identification:_identify(install) by extensions ['ignore', 'ignore_ament_install']
[0.237s] Level 1:colcon.colcon_core.package_identification:_identify(install) by extension 'ignore'
[0.237s] Level 1:colcon.colcon_core.package_identification:_identify(install) ignored
[0.237s] Level 1:colcon.colcon_core.package_identification:_identify(log) by extensions ['ignore', 'ignore_ament_install']
[0.237s] Level 1:colcon.colcon_core.package_identification:_identify(log) by extension 'ignore'
[0.237s] Level 1:colcon.colcon_core.package_identification:_identify(log) ignored
[0.237s] Level 1:colcon.colcon_core.package_identification:_identify(map) by extensions ['ignore', 'ignore_ament_install']
[0.237s] Level 1:colcon.colcon_core.package_identification:_identify(map) by extension 'ignore'
[0.237s] Level 1:colcon.colcon_core.package_identification:_identify(map) by extension 'ignore_ament_install'
[0.237s] Level 1:colcon.colcon_core.package_identification:_identify(map) by extensions ['colcon_pkg']
[0.237s] Level 1:colcon.colcon_core.package_identification:_identify(map) by extension 'colcon_pkg'
[0.237s] Level 1:colcon.colcon_core.package_identification:_identify(map) by extensions ['colcon_meta']
[0.237s] Level 1:colcon.colcon_core.package_identification:_identify(map) by extension 'colcon_meta'
[0.237s] Level 1:colcon.colcon_core.package_identification:_identify(map) by extensions ['ros']
[0.237s] Level 1:colcon.colcon_core.package_identification:_identify(map) by extension 'ros'
[0.237s] Level 1:colcon.colcon_core.package_identification:_identify(map) by extensions ['cmake', 'python']
[0.237s] Level 1:colcon.colcon_core.package_identification:_identify(map) by extension 'cmake'
[0.237s] Level 1:colcon.colcon_core.package_identification:_identify(map) by extension 'python'
[0.237s] Level 1:colcon.colcon_core.package_identification:_identify(map) by extensions ['python_setup_py']
[0.237s] Level 1:colcon.colcon_core.package_identification:_identify(map) by extension 'python_setup_py'
[0.237s] Level 1:colcon.colcon_core.package_identification:_identify(src) by extensions ['ignore', 'ignore_ament_install']
[0.237s] Level 1:colcon.colcon_core.package_identification:_identify(src) by extension 'ignore'
[0.237s] Level 1:colcon.colcon_core.package_identification:_identify(src) by extension 'ignore_ament_install'
[0.237s] Level 1:colcon.colcon_core.package_identification:_identify(src) by extensions ['colcon_pkg']
[0.237s] Level 1:colcon.colcon_core.package_identification:_identify(src) by extension 'colcon_pkg'
[0.237s] Level 1:colcon.colcon_core.package_identification:_identify(src) by extensions ['colcon_meta']
[0.237s] Level 1:colcon.colcon_core.package_identification:_identify(src) by extension 'colcon_meta'
[0.237s] Level 1:colcon.colcon_core.package_identification:_identify(src) by extensions ['ros']
[0.237s] Level 1:colcon.colcon_core.package_identification:_identify(src) by extension 'ros'
[0.237s] Level 1:colcon.colcon_core.package_identification:_identify(src) by extensions ['cmake', 'python']
[0.237s] Level 1:colcon.colcon_core.package_identification:_identify(src) by extension 'cmake'
[0.237s] Level 1:colcon.colcon_core.package_identification:_identify(src) by extension 'python'
[0.237s] Level 1:colcon.colcon_core.package_identification:_identify(src) by extensions ['python_setup_py']
[0.237s] Level 1:colcon.colcon_core.package_identification:_identify(src) by extension 'python_setup_py'
[0.237s] Level 1:colcon.colcon_core.package_identification:_identify(src/rc_keyboard_control) by extensions ['ignore', 'ignore_ament_install']
[0.238s] Level 1:colcon.colcon_core.package_identification:_identify(src/rc_keyboard_control) by extension 'ignore'
[0.238s] Level 1:colcon.colcon_core.package_identification:_identify(src/rc_keyboard_control) by extension 'ignore_ament_install'
[0.238s] Level 1:colcon.colcon_core.package_identification:_identify(src/rc_keyboard_control) by extensions ['colcon_pkg']
[0.238s] Level 1:colcon.colcon_core.package_identification:_identify(src/rc_keyboard_control) by extension 'colcon_pkg'
[0.238s] Level 1:colcon.colcon_core.package_identification:_identify(src/rc_keyboard_control) by extensions ['colcon_meta']
[0.238s] Level 1:colcon.colcon_core.package_identification:_identify(src/rc_keyboard_control) by extension 'colcon_meta'
[0.238s] Level 1:colcon.colcon_core.package_identification:_identify(src/rc_keyboard_control) by extensions ['ros']
[0.238s] Level 1:colcon.colcon_core.package_identification:_identify(src/rc_keyboard_control) by extension 'ros'
[0.239s] DEBUG:colcon.colcon_core.package_identification:Package 'src/rc_keyboard_control' with type 'ros.ament_python' and name 'rc_keyboard_control'
[0.239s] Level 1:colcon.colcon_core.package_identification:_identify(src/rc_serial_driver) by extensions ['ignore', 'ignore_ament_install']
[0.239s] Level 1:colcon.colcon_core.package_identification:_identify(src/rc_serial_driver) by extension 'ignore'
[0.239s] Level 1:colcon.colcon_core.package_identification:_identify(src/rc_serial_driver) by extension 'ignore_ament_install'
[0.239s] Level 1:colcon.colcon_core.package_identification:_identify(src/rc_serial_driver) by extensions ['colcon_pkg']
[0.239s] Level 1:colcon.colcon_core.package_identification:_identify(src/rc_serial_driver) by extension 'colcon_pkg'
[0.240s] Level 1:colcon.colcon_core.package_identification:_identify(src/rc_serial_driver) by extensions ['colcon_meta']
[0.240s] Level 1:colcon.colcon_core.package_identification:_identify(src/rc_serial_driver) by extension 'colcon_meta'
[0.240s] Level 1:colcon.colcon_core.package_identification:_identify(src/rc_serial_driver) by extensions ['ros']
[0.240s] Level 1:colcon.colcon_core.package_identification:_identify(src/rc_serial_driver) by extension 'ros'
[0.240s] DEBUG:colcon.colcon_core.package_identification:Package 'src/rc_serial_driver' with type 'ros.ament_python' and name 'rc_serial_driver'
[0.240s] Level 1:colcon.colcon_core.package_identification:_identify(src/rm_localization) by extensions ['ignore', 'ignore_ament_install']
[0.240s] Level 1:colcon.colcon_core.package_identification:_identify(src/rm_localization) by extension 'ignore'
[0.240s] Level 1:colcon.colcon_core.package_identification:_identify(src/rm_localization) by extension 'ignore_ament_install'
[0.240s] Level 1:colcon.colcon_core.package_identification:_identify(src/rm_localization) by extensions ['colcon_pkg']
[0.240s] Level 1:colcon.colcon_core.package_identification:_identify(src/rm_localization) by extension 'colcon_pkg'
[0.240s] Level 1:colcon.colcon_core.package_identification:_identify(src/rm_localization) by extensions ['colcon_meta']
[0.240s] Level 1:colcon.colcon_core.package_identification:_identify(src/rm_localization) by extension 'colcon_meta'
[0.240s] Level 1:colcon.colcon_core.package_identification:_identify(src/rm_localization) by extensions ['ros']
[0.240s] Level 1:colcon.colcon_core.package_identification:_identify(src/rm_localization) by extension 'ros'
[0.240s] Level 1:colcon.colcon_core.package_identification:_identify(src/rm_localization) by extensions ['cmake', 'python']
[0.240s] Level 1:colcon.colcon_core.package_identification:_identify(src/rm_localization) by extension 'cmake'
[0.240s] Level 1:colcon.colcon_core.package_identification:_identify(src/rm_localization) by extension 'python'
[0.240s] Level 1:colcon.colcon_core.package_identification:_identify(src/rm_localization) by extensions ['python_setup_py']
[0.240s] Level 1:colcon.colcon_core.package_identification:_identify(src/rm_localization) by extension 'python_setup_py'
[0.240s] Level 1:colcon.colcon_core.package_identification:_identify(src/rm_localization/fast_lio) by extensions ['ignore', 'ignore_ament_install']
[0.241s] Level 1:colcon.colcon_core.package_identification:_identify(src/rm_localization/fast_lio) by extension 'ignore'
[0.241s] Level 1:colcon.colcon_core.package_identification:_identify(src/rm_localization/fast_lio) by extension 'ignore_ament_install'
[0.241s] Level 1:colcon.colcon_core.package_identification:_identify(src/rm_localization/fast_lio) by extensions ['colcon_pkg']
[0.241s] Level 1:colcon.colcon_core.package_identification:_identify(src/rm_localization/fast_lio) by extension 'colcon_pkg'
[0.241s] Level 1:colcon.colcon_core.package_identification:_identify(src/rm_localization/fast_lio) by extensions ['colcon_meta']
[0.241s] Level 1:colcon.colcon_core.package_identification:_identify(src/rm_localization/fast_lio) by extension 'colcon_meta'
[0.241s] Level 1:colcon.colcon_core.package_identification:_identify(src/rm_localization/fast_lio) by extensions ['ros']
[0.241s] Level 1:colcon.colcon_core.package_identification:_identify(src/rm_localization/fast_lio) by extension 'ros'
[0.241s] DEBUG:colcon.colcon_core.package_identification:Package 'src/rm_localization/fast_lio' with type 'ros.ament_cmake' and name 'fast_lio'
[0.241s] Level 1:colcon.colcon_core.package_identification:_identify(src/rm_localization/icp_localization_ros2) by extensions ['ignore', 'ignore_ament_install']
[0.242s] Level 1:colcon.colcon_core.package_identification:_identify(src/rm_localization/icp_localization_ros2) by extension 'ignore'
[0.242s] Level 1:colcon.colcon_core.package_identification:_identify(src/rm_localization/icp_localization_ros2) by extension 'ignore_ament_install'
[0.242s] Level 1:colcon.colcon_core.package_identification:_identify(src/rm_localization/icp_localization_ros2) by extensions ['colcon_pkg']
[0.242s] Level 1:colcon.colcon_core.package_identification:_identify(src/rm_localization/icp_localization_ros2) by extension 'colcon_pkg'
[0.242s] Level 1:colcon.colcon_core.package_identification:_identify(src/rm_localization/icp_localization_ros2) by extensions ['colcon_meta']
[0.242s] Level 1:colcon.colcon_core.package_identification:_identify(src/rm_localization/icp_localization_ros2) by extension 'colcon_meta'
[0.242s] Level 1:colcon.colcon_core.package_identification:_identify(src/rm_localization/icp_localization_ros2) by extensions ['ros']
[0.242s] Level 1:colcon.colcon_core.package_identification:_identify(src/rm_localization/icp_localization_ros2) by extension 'ros'
[0.243s] DEBUG:colcon.colcon_core.package_identification:Package 'src/rm_localization/icp_localization_ros2' with type 'ros.ament_cmake' and name 'icp_localization_ros2'
[0.243s] Level 1:colcon.colcon_core.package_identification:_identify(src/rm_navigation) by extensions ['ignore', 'ignore_ament_install']
[0.243s] Level 1:colcon.colcon_core.package_identification:_identify(src/rm_navigation) by extension 'ignore'
[0.243s] Level 1:colcon.colcon_core.package_identification:_identify(src/rm_navigation) by extension 'ignore_ament_install'
[0.243s] Level 1:colcon.colcon_core.package_identification:_identify(src/rm_navigation) by extensions ['colcon_pkg']
[0.243s] Level 1:colcon.colcon_core.package_identification:_identify(src/rm_navigation) by extension 'colcon_pkg'
[0.243s] Level 1:colcon.colcon_core.package_identification:_identify(src/rm_navigation) by extensions ['colcon_meta']
[0.243s] Level 1:colcon.colcon_core.package_identification:_identify(src/rm_navigation) by extension 'colcon_meta'
[0.243s] Level 1:colcon.colcon_core.package_identification:_identify(src/rm_navigation) by extensions ['ros']
[0.243s] Level 1:colcon.colcon_core.package_identification:_identify(src/rm_navigation) by extension 'ros'
[0.243s] DEBUG:colcon.colcon_core.package_identification:Package 'src/rm_navigation' with type 'ros.ament_cmake' and name 'rm_navigation'
[0.243s] Level 1:colcon.colcon_core.package_identification:_identify(src/rm_perception) by extensions ['ignore', 'ignore_ament_install']
[0.243s] Level 1:colcon.colcon_core.package_identification:_identify(src/rm_perception) by extension 'ignore'
[0.243s] Level 1:colcon.colcon_core.package_identification:_identify(src/rm_perception) by extension 'ignore_ament_install'
[0.243s] Level 1:colcon.colcon_core.package_identification:_identify(src/rm_perception) by extensions ['colcon_pkg']
[0.243s] Level 1:colcon.colcon_core.package_identification:_identify(src/rm_perception) by extension 'colcon_pkg'
[0.243s] Level 1:colcon.colcon_core.package_identification:_identify(src/rm_perception) by extensions ['colcon_meta']
[0.243s] Level 1:colcon.colcon_core.package_identification:_identify(src/rm_perception) by extension 'colcon_meta'
[0.243s] Level 1:colcon.colcon_core.package_identification:_identify(src/rm_perception) by extensions ['ros']
[0.243s] Level 1:colcon.colcon_core.package_identification:_identify(src/rm_perception) by extension 'ros'
[0.243s] Level 1:colcon.colcon_core.package_identification:_identify(src/rm_perception) by extensions ['cmake', 'python']
[0.243s] Level 1:colcon.colcon_core.package_identification:_identify(src/rm_perception) by extension 'cmake'
[0.243s] Level 1:colcon.colcon_core.package_identification:_identify(src/rm_perception) by extension 'python'
[0.243s] Level 1:colcon.colcon_core.package_identification:_identify(src/rm_perception) by extensions ['python_setup_py']
[0.243s] Level 1:colcon.colcon_core.package_identification:_identify(src/rm_perception) by extension 'python_setup_py'
[0.243s] Level 1:colcon.colcon_core.package_identification:_identify(src/rm_perception/imu_complementary_filter) by extensions ['ignore', 'ignore_ament_install']
[0.244s] Level 1:colcon.colcon_core.package_identification:_identify(src/rm_perception/imu_complementary_filter) by extension 'ignore'
[0.244s] Level 1:colcon.colcon_core.package_identification:_identify(src/rm_perception/imu_complementary_filter) by extension 'ignore_ament_install'
[0.244s] Level 1:colcon.colcon_core.package_identification:_identify(src/rm_perception/imu_complementary_filter) by extensions ['colcon_pkg']
[0.244s] Level 1:colcon.colcon_core.package_identification:_identify(src/rm_perception/imu_complementary_filter) by extension 'colcon_pkg'
[0.244s] Level 1:colcon.colcon_core.package_identification:_identify(src/rm_perception/imu_complementary_filter) by extensions ['colcon_meta']
[0.244s] Level 1:colcon.colcon_core.package_identification:_identify(src/rm_perception/imu_complementary_filter) by extension 'colcon_meta'
[0.244s] Level 1:colcon.colcon_core.package_identification:_identify(src/rm_perception/imu_complementary_filter) by extensions ['ros']
[0.244s] Level 1:colcon.colcon_core.package_identification:_identify(src/rm_perception/imu_complementary_filter) by extension 'ros'
[0.244s] DEBUG:colcon.colcon_core.package_identification:Package 'src/rm_perception/imu_complementary_filter' with type 'ros.ament_cmake' and name 'imu_complementary_filter'
[0.244s] Level 1:colcon.colcon_core.package_identification:_identify(src/rm_perception/linefit_ground_segementation_ros2) by extensions ['ignore', 'ignore_ament_install']
[0.244s] Level 1:colcon.colcon_core.package_identification:_identify(src/rm_perception/linefit_ground_segementation_ros2) by extension 'ignore'
[0.244s] Level 1:colcon.colcon_core.package_identification:_identify(src/rm_perception/linefit_ground_segementation_ros2) by extension 'ignore_ament_install'
[0.244s] Level 1:colcon.colcon_core.package_identification:_identify(src/rm_perception/linefit_ground_segementation_ros2) by extensions ['colcon_pkg']
[0.244s] Level 1:colcon.colcon_core.package_identification:_identify(src/rm_perception/linefit_ground_segementation_ros2) by extension 'colcon_pkg'
[0.244s] Level 1:colcon.colcon_core.package_identification:_identify(src/rm_perception/linefit_ground_segementation_ros2) by extensions ['colcon_meta']
[0.244s] Level 1:colcon.colcon_core.package_identification:_identify(src/rm_perception/linefit_ground_segementation_ros2) by extension 'colcon_meta'
[0.244s] Level 1:colcon.colcon_core.package_identification:_identify(src/rm_perception/linefit_ground_segementation_ros2) by extensions ['ros']
[0.244s] Level 1:colcon.colcon_core.package_identification:_identify(src/rm_perception/linefit_ground_segementation_ros2) by extension 'ros'
[0.244s] Level 1:colcon.colcon_core.package_identification:_identify(src/rm_perception/linefit_ground_segementation_ros2) by extensions ['cmake', 'python']
[0.244s] Level 1:colcon.colcon_core.package_identification:_identify(src/rm_perception/linefit_ground_segementation_ros2) by extension 'cmake'
[0.244s] Level 1:colcon.colcon_core.package_identification:_identify(src/rm_perception/linefit_ground_segementation_ros2) by extension 'python'
[0.244s] Level 1:colcon.colcon_core.package_identification:_identify(src/rm_perception/linefit_ground_segementation_ros2) by extensions ['python_setup_py']
[0.244s] Level 1:colcon.colcon_core.package_identification:_identify(src/rm_perception/linefit_ground_segementation_ros2) by extension 'python_setup_py'
[0.245s] Level 1:colcon.colcon_core.package_identification:_identify(src/rm_perception/linefit_ground_segementation_ros2/doc) by extensions ['ignore', 'ignore_ament_install']
[0.245s] Level 1:colcon.colcon_core.package_identification:_identify(src/rm_perception/linefit_ground_segementation_ros2/doc) by extension 'ignore'
[0.245s] Level 1:colcon.colcon_core.package_identification:_identify(src/rm_perception/linefit_ground_segementation_ros2/doc) by extension 'ignore_ament_install'
[0.245s] Level 1:colcon.colcon_core.package_identification:_identify(src/rm_perception/linefit_ground_segementation_ros2/doc) by extensions ['colcon_pkg']
[0.245s] Level 1:colcon.colcon_core.package_identification:_identify(src/rm_perception/linefit_ground_segementation_ros2/doc) by extension 'colcon_pkg'
[0.245s] Level 1:colcon.colcon_core.package_identification:_identify(src/rm_perception/linefit_ground_segementation_ros2/doc) by extensions ['colcon_meta']
[0.245s] Level 1:colcon.colcon_core.package_identification:_identify(src/rm_perception/linefit_ground_segementation_ros2/doc) by extension 'colcon_meta'
[0.245s] Level 1:colcon.colcon_core.package_identification:_identify(src/rm_perception/linefit_ground_segementation_ros2/doc) by extensions ['ros']
[0.245s] Level 1:colcon.colcon_core.package_identification:_identify(src/rm_perception/linefit_ground_segementation_ros2/doc) by extension 'ros'
[0.245s] Level 1:colcon.colcon_core.package_identification:_identify(src/rm_perception/linefit_ground_segementation_ros2/doc) by extensions ['cmake', 'python']
[0.245s] Level 1:colcon.colcon_core.package_identification:_identify(src/rm_perception/linefit_ground_segementation_ros2/doc) by extension 'cmake'
[0.245s] Level 1:colcon.colcon_core.package_identification:_identify(src/rm_perception/linefit_ground_segementation_ros2/doc) by extension 'python'
[0.245s] Level 1:colcon.colcon_core.package_identification:_identify(src/rm_perception/linefit_ground_segementation_ros2/doc) by extensions ['python_setup_py']
[0.245s] Level 1:colcon.colcon_core.package_identification:_identify(src/rm_perception/linefit_ground_segementation_ros2/doc) by extension 'python_setup_py'
[0.245s] Level 1:colcon.colcon_core.package_identification:_identify(src/rm_perception/linefit_ground_segementation_ros2/linefit_ground_segmentation) by extensions ['ignore', 'ignore_ament_install']
[0.245s] Level 1:colcon.colcon_core.package_identification:_identify(src/rm_perception/linefit_ground_segementation_ros2/linefit_ground_segmentation) by extension 'ignore'
[0.245s] Level 1:colcon.colcon_core.package_identification:_identify(src/rm_perception/linefit_ground_segementation_ros2/linefit_ground_segmentation) by extension 'ignore_ament_install'
[0.245s] Level 1:colcon.colcon_core.package_identification:_identify(src/rm_perception/linefit_ground_segementation_ros2/linefit_ground_segmentation) by extensions ['colcon_pkg']
[0.245s] Level 1:colcon.colcon_core.package_identification:_identify(src/rm_perception/linefit_ground_segementation_ros2/linefit_ground_segmentation) by extension 'colcon_pkg'
[0.245s] Level 1:colcon.colcon_core.package_identification:_identify(src/rm_perception/linefit_ground_segementation_ros2/linefit_ground_segmentation) by extensions ['colcon_meta']
[0.245s] Level 1:colcon.colcon_core.package_identification:_identify(src/rm_perception/linefit_ground_segementation_ros2/linefit_ground_segmentation) by extension 'colcon_meta'
[0.245s] Level 1:colcon.colcon_core.package_identification:_identify(src/rm_perception/linefit_ground_segementation_ros2/linefit_ground_segmentation) by extensions ['ros']
[0.245s] Level 1:colcon.colcon_core.package_identification:_identify(src/rm_perception/linefit_ground_segementation_ros2/linefit_ground_segmentation) by extension 'ros'
[0.245s] DEBUG:colcon.colcon_core.package_identification:Package 'src/rm_perception/linefit_ground_segementation_ros2/linefit_ground_segmentation' with type 'ros.ament_cmake' and name 'linefit_ground_segmentation'
[0.246s] Level 1:colcon.colcon_core.package_identification:_identify(src/rm_perception/linefit_ground_segementation_ros2/linefit_ground_segmentation_ros) by extensions ['ignore', 'ignore_ament_install']
[0.246s] Level 1:colcon.colcon_core.package_identification:_identify(src/rm_perception/linefit_ground_segementation_ros2/linefit_ground_segmentation_ros) by extension 'ignore'
[0.246s] Level 1:colcon.colcon_core.package_identification:_identify(src/rm_perception/linefit_ground_segementation_ros2/linefit_ground_segmentation_ros) by extension 'ignore_ament_install'
[0.246s] Level 1:colcon.colcon_core.package_identification:_identify(src/rm_perception/linefit_ground_segementation_ros2/linefit_ground_segmentation_ros) by extensions ['colcon_pkg']
[0.246s] Level 1:colcon.colcon_core.package_identification:_identify(src/rm_perception/linefit_ground_segementation_ros2/linefit_ground_segmentation_ros) by extension 'colcon_pkg'
[0.246s] Level 1:colcon.colcon_core.package_identification:_identify(src/rm_perception/linefit_ground_segementation_ros2/linefit_ground_segmentation_ros) by extensions ['colcon_meta']
[0.246s] Level 1:colcon.colcon_core.package_identification:_identify(src/rm_perception/linefit_ground_segementation_ros2/linefit_ground_segmentation_ros) by extension 'colcon_meta'
[0.246s] Level 1:colcon.colcon_core.package_identification:_identify(src/rm_perception/linefit_ground_segementation_ros2/linefit_ground_segmentation_ros) by extensions ['ros']
[0.246s] Level 1:colcon.colcon_core.package_identification:_identify(src/rm_perception/linefit_ground_segementation_ros2/linefit_ground_segmentation_ros) by extension 'ros'
[0.246s] DEBUG:colcon.colcon_core.package_identification:Package 'src/rm_perception/linefit_ground_segementation_ros2/linefit_ground_segmentation_ros' with type 'ros.ament_cmake' and name 'linefit_ground_segmentation_ros'
[0.246s] Level 1:colcon.colcon_core.package_identification:_identify(src/rm_perception/pointcloud_to_laserscan) by extensions ['ignore', 'ignore_ament_install']
[0.246s] Level 1:colcon.colcon_core.package_identification:_identify(src/rm_perception/pointcloud_to_laserscan) by extension 'ignore'
[0.246s] Level 1:colcon.colcon_core.package_identification:_identify(src/rm_perception/pointcloud_to_laserscan) by extension 'ignore_ament_install'
[0.246s] Level 1:colcon.colcon_core.package_identification:_identify(src/rm_perception/pointcloud_to_laserscan) by extensions ['colcon_pkg']
[0.246s] Level 1:colcon.colcon_core.package_identification:_identify(src/rm_perception/pointcloud_to_laserscan) by extension 'colcon_pkg'
[0.246s] Level 1:colcon.colcon_core.package_identification:_identify(src/rm_perception/pointcloud_to_laserscan) by extensions ['colcon_meta']
[0.246s] Level 1:colcon.colcon_core.package_identification:_identify(src/rm_perception/pointcloud_to_laserscan) by extension 'colcon_meta'
[0.246s] Level 1:colcon.colcon_core.package_identification:_identify(src/rm_perception/pointcloud_to_laserscan) by extensions ['ros']
[0.246s] Level 1:colcon.colcon_core.package_identification:_identify(src/rm_perception/pointcloud_to_laserscan) by extension 'ros'
[0.247s] DEBUG:colcon.colcon_core.package_identification:Package 'src/rm_perception/pointcloud_to_laserscan' with type 'ros.ament_cmake' and name 'pointcloud_to_laserscan'
[0.247s] Level 1:colcon.colcon_core.package_identification:_identify(src/rm_sensors) by extensions ['ignore', 'ignore_ament_install']
[0.247s] Level 1:colcon.colcon_core.package_identification:_identify(src/rm_sensors) by extension 'ignore'
[0.247s] Level 1:colcon.colcon_core.package_identification:_identify(src/rm_sensors) by extension 'ignore_ament_install'
[0.247s] Level 1:colcon.colcon_core.package_identification:_identify(src/rm_sensors) by extensions ['colcon_pkg']
[0.247s] Level 1:colcon.colcon_core.package_identification:_identify(src/rm_sensors) by extension 'colcon_pkg'
[0.247s] Level 1:colcon.colcon_core.package_identification:_identify(src/rm_sensors) by extensions ['colcon_meta']
[0.247s] Level 1:colcon.colcon_core.package_identification:_identify(src/rm_sensors) by extension 'colcon_meta'
[0.247s] Level 1:colcon.colcon_core.package_identification:_identify(src/rm_sensors) by extensions ['ros']
[0.247s] Level 1:colcon.colcon_core.package_identification:_identify(src/rm_sensors) by extension 'ros'
[0.247s] Level 1:colcon.colcon_core.package_identification:_identify(src/rm_sensors) by extensions ['cmake', 'python']
[0.248s] Level 1:colcon.colcon_core.package_identification:_identify(src/rm_sensors) by extension 'cmake'
[0.248s] Level 1:colcon.colcon_core.package_identification:_identify(src/rm_sensors) by extension 'python'
[0.248s] Level 1:colcon.colcon_core.package_identification:_identify(src/rm_sensors) by extensions ['python_setup_py']
[0.248s] Level 1:colcon.colcon_core.package_identification:_identify(src/rm_sensors) by extension 'python_setup_py'
[0.248s] Level 1:colcon.colcon_core.package_identification:_identify(src/rm_sensors/livox_ros_driver2) by extensions ['ignore', 'ignore_ament_install']
[0.248s] Level 1:colcon.colcon_core.package_identification:_identify(src/rm_sensors/livox_ros_driver2) by extension 'ignore'
[0.248s] Level 1:colcon.colcon_core.package_identification:_identify(src/rm_sensors/livox_ros_driver2) by extension 'ignore_ament_install'
[0.248s] Level 1:colcon.colcon_core.package_identification:_identify(src/rm_sensors/livox_ros_driver2) by extensions ['colcon_pkg']
[0.248s] Level 1:colcon.colcon_core.package_identification:_identify(src/rm_sensors/livox_ros_driver2) by extension 'colcon_pkg'
[0.248s] Level 1:colcon.colcon_core.package_identification:_identify(src/rm_sensors/livox_ros_driver2) by extensions ['colcon_meta']
[0.248s] Level 1:colcon.colcon_core.package_identification:_identify(src/rm_sensors/livox_ros_driver2) by extension 'colcon_meta'
[0.248s] Level 1:colcon.colcon_core.package_identification:_identify(src/rm_sensors/livox_ros_driver2) by extensions ['ros']
[0.248s] Level 1:colcon.colcon_core.package_identification:_identify(src/rm_sensors/livox_ros_driver2) by extension 'ros'
[0.249s] DEBUG:colcon.colcon_core.package_identification:Package 'src/rm_sensors/livox_ros_driver2' with type 'ros.ament_cmake' and name 'livox_ros_driver2'
[0.249s] Level 1:colcon.colcon_core.package_identification:_identify(src/rm_sensors/rplidar_ros) by extensions ['ignore', 'ignore_ament_install']
[0.249s] Level 1:colcon.colcon_core.package_identification:_identify(src/rm_sensors/rplidar_ros) by extension 'ignore'
[0.249s] Level 1:colcon.colcon_core.package_identification:_identify(src/rm_sensors/rplidar_ros) by extension 'ignore_ament_install'
[0.249s] Level 1:colcon.colcon_core.package_identification:_identify(src/rm_sensors/rplidar_ros) by extensions ['colcon_pkg']
[0.249s] Level 1:colcon.colcon_core.package_identification:_identify(src/rm_sensors/rplidar_ros) by extension 'colcon_pkg'
[0.249s] Level 1:colcon.colcon_core.package_identification:_identify(src/rm_sensors/rplidar_ros) by extensions ['colcon_meta']
[0.249s] Level 1:colcon.colcon_core.package_identification:_identify(src/rm_sensors/rplidar_ros) by extension 'colcon_meta'
[0.249s] Level 1:colcon.colcon_core.package_identification:_identify(src/rm_sensors/rplidar_ros) by extensions ['ros']
[0.249s] Level 1:colcon.colcon_core.package_identification:_identify(src/rm_sensors/rplidar_ros) by extension 'ros'
[0.249s] DEBUG:colcon.colcon_core.package_identification:Package 'src/rm_sensors/rplidar_ros' with type 'ros.ament_cmake' and name 'rplidar_ros'
[0.249s] Level 1:colcon.colcon_core.package_discovery:discover_packages(recursive) using defaults
[0.249s] Level 1:colcon.colcon_core.package_discovery:discover_packages(ignore) discover
[0.249s] Level 1:colcon.colcon_core.package_discovery:discover_packages(ignore) using defaults
[0.249s] Level 1:colcon.colcon_core.package_discovery:discover_packages(path) discover
[0.249s] Level 1:colcon.colcon_core.package_discovery:discover_packages(path) using defaults
[0.263s] Level 1:colcon.colcon_core.package_discovery:discover_packages(prefix_path) check parameters
[0.263s] Level 1:colcon.colcon_core.package_discovery:discover_packages(prefix_path) discover
[0.265s] DEBUG:colcon.colcon_installed_package_information.package_discovery:Found 407 installed packages in /opt/ros/humble
[0.266s] Level 1:colcon.colcon_core.package_discovery:discover_packages(prefix_path) using defaults
[0.293s] Level 5:colcon.colcon_core.verb:set package 'icp_localization_ros2' build argument 'cmake_args' from command line to 'None'
[0.293s] Level 5:colcon.colcon_core.verb:set package 'icp_localization_ros2' build argument 'cmake_target' from command line to 'None'
[0.293s] Level 5:colcon.colcon_core.verb:set package 'icp_localization_ros2' build argument 'cmake_target_skip_unavailable' from command line to 'False'
[0.293s] Level 5:colcon.colcon_core.verb:set package 'icp_localization_ros2' build argument 'cmake_clean_cache' from command line to 'False'
[0.293s] Level 5:colcon.colcon_core.verb:set package 'icp_localization_ros2' build argument 'cmake_clean_first' from command line to 'False'
[0.293s] Level 5:colcon.colcon_core.verb:set package 'icp_localization_ros2' build argument 'cmake_force_configure' from command line to 'False'
[0.293s] Level 5:colcon.colcon_core.verb:set package 'icp_localization_ros2' build argument 'ament_cmake_args' from command line to 'None'
[0.293s] Level 5:colcon.colcon_core.verb:set package 'icp_localization_ros2' build argument 'catkin_cmake_args' from command line to 'None'
[0.293s] Level 5:colcon.colcon_core.verb:set package 'icp_localization_ros2' build argument 'catkin_skip_building_tests' from command line to 'False'
[0.293s] DEBUG:colcon.colcon_core.verb:Building package 'icp_localization_ros2' with the following arguments: {'ament_cmake_args': None, 'build_base': '/home/ljhua/ROBOCON2026/lidar_test/rc2026/build/icp_localization_ros2', 'catkin_cmake_args': None, 'catkin_skip_building_tests': False, 'cmake_args': None, 'cmake_clean_cache': False, 'cmake_clean_first': False, 'cmake_force_configure': False, 'cmake_target': None, 'cmake_target_skip_unavailable': False, 'install_base': '/home/ljhua/ROBOCON2026/lidar_test/rc2026/install/icp_localization_ros2', 'merge_install': False, 'path': '/home/ljhua/ROBOCON2026/lidar_test/rc2026/src/rm_localization/icp_localization_ros2', 'symlink_install': True, 'test_result_base': None}
[0.293s] Level 5:colcon.colcon_core.verb:set package 'imu_complementary_filter' build argument 'cmake_args' from command line to 'None'
[0.293s] Level 5:colcon.colcon_core.verb:set package 'imu_complementary_filter' build argument 'cmake_target' from command line to 'None'
[0.293s] Level 5:colcon.colcon_core.verb:set package 'imu_complementary_filter' build argument 'cmake_target_skip_unavailable' from command line to 'False'
[0.293s] Level 5:colcon.colcon_core.verb:set package 'imu_complementary_filter' build argument 'cmake_clean_cache' from command line to 'False'
[0.294s] Level 5:colcon.colcon_core.verb:set package 'imu_complementary_filter' build argument 'cmake_clean_first' from command line to 'False'
[0.294s] Level 5:colcon.colcon_core.verb:set package 'imu_complementary_filter' build argument 'cmake_force_configure' from command line to 'False'
[0.294s] Level 5:colcon.colcon_core.verb:set package 'imu_complementary_filter' build argument 'ament_cmake_args' from command line to 'None'
[0.294s] Level 5:colcon.colcon_core.verb:set package 'imu_complementary_filter' build argument 'catkin_cmake_args' from command line to 'None'
[0.294s] Level 5:colcon.colcon_core.verb:set package 'imu_complementary_filter' build argument 'catkin_skip_building_tests' from command line to 'False'
[0.294s] DEBUG:colcon.colcon_core.verb:Building package 'imu_complementary_filter' with the following arguments: {'ament_cmake_args': None, 'build_base': '/home/ljhua/ROBOCON2026/lidar_test/rc2026/build/imu_complementary_filter', 'catkin_cmake_args': None, 'catkin_skip_building_tests': False, 'cmake_args': None, 'cmake_clean_cache': False, 'cmake_clean_first': False, 'cmake_force_configure': False, 'cmake_target': None, 'cmake_target_skip_unavailable': False, 'install_base': '/home/ljhua/ROBOCON2026/lidar_test/rc2026/install/imu_complementary_filter', 'merge_install': False, 'path': '/home/ljhua/ROBOCON2026/lidar_test/rc2026/src/rm_perception/imu_complementary_filter', 'symlink_install': True, 'test_result_base': None}
[0.294s] Level 5:colcon.colcon_core.verb:set package 'linefit_ground_segmentation' build argument 'cmake_args' from command line to 'None'
[0.294s] Level 5:colcon.colcon_core.verb:set package 'linefit_ground_segmentation' build argument 'cmake_target' from command line to 'None'
[0.294s] Level 5:colcon.colcon_core.verb:set package 'linefit_ground_segmentation' build argument 'cmake_target_skip_unavailable' from command line to 'False'
[0.294s] Level 5:colcon.colcon_core.verb:set package 'linefit_ground_segmentation' build argument 'cmake_clean_cache' from command line to 'False'
[0.294s] Level 5:colcon.colcon_core.verb:set package 'linefit_ground_segmentation' build argument 'cmake_clean_first' from command line to 'False'
[0.294s] Level 5:colcon.colcon_core.verb:set package 'linefit_ground_segmentation' build argument 'cmake_force_configure' from command line to 'False'
[0.294s] Level 5:colcon.colcon_core.verb:set package 'linefit_ground_segmentation' build argument 'ament_cmake_args' from command line to 'None'
[0.294s] Level 5:colcon.colcon_core.verb:set package 'linefit_ground_segmentation' build argument 'catkin_cmake_args' from command line to 'None'
[0.294s] Level 5:colcon.colcon_core.verb:set package 'linefit_ground_segmentation' build argument 'catkin_skip_building_tests' from command line to 'False'
[0.294s] DEBUG:colcon.colcon_core.verb:Building package 'linefit_ground_segmentation' with the following arguments: {'ament_cmake_args': None, 'build_base': '/home/ljhua/ROBOCON2026/lidar_test/rc2026/build/linefit_ground_segmentation', 'catkin_cmake_args': None, 'catkin_skip_building_tests': False, 'cmake_args': None, 'cmake_clean_cache': False, 'cmake_clean_first': False, 'cmake_force_configure': False, 'cmake_target': None, 'cmake_target_skip_unavailable': False, 'install_base': '/home/ljhua/ROBOCON2026/lidar_test/rc2026/install/linefit_ground_segmentation', 'merge_install': False, 'path': '/home/ljhua/ROBOCON2026/lidar_test/rc2026/src/rm_perception/linefit_ground_segementation_ros2/linefit_ground_segmentation', 'symlink_install': True, 'test_result_base': None}
[0.294s] Level 5:colcon.colcon_core.verb:set package 'livox_ros_driver2' build argument 'cmake_args' from command line to 'None'
[0.294s] Level 5:colcon.colcon_core.verb:set package 'livox_ros_driver2' build argument 'cmake_target' from command line to 'None'
[0.294s] Level 5:colcon.colcon_core.verb:set package 'livox_ros_driver2' build argument 'cmake_target_skip_unavailable' from command line to 'False'
[0.294s] Level 5:colcon.colcon_core.verb:set package 'livox_ros_driver2' build argument 'cmake_clean_cache' from command line to 'False'
[0.294s] Level 5:colcon.colcon_core.verb:set package 'livox_ros_driver2' build argument 'cmake_clean_first' from command line to 'False'
[0.294s] Level 5:colcon.colcon_core.verb:set package 'livox_ros_driver2' build argument 'cmake_force_configure' from command line to 'False'
[0.294s] Level 5:colcon.colcon_core.verb:set package 'livox_ros_driver2' build argument 'ament_cmake_args' from command line to 'None'
[0.294s] Level 5:colcon.colcon_core.verb:set package 'livox_ros_driver2' build argument 'catkin_cmake_args' from command line to 'None'
[0.294s] Level 5:colcon.colcon_core.verb:set package 'livox_ros_driver2' build argument 'catkin_skip_building_tests' from command line to 'False'
[0.294s] DEBUG:colcon.colcon_core.verb:Building package 'livox_ros_driver2' with the following arguments: {'ament_cmake_args': None, 'build_base': '/home/ljhua/ROBOCON2026/lidar_test/rc2026/build/livox_ros_driver2', 'catkin_cmake_args': None, 'catkin_skip_building_tests': False, 'cmake_args': None, 'cmake_clean_cache': False, 'cmake_clean_first': False, 'cmake_force_configure': False, 'cmake_target': None, 'cmake_target_skip_unavailable': False, 'install_base': '/home/ljhua/ROBOCON2026/lidar_test/rc2026/install/livox_ros_driver2', 'merge_install': False, 'path': '/home/ljhua/ROBOCON2026/lidar_test/rc2026/src/rm_sensors/livox_ros_driver2', 'symlink_install': True, 'test_result_base': None}
[0.294s] Level 5:colcon.colcon_core.verb:set package 'pointcloud_to_laserscan' build argument 'cmake_args' from command line to 'None'
[0.294s] Level 5:colcon.colcon_core.verb:set package 'pointcloud_to_laserscan' build argument 'cmake_target' from command line to 'None'
[0.294s] Level 5:colcon.colcon_core.verb:set package 'pointcloud_to_laserscan' build argument 'cmake_target_skip_unavailable' from command line to 'False'
[0.294s] Level 5:colcon.colcon_core.verb:set package 'pointcloud_to_laserscan' build argument 'cmake_clean_cache' from command line to 'False'
[0.294s] Level 5:colcon.colcon_core.verb:set package 'pointcloud_to_laserscan' build argument 'cmake_clean_first' from command line to 'False'
[0.294s] Level 5:colcon.colcon_core.verb:set package 'pointcloud_to_laserscan' build argument 'cmake_force_configure' from command line to 'False'
[0.294s] Level 5:colcon.colcon_core.verb:set package 'pointcloud_to_laserscan' build argument 'ament_cmake_args' from command line to 'None'
[0.294s] Level 5:colcon.colcon_core.verb:set package 'pointcloud_to_laserscan' build argument 'catkin_cmake_args' from command line to 'None'
[0.294s] Level 5:colcon.colcon_core.verb:set package 'pointcloud_to_laserscan' build argument 'catkin_skip_building_tests' from command line to 'False'
[0.295s] DEBUG:colcon.colcon_core.verb:Building package 'pointcloud_to_laserscan' with the following arguments: {'ament_cmake_args': None, 'build_base': '/home/ljhua/ROBOCON2026/lidar_test/rc2026/build/pointcloud_to_laserscan', 'catkin_cmake_args': None, 'catkin_skip_building_tests': False, 'cmake_args': None, 'cmake_clean_cache': False, 'cmake_clean_first': False, 'cmake_force_configure': False, 'cmake_target': None, 'cmake_target_skip_unavailable': False, 'install_base': '/home/ljhua/ROBOCON2026/lidar_test/rc2026/install/pointcloud_to_laserscan', 'merge_install': False, 'path': '/home/ljhua/ROBOCON2026/lidar_test/rc2026/src/rm_perception/pointcloud_to_laserscan', 'symlink_install': True, 'test_result_base': None}
[0.295s] Level 5:colcon.colcon_core.verb:set package 'rc_keyboard_control' build argument 'cmake_args' from command line to 'None'
[0.295s] Level 5:colcon.colcon_core.verb:set package 'rc_keyboard_control' build argument 'cmake_target' from command line to 'None'
[0.295s] Level 5:colcon.colcon_core.verb:set package 'rc_keyboard_control' build argument 'cmake_target_skip_unavailable' from command line to 'False'
[0.295s] Level 5:colcon.colcon_core.verb:set package 'rc_keyboard_control' build argument 'cmake_clean_cache' from command line to 'False'
[0.295s] Level 5:colcon.colcon_core.verb:set package 'rc_keyboard_control' build argument 'cmake_clean_first' from command line to 'False'
[0.295s] Level 5:colcon.colcon_core.verb:set package 'rc_keyboard_control' build argument 'cmake_force_configure' from command line to 'False'
[0.295s] Level 5:colcon.colcon_core.verb:set package 'rc_keyboard_control' build argument 'ament_cmake_args' from command line to 'None'
[0.295s] Level 5:colcon.colcon_core.verb:set package 'rc_keyboard_control' build argument 'catkin_cmake_args' from command line to 'None'
[0.295s] Level 5:colcon.colcon_core.verb:set package 'rc_keyboard_control' build argument 'catkin_skip_building_tests' from command line to 'False'
[0.295s] DEBUG:colcon.colcon_core.verb:Building package 'rc_keyboard_control' with the following arguments: {'ament_cmake_args': None, 'build_base': '/home/ljhua/ROBOCON2026/lidar_test/rc2026/build/rc_keyboard_control', 'catkin_cmake_args': None, 'catkin_skip_building_tests': False, 'cmake_args': None, 'cmake_clean_cache': False, 'cmake_clean_first': False, 'cmake_force_configure': False, 'cmake_target': None, 'cmake_target_skip_unavailable': False, 'install_base': '/home/ljhua/ROBOCON2026/lidar_test/rc2026/install/rc_keyboard_control', 'merge_install': False, 'path': '/home/ljhua/ROBOCON2026/lidar_test/rc2026/src/rc_keyboard_control', 'symlink_install': True, 'test_result_base': None}
[0.295s] Level 5:colcon.colcon_core.verb:set package 'rc_serial_driver' build argument 'cmake_args' from command line to 'None'
[0.295s] Level 5:colcon.colcon_core.verb:set package 'rc_serial_driver' build argument 'cmake_target' from command line to 'None'
[0.295s] Level 5:colcon.colcon_core.verb:set package 'rc_serial_driver' build argument 'cmake_target_skip_unavailable' from command line to 'False'
[0.295s] Level 5:colcon.colcon_core.verb:set package 'rc_serial_driver' build argument 'cmake_clean_cache' from command line to 'False'
[0.295s] Level 5:colcon.colcon_core.verb:set package 'rc_serial_driver' build argument 'cmake_clean_first' from command line to 'False'
[0.295s] Level 5:colcon.colcon_core.verb:set package 'rc_serial_driver' build argument 'cmake_force_configure' from command line to 'False'
[0.295s] Level 5:colcon.colcon_core.verb:set package 'rc_serial_driver' build argument 'ament_cmake_args' from command line to 'None'
[0.295s] Level 5:colcon.colcon_core.verb:set package 'rc_serial_driver' build argument 'catkin_cmake_args' from command line to 'None'
[0.295s] Level 5:colcon.colcon_core.verb:set package 'rc_serial_driver' build argument 'catkin_skip_building_tests' from command line to 'False'
[0.295s] DEBUG:colcon.colcon_core.verb:Building package 'rc_serial_driver' with the following arguments: {'ament_cmake_args': None, 'build_base': '/home/ljhua/ROBOCON2026/lidar_test/rc2026/build/rc_serial_driver', 'catkin_cmake_args': None, 'catkin_skip_building_tests': False, 'cmake_args': None, 'cmake_clean_cache': False, 'cmake_clean_first': False, 'cmake_force_configure': False, 'cmake_target': None, 'cmake_target_skip_unavailable': False, 'install_base': '/home/ljhua/ROBOCON2026/lidar_test/rc2026/install/rc_serial_driver', 'merge_install': False, 'path': '/home/ljhua/ROBOCON2026/lidar_test/rc2026/src/rc_serial_driver', 'symlink_install': True, 'test_result_base': None}
[0.295s] Level 5:colcon.colcon_core.verb:set package 'rm_navigation' build argument 'cmake_args' from command line to 'None'
[0.295s] Level 5:colcon.colcon_core.verb:set package 'rm_navigation' build argument 'cmake_target' from command line to 'None'
[0.295s] Level 5:colcon.colcon_core.verb:set package 'rm_navigation' build argument 'cmake_target_skip_unavailable' from command line to 'False'
[0.295s] Level 5:colcon.colcon_core.verb:set package 'rm_navigation' build argument 'cmake_clean_cache' from command line to 'False'
[0.295s] Level 5:colcon.colcon_core.verb:set package 'rm_navigation' build argument 'cmake_clean_first' from command line to 'False'
[0.295s] Level 5:colcon.colcon_core.verb:set package 'rm_navigation' build argument 'cmake_force_configure' from command line to 'False'
[0.295s] Level 5:colcon.colcon_core.verb:set package 'rm_navigation' build argument 'ament_cmake_args' from command line to 'None'
[0.295s] Level 5:colcon.colcon_core.verb:set package 'rm_navigation' build argument 'catkin_cmake_args' from command line to 'None'
[0.295s] Level 5:colcon.colcon_core.verb:set package 'rm_navigation' build argument 'catkin_skip_building_tests' from command line to 'False'
[0.295s] DEBUG:colcon.colcon_core.verb:Building package 'rm_navigation' with the following arguments: {'ament_cmake_args': None, 'build_base': '/home/ljhua/ROBOCON2026/lidar_test/rc2026/build/rm_navigation', 'catkin_cmake_args': None, 'catkin_skip_building_tests': False, 'cmake_args': None, 'cmake_clean_cache': False, 'cmake_clean_first': False, 'cmake_force_configure': False, 'cmake_target': None, 'cmake_target_skip_unavailable': False, 'install_base': '/home/ljhua/ROBOCON2026/lidar_test/rc2026/install/rm_navigation', 'merge_install': False, 'path': '/home/ljhua/ROBOCON2026/lidar_test/rc2026/src/rm_navigation', 'symlink_install': True, 'test_result_base': None}
[0.296s] Level 5:colcon.colcon_core.verb:set package 'rplidar_ros' build argument 'cmake_args' from command line to 'None'
[0.296s] Level 5:colcon.colcon_core.verb:set package 'rplidar_ros' build argument 'cmake_target' from command line to 'None'
[0.296s] Level 5:colcon.colcon_core.verb:set package 'rplidar_ros' build argument 'cmake_target_skip_unavailable' from command line to 'False'
[0.296s] Level 5:colcon.colcon_core.verb:set package 'rplidar_ros' build argument 'cmake_clean_cache' from command line to 'False'
[0.296s] Level 5:colcon.colcon_core.verb:set package 'rplidar_ros' build argument 'cmake_clean_first' from command line to 'False'
[0.296s] Level 5:colcon.colcon_core.verb:set package 'rplidar_ros' build argument 'cmake_force_configure' from command line to 'False'
[0.296s] Level 5:colcon.colcon_core.verb:set package 'rplidar_ros' build argument 'ament_cmake_args' from command line to 'None'
[0.296s] Level 5:colcon.colcon_core.verb:set package 'rplidar_ros' build argument 'catkin_cmake_args' from command line to 'None'
[0.296s] Level 5:colcon.colcon_core.verb:set package 'rplidar_ros' build argument 'catkin_skip_building_tests' from command line to 'False'
[0.296s] DEBUG:colcon.colcon_core.verb:Building package 'rplidar_ros' with the following arguments: {'ament_cmake_args': None, 'build_base': '/home/ljhua/ROBOCON2026/lidar_test/rc2026/build/rplidar_ros', 'catkin_cmake_args': None, 'catkin_skip_building_tests': False, 'cmake_args': None, 'cmake_clean_cache': False, 'cmake_clean_first': False, 'cmake_force_configure': False, 'cmake_target': None, 'cmake_target_skip_unavailable': False, 'install_base': '/home/ljhua/ROBOCON2026/lidar_test/rc2026/install/rplidar_ros', 'merge_install': False, 'path': '/home/ljhua/ROBOCON2026/lidar_test/rc2026/src/rm_sensors/rplidar_ros', 'symlink_install': True, 'test_result_base': None}
[0.296s] Level 5:colcon.colcon_core.verb:set package 'fast_lio' build argument 'cmake_args' from command line to 'None'
[0.296s] Level 5:colcon.colcon_core.verb:set package 'fast_lio' build argument 'cmake_target' from command line to 'None'
[0.296s] Level 5:colcon.colcon_core.verb:set package 'fast_lio' build argument 'cmake_target_skip_unavailable' from command line to 'False'
[0.296s] Level 5:colcon.colcon_core.verb:set package 'fast_lio' build argument 'cmake_clean_cache' from command line to 'False'
[0.296s] Level 5:colcon.colcon_core.verb:set package 'fast_lio' build argument 'cmake_clean_first' from command line to 'False'
[0.296s] Level 5:colcon.colcon_core.verb:set package 'fast_lio' build argument 'cmake_force_configure' from command line to 'False'
[0.296s] Level 5:colcon.colcon_core.verb:set package 'fast_lio' build argument 'ament_cmake_args' from command line to 'None'
[0.296s] Level 5:colcon.colcon_core.verb:set package 'fast_lio' build argument 'catkin_cmake_args' from command line to 'None'
[0.296s] Level 5:colcon.colcon_core.verb:set package 'fast_lio' build argument 'catkin_skip_building_tests' from command line to 'False'
[0.296s] DEBUG:colcon.colcon_core.verb:Building package 'fast_lio' with the following arguments: {'ament_cmake_args': None, 'build_base': '/home/ljhua/ROBOCON2026/lidar_test/rc2026/build/fast_lio', 'catkin_cmake_args': None, 'catkin_skip_building_tests': False, 'cmake_args': None, 'cmake_clean_cache': False, 'cmake_clean_first': False, 'cmake_force_configure': False, 'cmake_target': None, 'cmake_target_skip_unavailable': False, 'install_base': '/home/ljhua/ROBOCON2026/lidar_test/rc2026/install/fast_lio', 'merge_install': False, 'path': '/home/ljhua/ROBOCON2026/lidar_test/rc2026/src/rm_localization/fast_lio', 'symlink_install': True, 'test_result_base': None}
[0.296s] Level 5:colcon.colcon_core.verb:set package 'linefit_ground_segmentation_ros' build argument 'cmake_args' from command line to 'None'
[0.296s] Level 5:colcon.colcon_core.verb:set package 'linefit_ground_segmentation_ros' build argument 'cmake_target' from command line to 'None'
[0.296s] Level 5:colcon.colcon_core.verb:set package 'linefit_ground_segmentation_ros' build argument 'cmake_target_skip_unavailable' from command line to 'False'
[0.296s] Level 5:colcon.colcon_core.verb:set package 'linefit_ground_segmentation_ros' build argument 'cmake_clean_cache' from command line to 'False'
[0.296s] Level 5:colcon.colcon_core.verb:set package 'linefit_ground_segmentation_ros' build argument 'cmake_clean_first' from command line to 'False'
[0.296s] Level 5:colcon.colcon_core.verb:set package 'linefit_ground_segmentation_ros' build argument 'cmake_force_configure' from command line to 'False'
[0.296s] Level 5:colcon.colcon_core.verb:set package 'linefit_ground_segmentation_ros' build argument 'ament_cmake_args' from command line to 'None'
[0.296s] Level 5:colcon.colcon_core.verb:set package 'linefit_ground_segmentation_ros' build argument 'catkin_cmake_args' from command line to 'None'
[0.296s] Level 5:colcon.colcon_core.verb:set package 'linefit_ground_segmentation_ros' build argument 'catkin_skip_building_tests' from command line to 'False'
[0.296s] DEBUG:colcon.colcon_core.verb:Building package 'linefit_ground_segmentation_ros' with the following arguments: {'ament_cmake_args': None, 'build_base': '/home/ljhua/ROBOCON2026/lidar_test/rc2026/build/linefit_ground_segmentation_ros', 'catkin_cmake_args': None, 'catkin_skip_building_tests': False, 'cmake_args': None, 'cmake_clean_cache': False, 'cmake_clean_first': False, 'cmake_force_configure': False, 'cmake_target': None, 'cmake_target_skip_unavailable': False, 'install_base': '/home/ljhua/ROBOCON2026/lidar_test/rc2026/install/linefit_ground_segmentation_ros', 'merge_install': False, 'path': '/home/ljhua/ROBOCON2026/lidar_test/rc2026/src/rm_perception/linefit_ground_segementation_ros2/linefit_ground_segmentation_ros', 'symlink_install': True, 'test_result_base': None}
[0.296s] INFO:colcon.colcon_core.executor:Executing jobs using 'parallel' executor
[0.297s] DEBUG:colcon.colcon_parallel_executor.executor.parallel:run_until_complete
[0.297s] INFO:colcon.colcon_ros.task.ament_cmake.build:Building ROS package in '/home/ljhua/ROBOCON2026/lidar_test/rc2026/src/rm_perception/linefit_ground_segementation_ros2/linefit_ground_segmentation' with build type 'ament_cmake'
[0.297s] INFO:colcon.colcon_cmake.task.cmake.build:Building CMake package in '/home/ljhua/ROBOCON2026/lidar_test/rc2026/src/rm_perception/linefit_ground_segementation_ros2/linefit_ground_segmentation'
[0.299s] INFO:colcon.colcon_core.plugin_system:Skipping extension 'colcon_core.shell.bat': Not used on non-Windows systems
[0.299s] INFO:colcon.colcon_core.shell:Skip shell extension 'powershell' for command environment: Not usable outside of PowerShell
[0.299s] DEBUG:colcon.colcon_core.shell:Skip shell extension 'dsv' for command environment
[0.301s] INFO:colcon.colcon_ros.task.ament_cmake.build:Building ROS package in '/home/ljhua/ROBOCON2026/lidar_test/rc2026/src/rm_sensors/livox_ros_driver2' with build type 'ament_cmake'
[0.301s] INFO:colcon.colcon_cmake.task.cmake.build:Building CMake package in '/home/ljhua/ROBOCON2026/lidar_test/rc2026/src/rm_sensors/livox_ros_driver2'
[0.301s] INFO:colcon.colcon_core.shell:Skip shell extension 'powershell' for command environment: Not usable outside of PowerShell
[0.302s] DEBUG:colcon.colcon_core.shell:Skip shell extension 'dsv' for command environment
[0.303s] INFO:colcon.colcon_ros.task.ament_cmake.build:Building ROS package in '/home/ljhua/ROBOCON2026/lidar_test/rc2026/src/rm_localization/icp_localization_ros2' with build type 'ament_cmake'
[0.304s] INFO:colcon.colcon_cmake.task.cmake.build:Building CMake package in '/home/ljhua/ROBOCON2026/lidar_test/rc2026/src/rm_localization/icp_localization_ros2'
[0.304s] INFO:colcon.colcon_core.shell:Skip shell extension 'powershell' for command environment: Not usable outside of PowerShell
[0.304s] DEBUG:colcon.colcon_core.shell:Skip shell extension 'dsv' for command environment
[0.305s] INFO:colcon.colcon_ros.task.ament_cmake.build:Building ROS package in '/home/ljhua/ROBOCON2026/lidar_test/rc2026/src/rm_perception/imu_complementary_filter' with build type 'ament_cmake'
[0.306s] INFO:colcon.colcon_cmake.task.cmake.build:Building CMake package in '/home/ljhua/ROBOCON2026/lidar_test/rc2026/src/rm_perception/imu_complementary_filter'
[0.306s] INFO:colcon.colcon_core.shell:Skip shell extension 'powershell' for command environment: Not usable outside of PowerShell
[0.306s] DEBUG:colcon.colcon_core.shell:Skip shell extension 'dsv' for command environment
[0.307s] INFO:colcon.colcon_ros.task.ament_cmake.build:Building ROS package in '/home/ljhua/ROBOCON2026/lidar_test/rc2026/src/rm_perception/pointcloud_to_laserscan' with build type 'ament_cmake'
[0.308s] INFO:colcon.colcon_cmake.task.cmake.build:Building CMake package in '/home/ljhua/ROBOCON2026/lidar_test/rc2026/src/rm_perception/pointcloud_to_laserscan'
[0.308s] INFO:colcon.colcon_core.shell:Skip shell extension 'powershell' for command environment: Not usable outside of PowerShell
[0.308s] DEBUG:colcon.colcon_core.shell:Skip shell extension 'dsv' for command environment
[0.310s] INFO:colcon.colcon_ros.task.ament_python.build:Building ROS package in '/home/ljhua/ROBOCON2026/lidar_test/rc2026/src/rc_keyboard_control' with build type 'ament_python'
[0.310s] Level 1:colcon.colcon_core.shell:create_environment_hook('rc_keyboard_control', 'ament_prefix_path')
[0.310s] INFO:colcon.colcon_core.shell:Creating environment hook '/home/ljhua/ROBOCON2026/lidar_test/rc2026/install/rc_keyboard_control/share/rc_keyboard_control/hook/ament_prefix_path.ps1'
[0.310s] INFO:colcon.colcon_core.shell:Creating environment descriptor '/home/ljhua/ROBOCON2026/lidar_test/rc2026/install/rc_keyboard_control/share/rc_keyboard_control/hook/ament_prefix_path.dsv'
[0.310s] INFO:colcon.colcon_core.shell:Creating environment hook '/home/ljhua/ROBOCON2026/lidar_test/rc2026/install/rc_keyboard_control/share/rc_keyboard_control/hook/ament_prefix_path.sh'
[0.311s] INFO:colcon.colcon_core.shell:Skip shell extension 'powershell' for command environment: Not usable outside of PowerShell
[0.311s] DEBUG:colcon.colcon_core.shell:Skip shell extension 'dsv' for command environment
[0.313s] INFO:colcon.colcon_ros.task.ament_python.build:Building ROS package in '/home/ljhua/ROBOCON2026/lidar_test/rc2026/src/rc_serial_driver' with build type 'ament_python'
[0.313s] Level 1:colcon.colcon_core.shell:create_environment_hook('rc_serial_driver', 'ament_prefix_path')
[0.313s] INFO:colcon.colcon_core.shell:Creating environment hook '/home/ljhua/ROBOCON2026/lidar_test/rc2026/install/rc_serial_driver/share/rc_serial_driver/hook/ament_prefix_path.ps1'
[0.313s] INFO:colcon.colcon_core.shell:Creating environment descriptor '/home/ljhua/ROBOCON2026/lidar_test/rc2026/install/rc_serial_driver/share/rc_serial_driver/hook/ament_prefix_path.dsv'
[0.313s] INFO:colcon.colcon_core.shell:Creating environment hook '/home/ljhua/ROBOCON2026/lidar_test/rc2026/install/rc_serial_driver/share/rc_serial_driver/hook/ament_prefix_path.sh'
[0.314s] INFO:colcon.colcon_core.shell:Skip shell extension 'powershell' for command environment: Not usable outside of PowerShell
[0.314s] DEBUG:colcon.colcon_core.shell:Skip shell extension 'dsv' for command environment
[0.315s] INFO:colcon.colcon_ros.task.ament_cmake.build:Building ROS package in '/home/ljhua/ROBOCON2026/lidar_test/rc2026/src/rm_navigation' with build type 'ament_cmake'
[0.315s] INFO:colcon.colcon_cmake.task.cmake.build:Building CMake package in '/home/ljhua/ROBOCON2026/lidar_test/rc2026/src/rm_navigation'
[0.315s] INFO:colcon.colcon_core.shell:Skip shell extension 'powershell' for command environment: Not usable outside of PowerShell
[0.315s] DEBUG:colcon.colcon_core.shell:Skip shell extension 'dsv' for command environment
[0.317s] INFO:colcon.colcon_ros.task.ament_cmake.build:Building ROS package in '/home/ljhua/ROBOCON2026/lidar_test/rc2026/src/rm_sensors/rplidar_ros' with build type 'ament_cmake'
[0.317s] INFO:colcon.colcon_cmake.task.cmake.build:Building CMake package in '/home/ljhua/ROBOCON2026/lidar_test/rc2026/src/rm_sensors/rplidar_ros'
[0.317s] INFO:colcon.colcon_core.shell:Skip shell extension 'powershell' for command environment: Not usable outside of PowerShell
[0.317s] DEBUG:colcon.colcon_core.shell:Skip shell extension 'dsv' for command environment
[0.323s] DEBUG:colcon.colcon_core.event_handler.log_command:Invoking command in '/home/ljhua/ROBOCON2026/lidar_test/rc2026/build/linefit_ground_segmentation': CMAKE_PREFIX_PATH=/opt/ros/humble /usr/bin/cmake --build /home/ljhua/ROBOCON2026/lidar_test/rc2026/build/linefit_ground_segmentation -- -j20 -l20
[0.325s] DEBUG:colcon.colcon_core.event_handler.log_command:Invoking command in '/home/ljhua/ROBOCON2026/lidar_test/rc2026/build/livox_ros_driver2': CMAKE_PREFIX_PATH=/opt/ros/humble /usr/bin/cmake --build /home/ljhua/ROBOCON2026/lidar_test/rc2026/build/livox_ros_driver2 -- -j20 -l20
[0.327s] DEBUG:colcon.colcon_core.event_handler.log_command:Invoking command in '/home/ljhua/ROBOCON2026/lidar_test/rc2026/build/icp_localization_ros2': CMAKE_PREFIX_PATH=/opt/ros/humble /usr/bin/cmake --build /home/ljhua/ROBOCON2026/lidar_test/rc2026/build/icp_localization_ros2 -- -j20 -l20
[0.328s] DEBUG:colcon.colcon_core.event_handler.log_command:Invoking command in '/home/ljhua/ROBOCON2026/lidar_test/rc2026/build/imu_complementary_filter': CMAKE_PREFIX_PATH=/opt/ros/humble /usr/bin/cmake --build /home/ljhua/ROBOCON2026/lidar_test/rc2026/build/imu_complementary_filter -- -j20 -l20
[0.329s] DEBUG:colcon.colcon_core.event_handler.log_command:Invoking command in '/home/ljhua/ROBOCON2026/lidar_test/rc2026/build/pointcloud_to_laserscan': CMAKE_PREFIX_PATH=/opt/ros/humble /usr/bin/cmake --build /home/ljhua/ROBOCON2026/lidar_test/rc2026/build/pointcloud_to_laserscan -- -j20 -l20
[0.583s] INFO:colcon.colcon_core.task.python.build:Building Python package in '/home/ljhua/ROBOCON2026/lidar_test/rc2026/src/rc_keyboard_control'
[0.583s] INFO:colcon.colcon_core.shell:Skip shell extension 'powershell' for command environment: Not usable outside of PowerShell
[0.583s] DEBUG:colcon.colcon_core.shell:Skip shell extension 'dsv' for command environment
[0.809s] INFO:colcon.colcon_core.task.python.build:Building Python package in '/home/ljhua/ROBOCON2026/lidar_test/rc2026/src/rc_serial_driver'
[0.809s] INFO:colcon.colcon_core.shell:Skip shell extension 'powershell' for command environment: Not usable outside of PowerShell
[0.809s] DEBUG:colcon.colcon_core.shell:Skip shell extension 'dsv' for command environment
[0.814s] DEBUG:colcon.colcon_core.event_handler.log_command:Invoking command in '/home/ljhua/ROBOCON2026/lidar_test/rc2026/build/rm_navigation': CMAKE_PREFIX_PATH=/opt/ros/humble /usr/bin/cmake --build /home/ljhua/ROBOCON2026/lidar_test/rc2026/build/rm_navigation -- -j20 -l20
[0.824s] DEBUG:colcon.colcon_core.event_handler.log_command:Invoking command in '/home/ljhua/ROBOCON2026/lidar_test/rc2026/build/rplidar_ros': CMAKE_PREFIX_PATH=/opt/ros/humble /usr/bin/cmake --build /home/ljhua/ROBOCON2026/lidar_test/rc2026/build/rplidar_ros -- -j20 -l20
[0.824s] DEBUG:colcon.colcon_core.event_handler.log_command:Invoked command in '/home/ljhua/ROBOCON2026/lidar_test/rc2026/build/linefit_ground_segmentation' returned '0': CMAKE_PREFIX_PATH=/opt/ros/humble /usr/bin/cmake --build /home/ljhua/ROBOCON2026/lidar_test/rc2026/build/linefit_ground_segmentation -- -j20 -l20
[0.833s] DEBUG:colcon.colcon_core.event_handler.log_command:Invoking command in '/home/ljhua/ROBOCON2026/lidar_test/rc2026/build/linefit_ground_segmentation': CMAKE_PREFIX_PATH=/opt/ros/humble /usr/bin/cmake --install /home/ljhua/ROBOCON2026/lidar_test/rc2026/build/linefit_ground_segmentation
[0.834s] DEBUG:colcon.colcon_core.event_handler.log_command:Invoked command in '/home/ljhua/ROBOCON2026/lidar_test/rc2026/build/imu_complementary_filter' returned '0': CMAKE_PREFIX_PATH=/opt/ros/humble /usr/bin/cmake --build /home/ljhua/ROBOCON2026/lidar_test/rc2026/build/imu_complementary_filter -- -j20 -l20
[0.835s] DEBUG:colcon.colcon_core.event_handler.log_command:Invoking command in '/home/ljhua/ROBOCON2026/lidar_test/rc2026/build/imu_complementary_filter': CMAKE_PREFIX_PATH=/opt/ros/humble /usr/bin/cmake --install /home/ljhua/ROBOCON2026/lidar_test/rc2026/build/imu_complementary_filter
[0.835s] DEBUG:colcon.colcon_core.event_handler.log_command:Invoked command in '/home/ljhua/ROBOCON2026/lidar_test/rc2026/build/icp_localization_ros2' returned '0': CMAKE_PREFIX_PATH=/opt/ros/humble /usr/bin/cmake --build /home/ljhua/ROBOCON2026/lidar_test/rc2026/build/icp_localization_ros2 -- -j20 -l20
[0.836s] DEBUG:colcon.colcon_core.event_handler.log_command:Invoking command in '/home/ljhua/ROBOCON2026/lidar_test/rc2026/build/icp_localization_ros2': CMAKE_PREFIX_PATH=/opt/ros/humble /usr/bin/cmake --install /home/ljhua/ROBOCON2026/lidar_test/rc2026/build/icp_localization_ros2
[0.837s] DEBUG:colcon.colcon_core.event_handler.log_command:Invoked command in '/home/ljhua/ROBOCON2026/lidar_test/rc2026/build/pointcloud_to_laserscan' returned '0': CMAKE_PREFIX_PATH=/opt/ros/humble /usr/bin/cmake --build /home/ljhua/ROBOCON2026/lidar_test/rc2026/build/pointcloud_to_laserscan -- -j20 -l20
[0.840s] DEBUG:colcon.colcon_core.event_handler.log_command:Invoking command in '/home/ljhua/ROBOCON2026/lidar_test/rc2026/build/pointcloud_to_laserscan': CMAKE_PREFIX_PATH=/opt/ros/humble /usr/bin/cmake --install /home/ljhua/ROBOCON2026/lidar_test/rc2026/build/pointcloud_to_laserscan
[0.874s] Level 1:colcon.colcon_core.environment:create_environment_scripts_only(linefit_ground_segmentation)
[0.883s] DEBUG:colcon.colcon_core.event_handler.log_command:Invoked command in '/home/ljhua/ROBOCON2026/lidar_test/rc2026/build/rm_navigation' returned '0': CMAKE_PREFIX_PATH=/opt/ros/humble /usr/bin/cmake --build /home/ljhua/ROBOCON2026/lidar_test/rc2026/build/rm_navigation -- -j20 -l20
[0.884s] DEBUG:colcon.colcon_core.event_handler.log_command:Invoking command in '/home/ljhua/ROBOCON2026/lidar_test/rc2026/build/rm_navigation': CMAKE_PREFIX_PATH=/opt/ros/humble /usr/bin/cmake --install /home/ljhua/ROBOCON2026/lidar_test/rc2026/build/rm_navigation
[0.885s] DEBUG:colcon.colcon_core.event_handler.log_command:Invoked command in '/home/ljhua/ROBOCON2026/lidar_test/rc2026/build/linefit_ground_segmentation' returned '0': CMAKE_PREFIX_PATH=/opt/ros/humble /usr/bin/cmake --install /home/ljhua/ROBOCON2026/lidar_test/rc2026/build/linefit_ground_segmentation
[0.891s] Level 1:colcon.colcon_core.environment:checking '/home/ljhua/ROBOCON2026/lidar_test/rc2026/install/linefit_ground_segmentation' for CMake module files
[0.891s] Level 1:colcon.colcon_core.environment:checking '/home/ljhua/ROBOCON2026/lidar_test/rc2026/install/linefit_ground_segmentation' for CMake config files
[0.892s] Level 1:colcon.colcon_core.shell:create_environment_hook('linefit_ground_segmentation', 'cmake_prefix_path')
[0.892s] INFO:colcon.colcon_core.shell:Creating environment hook '/home/ljhua/ROBOCON2026/lidar_test/rc2026/install/linefit_ground_segmentation/share/linefit_ground_segmentation/hook/cmake_prefix_path.ps1'
[0.892s] INFO:colcon.colcon_core.shell:Creating environment descriptor '/home/ljhua/ROBOCON2026/lidar_test/rc2026/install/linefit_ground_segmentation/share/linefit_ground_segmentation/hook/cmake_prefix_path.dsv'
[0.893s] INFO:colcon.colcon_core.shell:Creating environment hook '/home/ljhua/ROBOCON2026/lidar_test/rc2026/install/linefit_ground_segmentation/share/linefit_ground_segmentation/hook/cmake_prefix_path.sh'
[0.893s] Level 1:colcon.colcon_core.environment:checking '/home/ljhua/ROBOCON2026/lidar_test/rc2026/install/linefit_ground_segmentation/lib'
[0.894s] Level 1:colcon.colcon_core.shell:create_environment_hook('linefit_ground_segmentation', 'ld_library_path_lib')
[0.894s] INFO:colcon.colcon_core.shell:Creating environment hook '/home/ljhua/ROBOCON2026/lidar_test/rc2026/install/linefit_ground_segmentation/share/linefit_ground_segmentation/hook/ld_library_path_lib.ps1'
[0.894s] INFO:colcon.colcon_core.shell:Creating environment descriptor '/home/ljhua/ROBOCON2026/lidar_test/rc2026/install/linefit_ground_segmentation/share/linefit_ground_segmentation/hook/ld_library_path_lib.dsv'
[0.894s] INFO:colcon.colcon_core.shell:Creating environment hook '/home/ljhua/ROBOCON2026/lidar_test/rc2026/install/linefit_ground_segmentation/share/linefit_ground_segmentation/hook/ld_library_path_lib.sh'
[0.894s] Level 1:colcon.colcon_core.environment:checking '/home/ljhua/ROBOCON2026/lidar_test/rc2026/install/linefit_ground_segmentation/bin'
[0.894s] Level 1:colcon.colcon_core.environment:checking '/home/ljhua/ROBOCON2026/lidar_test/rc2026/install/linefit_ground_segmentation/lib/pkgconfig/linefit_ground_segmentation.pc'
[0.895s] Level 1:colcon.colcon_core.environment:checking '/home/ljhua/ROBOCON2026/lidar_test/rc2026/install/linefit_ground_segmentation/lib/python3.10/site-packages'
[0.895s] Level 1:colcon.colcon_core.environment:checking '/home/ljhua/ROBOCON2026/lidar_test/rc2026/install/linefit_ground_segmentation/bin'
[0.895s] INFO:colcon.colcon_core.shell:Creating package script '/home/ljhua/ROBOCON2026/lidar_test/rc2026/install/linefit_ground_segmentation/share/linefit_ground_segmentation/package.ps1'
[0.896s] INFO:colcon.colcon_core.shell:Creating package descriptor '/home/ljhua/ROBOCON2026/lidar_test/rc2026/install/linefit_ground_segmentation/share/linefit_ground_segmentation/package.dsv'
[0.896s] INFO:colcon.colcon_core.shell:Creating package script '/home/ljhua/ROBOCON2026/lidar_test/rc2026/install/linefit_ground_segmentation/share/linefit_ground_segmentation/package.sh'
[0.896s] INFO:colcon.colcon_core.shell:Creating package script '/home/ljhua/ROBOCON2026/lidar_test/rc2026/install/linefit_ground_segmentation/share/linefit_ground_segmentation/package.bash'
[0.897s] INFO:colcon.colcon_core.shell:Creating package script '/home/ljhua/ROBOCON2026/lidar_test/rc2026/install/linefit_ground_segmentation/share/linefit_ground_segmentation/package.zsh'
[0.897s] Level 1:colcon.colcon_core.environment:create_file_with_runtime_dependencies(/home/ljhua/ROBOCON2026/lidar_test/rc2026/install/linefit_ground_segmentation/share/colcon-core/packages/linefit_ground_segmentation)
[0.898s] Level 1:colcon.colcon_core.environment:create_environment_scripts_only(linefit_ground_segmentation)
[0.898s] Level 1:colcon.colcon_core.environment:checking '/home/ljhua/ROBOCON2026/lidar_test/rc2026/install/linefit_ground_segmentation' for CMake module files
[0.898s] Level 1:colcon.colcon_core.environment:checking '/home/ljhua/ROBOCON2026/lidar_test/rc2026/install/linefit_ground_segmentation' for CMake config files
[0.898s] Level 1:colcon.colcon_core.shell:create_environment_hook('linefit_ground_segmentation', 'cmake_prefix_path')
[0.899s] INFO:colcon.colcon_core.shell:Creating environment hook '/home/ljhua/ROBOCON2026/lidar_test/rc2026/install/linefit_ground_segmentation/share/linefit_ground_segmentation/hook/cmake_prefix_path.ps1'
[0.899s] INFO:colcon.colcon_core.shell:Creating environment descriptor '/home/ljhua/ROBOCON2026/lidar_test/rc2026/install/linefit_ground_segmentation/share/linefit_ground_segmentation/hook/cmake_prefix_path.dsv'
[0.899s] INFO:colcon.colcon_core.shell:Creating environment hook '/home/ljhua/ROBOCON2026/lidar_test/rc2026/install/linefit_ground_segmentation/share/linefit_ground_segmentation/hook/cmake_prefix_path.sh'
[0.899s] Level 1:colcon.colcon_core.environment:checking '/home/ljhua/ROBOCON2026/lidar_test/rc2026/install/linefit_ground_segmentation/lib'
[0.899s] Level 1:colcon.colcon_core.shell:create_environment_hook('linefit_ground_segmentation', 'ld_library_path_lib')
[0.899s] INFO:colcon.colcon_core.shell:Creating environment hook '/home/ljhua/ROBOCON2026/lidar_test/rc2026/install/linefit_ground_segmentation/share/linefit_ground_segmentation/hook/ld_library_path_lib.ps1'
[0.900s] INFO:colcon.colcon_core.shell:Creating environment descriptor '/home/ljhua/ROBOCON2026/lidar_test/rc2026/install/linefit_ground_segmentation/share/linefit_ground_segmentation/hook/ld_library_path_lib.dsv'
[0.900s] INFO:colcon.colcon_core.shell:Creating environment hook '/home/ljhua/ROBOCON2026/lidar_test/rc2026/install/linefit_ground_segmentation/share/linefit_ground_segmentation/hook/ld_library_path_lib.sh'
[0.900s] Level 1:colcon.colcon_core.environment:checking '/home/ljhua/ROBOCON2026/lidar_test/rc2026/install/linefit_ground_segmentation/bin'
[0.900s] Level 1:colcon.colcon_core.environment:checking '/home/ljhua/ROBOCON2026/lidar_test/rc2026/install/linefit_ground_segmentation/lib/pkgconfig/linefit_ground_segmentation.pc'
[0.900s] Level 1:colcon.colcon_core.environment:checking '/home/ljhua/ROBOCON2026/lidar_test/rc2026/install/linefit_ground_segmentation/lib/python3.10/site-packages'
[0.900s] Level 1:colcon.colcon_core.environment:checking '/home/ljhua/ROBOCON2026/lidar_test/rc2026/install/linefit_ground_segmentation/bin'
[0.901s] INFO:colcon.colcon_core.shell:Creating package script '/home/ljhua/ROBOCON2026/lidar_test/rc2026/install/linefit_ground_segmentation/share/linefit_ground_segmentation/package.ps1'
[0.901s] INFO:colcon.colcon_core.shell:Creating package descriptor '/home/ljhua/ROBOCON2026/lidar_test/rc2026/install/linefit_ground_segmentation/share/linefit_ground_segmentation/package.dsv'
[0.901s] INFO:colcon.colcon_core.shell:Creating package script '/home/ljhua/ROBOCON2026/lidar_test/rc2026/install/linefit_ground_segmentation/share/linefit_ground_segmentation/package.sh'
[0.902s] INFO:colcon.colcon_core.shell:Creating package script '/home/ljhua/ROBOCON2026/lidar_test/rc2026/install/linefit_ground_segmentation/share/linefit_ground_segmentation/package.bash'
[0.902s] INFO:colcon.colcon_core.shell:Creating package script '/home/ljhua/ROBOCON2026/lidar_test/rc2026/install/linefit_ground_segmentation/share/linefit_ground_segmentation/package.zsh'
[0.902s] Level 1:colcon.colcon_core.environment:create_file_with_runtime_dependencies(/home/ljhua/ROBOCON2026/lidar_test/rc2026/install/linefit_ground_segmentation/share/colcon-core/packages/linefit_ground_segmentation)
[0.903s] INFO:colcon.colcon_ros.task.ament_cmake.build:Building ROS package in '/home/ljhua/ROBOCON2026/lidar_test/rc2026/src/rm_perception/linefit_ground_segementation_ros2/linefit_ground_segmentation_ros' with build type 'ament_cmake'
[0.903s] INFO:colcon.colcon_cmake.task.cmake.build:Building CMake package in '/home/ljhua/ROBOCON2026/lidar_test/rc2026/src/rm_perception/linefit_ground_segementation_ros2/linefit_ground_segmentation_ros'
[0.903s] INFO:colcon.colcon_core.shell:Skip shell extension 'powershell' for command environment: Not usable outside of PowerShell
[0.903s] DEBUG:colcon.colcon_core.shell:Skip shell extension 'dsv' for command environment
[0.906s] Level 1:colcon.colcon_core.environment:create_environment_scripts_only(icp_localization_ros2)
[0.906s] Level 1:colcon.colcon_core.environment:checking '/home/ljhua/ROBOCON2026/lidar_test/rc2026/install/icp_localization_ros2' for CMake module files
[0.907s] DEBUG:colcon.colcon_core.event_handler.log_command:Invoked command in '/home/ljhua/ROBOCON2026/lidar_test/rc2026/build/icp_localization_ros2' returned '0': CMAKE_PREFIX_PATH=/opt/ros/humble /usr/bin/cmake --install /home/ljhua/ROBOCON2026/lidar_test/rc2026/build/icp_localization_ros2
[0.907s] Level 1:colcon.colcon_core.environment:checking '/home/ljhua/ROBOCON2026/lidar_test/rc2026/install/icp_localization_ros2' for CMake config files
[0.908s] Level 1:colcon.colcon_core.shell:create_environment_hook('icp_localization_ros2', 'cmake_prefix_path')
[0.909s] INFO:colcon.colcon_core.shell:Creating environment hook '/home/ljhua/ROBOCON2026/lidar_test/rc2026/install/icp_localization_ros2/share/icp_localization_ros2/hook/cmake_prefix_path.ps1'
[0.909s] INFO:colcon.colcon_core.shell:Creating environment descriptor '/home/ljhua/ROBOCON2026/lidar_test/rc2026/install/icp_localization_ros2/share/icp_localization_ros2/hook/cmake_prefix_path.dsv'
[0.910s] INFO:colcon.colcon_core.shell:Creating environment hook '/home/ljhua/ROBOCON2026/lidar_test/rc2026/install/icp_localization_ros2/share/icp_localization_ros2/hook/cmake_prefix_path.sh'
[0.910s] Level 1:colcon.colcon_core.environment:checking '/home/ljhua/ROBOCON2026/lidar_test/rc2026/install/icp_localization_ros2/lib'
[0.910s] Level 1:colcon.colcon_core.environment:checking '/home/ljhua/ROBOCON2026/lidar_test/rc2026/install/icp_localization_ros2/bin'
[0.910s] Level 1:colcon.colcon_core.environment:checking '/home/ljhua/ROBOCON2026/lidar_test/rc2026/install/icp_localization_ros2/lib/pkgconfig/icp_localization_ros2.pc'
[0.910s] Level 1:colcon.colcon_core.environment:checking '/home/ljhua/ROBOCON2026/lidar_test/rc2026/install/icp_localization_ros2/lib/python3.10/site-packages'
[0.911s] Level 1:colcon.colcon_core.environment:checking '/home/ljhua/ROBOCON2026/lidar_test/rc2026/install/icp_localization_ros2/bin'
[0.911s] INFO:colcon.colcon_core.shell:Creating package script '/home/ljhua/ROBOCON2026/lidar_test/rc2026/install/icp_localization_ros2/share/icp_localization_ros2/package.ps1'
[0.911s] INFO:colcon.colcon_core.shell:Creating package descriptor '/home/ljhua/ROBOCON2026/lidar_test/rc2026/install/icp_localization_ros2/share/icp_localization_ros2/package.dsv'
[0.911s] INFO:colcon.colcon_core.shell:Creating package script '/home/ljhua/ROBOCON2026/lidar_test/rc2026/install/icp_localization_ros2/share/icp_localization_ros2/package.sh'
[0.912s] INFO:colcon.colcon_core.shell:Creating package script '/home/ljhua/ROBOCON2026/lidar_test/rc2026/install/icp_localization_ros2/share/icp_localization_ros2/package.bash'
[0.912s] INFO:colcon.colcon_core.shell:Creating package script '/home/ljhua/ROBOCON2026/lidar_test/rc2026/install/icp_localization_ros2/share/icp_localization_ros2/package.zsh'
[0.912s] Level 1:colcon.colcon_core.environment:create_file_with_runtime_dependencies(/home/ljhua/ROBOCON2026/lidar_test/rc2026/install/icp_localization_ros2/share/colcon-core/packages/icp_localization_ros2)
[0.912s] Level 1:colcon.colcon_core.environment:create_environment_scripts_only(icp_localization_ros2)
[0.912s] Level 1:colcon.colcon_core.environment:checking '/home/ljhua/ROBOCON2026/lidar_test/rc2026/install/icp_localization_ros2' for CMake module files
[0.913s] Level 1:colcon.colcon_core.environment:checking '/home/ljhua/ROBOCON2026/lidar_test/rc2026/install/icp_localization_ros2' for CMake config files
[0.913s] Level 1:colcon.colcon_core.shell:create_environment_hook('icp_localization_ros2', 'cmake_prefix_path')
[0.913s] INFO:colcon.colcon_core.shell:Creating environment hook '/home/ljhua/ROBOCON2026/lidar_test/rc2026/install/icp_localization_ros2/share/icp_localization_ros2/hook/cmake_prefix_path.ps1'
[0.913s] INFO:colcon.colcon_core.shell:Creating environment descriptor '/home/ljhua/ROBOCON2026/lidar_test/rc2026/install/icp_localization_ros2/share/icp_localization_ros2/hook/cmake_prefix_path.dsv'
[0.913s] INFO:colcon.colcon_core.shell:Creating environment hook '/home/ljhua/ROBOCON2026/lidar_test/rc2026/install/icp_localization_ros2/share/icp_localization_ros2/hook/cmake_prefix_path.sh'
[0.914s] Level 1:colcon.colcon_core.environment:checking '/home/ljhua/ROBOCON2026/lidar_test/rc2026/install/icp_localization_ros2/lib'
[0.914s] Level 1:colcon.colcon_core.environment:checking '/home/ljhua/ROBOCON2026/lidar_test/rc2026/install/icp_localization_ros2/bin'
[0.914s] Level 1:colcon.colcon_core.environment:checking '/home/ljhua/ROBOCON2026/lidar_test/rc2026/install/icp_localization_ros2/lib/pkgconfig/icp_localization_ros2.pc'
[0.914s] Level 1:colcon.colcon_core.environment:checking '/home/ljhua/ROBOCON2026/lidar_test/rc2026/install/icp_localization_ros2/lib/python3.10/site-packages'
[0.914s] Level 1:colcon.colcon_core.environment:checking '/home/ljhua/ROBOCON2026/lidar_test/rc2026/install/icp_localization_ros2/bin'
[0.914s] INFO:colcon.colcon_core.shell:Creating package script '/home/ljhua/ROBOCON2026/lidar_test/rc2026/install/icp_localization_ros2/share/icp_localization_ros2/package.ps1'
[0.915s] INFO:colcon.colcon_core.shell:Creating package descriptor '/home/ljhua/ROBOCON2026/lidar_test/rc2026/install/icp_localization_ros2/share/icp_localization_ros2/package.dsv'
[0.915s] INFO:colcon.colcon_core.shell:Creating package script '/home/ljhua/ROBOCON2026/lidar_test/rc2026/install/icp_localization_ros2/share/icp_localization_ros2/package.sh'
[0.915s] INFO:colcon.colcon_core.shell:Creating package script '/home/ljhua/ROBOCON2026/lidar_test/rc2026/install/icp_localization_ros2/share/icp_localization_ros2/package.bash'
[0.915s] INFO:colcon.colcon_core.shell:Creating package script '/home/ljhua/ROBOCON2026/lidar_test/rc2026/install/icp_localization_ros2/share/icp_localization_ros2/package.zsh'
[0.915s] Level 1:colcon.colcon_core.environment:create_file_with_runtime_dependencies(/home/ljhua/ROBOCON2026/lidar_test/rc2026/install/icp_localization_ros2/share/colcon-core/packages/icp_localization_ros2)
[0.916s] Level 1:colcon.colcon_core.environment:create_environment_scripts_only(pointcloud_to_laserscan)
[0.916s] Level 1:colcon.colcon_core.environment:checking '/home/ljhua/ROBOCON2026/lidar_test/rc2026/install/pointcloud_to_laserscan' for CMake module files
[0.917s] DEBUG:colcon.colcon_core.event_handler.log_command:Invoked command in '/home/ljhua/ROBOCON2026/lidar_test/rc2026/build/pointcloud_to_laserscan' returned '0': CMAKE_PREFIX_PATH=/opt/ros/humble /usr/bin/cmake --install /home/ljhua/ROBOCON2026/lidar_test/rc2026/build/pointcloud_to_laserscan
[0.917s] Level 1:colcon.colcon_core.environment:checking '/home/ljhua/ROBOCON2026/lidar_test/rc2026/install/pointcloud_to_laserscan' for CMake config files
[0.917s] Level 1:colcon.colcon_core.shell:create_environment_hook('pointcloud_to_laserscan', 'cmake_prefix_path')
[0.917s] INFO:colcon.colcon_core.shell:Creating environment hook '/home/ljhua/ROBOCON2026/lidar_test/rc2026/install/pointcloud_to_laserscan/share/pointcloud_to_laserscan/hook/cmake_prefix_path.ps1'
[0.917s] INFO:colcon.colcon_core.shell:Creating environment descriptor '/home/ljhua/ROBOCON2026/lidar_test/rc2026/install/pointcloud_to_laserscan/share/pointcloud_to_laserscan/hook/cmake_prefix_path.dsv'
[0.918s] INFO:colcon.colcon_core.shell:Creating environment hook '/home/ljhua/ROBOCON2026/lidar_test/rc2026/install/pointcloud_to_laserscan/share/pointcloud_to_laserscan/hook/cmake_prefix_path.sh'
[0.918s] Level 1:colcon.colcon_core.environment:checking '/home/ljhua/ROBOCON2026/lidar_test/rc2026/install/pointcloud_to_laserscan/lib'
[0.918s] Level 1:colcon.colcon_core.shell:create_environment_hook('pointcloud_to_laserscan', 'ld_library_path_lib')
[0.918s] INFO:colcon.colcon_core.shell:Creating environment hook '/home/ljhua/ROBOCON2026/lidar_test/rc2026/install/pointcloud_to_laserscan/share/pointcloud_to_laserscan/hook/ld_library_path_lib.ps1'
[0.918s] INFO:colcon.colcon_core.shell:Creating environment descriptor '/home/ljhua/ROBOCON2026/lidar_test/rc2026/install/pointcloud_to_laserscan/share/pointcloud_to_laserscan/hook/ld_library_path_lib.dsv'
[0.918s] INFO:colcon.colcon_core.shell:Creating environment hook '/home/ljhua/ROBOCON2026/lidar_test/rc2026/install/pointcloud_to_laserscan/share/pointcloud_to_laserscan/hook/ld_library_path_lib.sh'
[0.919s] Level 1:colcon.colcon_core.environment:checking '/home/ljhua/ROBOCON2026/lidar_test/rc2026/install/pointcloud_to_laserscan/bin'
[0.919s] Level 1:colcon.colcon_core.environment:checking '/home/ljhua/ROBOCON2026/lidar_test/rc2026/install/pointcloud_to_laserscan/lib/pkgconfig/pointcloud_to_laserscan.pc'
[0.919s] Level 1:colcon.colcon_core.environment:checking '/home/ljhua/ROBOCON2026/lidar_test/rc2026/install/pointcloud_to_laserscan/lib/python3.10/site-packages'
[0.919s] Level 1:colcon.colcon_core.environment:checking '/home/ljhua/ROBOCON2026/lidar_test/rc2026/install/pointcloud_to_laserscan/bin'
[0.919s] INFO:colcon.colcon_core.shell:Creating package script '/home/ljhua/ROBOCON2026/lidar_test/rc2026/install/pointcloud_to_laserscan/share/pointcloud_to_laserscan/package.ps1'
[0.919s] INFO:colcon.colcon_core.shell:Creating package descriptor '/home/ljhua/ROBOCON2026/lidar_test/rc2026/install/pointcloud_to_laserscan/share/pointcloud_to_laserscan/package.dsv'
[0.920s] INFO:colcon.colcon_core.shell:Creating package script '/home/ljhua/ROBOCON2026/lidar_test/rc2026/install/pointcloud_to_laserscan/share/pointcloud_to_laserscan/package.sh'
[0.920s] INFO:colcon.colcon_core.shell:Creating package script '/home/ljhua/ROBOCON2026/lidar_test/rc2026/install/pointcloud_to_laserscan/share/pointcloud_to_laserscan/package.bash'
[0.920s] INFO:colcon.colcon_core.shell:Creating package script '/home/ljhua/ROBOCON2026/lidar_test/rc2026/install/pointcloud_to_laserscan/share/pointcloud_to_laserscan/package.zsh'
[0.920s] Level 1:colcon.colcon_core.environment:create_file_with_runtime_dependencies(/home/ljhua/ROBOCON2026/lidar_test/rc2026/install/pointcloud_to_laserscan/share/colcon-core/packages/pointcloud_to_laserscan)
[0.921s] Level 1:colcon.colcon_core.environment:create_environment_scripts_only(pointcloud_to_laserscan)
[0.921s] Level 1:colcon.colcon_core.environment:checking '/home/ljhua/ROBOCON2026/lidar_test/rc2026/install/pointcloud_to_laserscan' for CMake module files
[0.921s] Level 1:colcon.colcon_core.environment:checking '/home/ljhua/ROBOCON2026/lidar_test/rc2026/install/pointcloud_to_laserscan' for CMake config files
[0.921s] Level 1:colcon.colcon_core.shell:create_environment_hook('pointcloud_to_laserscan', 'cmake_prefix_path')
[0.921s] INFO:colcon.colcon_core.shell:Creating environment hook '/home/ljhua/ROBOCON2026/lidar_test/rc2026/install/pointcloud_to_laserscan/share/pointcloud_to_laserscan/hook/cmake_prefix_path.ps1'
[0.922s] INFO:colcon.colcon_core.shell:Creating environment descriptor '/home/ljhua/ROBOCON2026/lidar_test/rc2026/install/pointcloud_to_laserscan/share/pointcloud_to_laserscan/hook/cmake_prefix_path.dsv'
[0.922s] INFO:colcon.colcon_core.shell:Creating environment hook '/home/ljhua/ROBOCON2026/lidar_test/rc2026/install/pointcloud_to_laserscan/share/pointcloud_to_laserscan/hook/cmake_prefix_path.sh'
[0.922s] Level 1:colcon.colcon_core.environment:checking '/home/ljhua/ROBOCON2026/lidar_test/rc2026/install/pointcloud_to_laserscan/lib'
[0.922s] Level 1:colcon.colcon_core.shell:create_environment_hook('pointcloud_to_laserscan', 'ld_library_path_lib')
[0.922s] INFO:colcon.colcon_core.shell:Creating environment hook '/home/ljhua/ROBOCON2026/lidar_test/rc2026/install/pointcloud_to_laserscan/share/pointcloud_to_laserscan/hook/ld_library_path_lib.ps1'
[0.922s] INFO:colcon.colcon_core.shell:Creating environment descriptor '/home/ljhua/ROBOCON2026/lidar_test/rc2026/install/pointcloud_to_laserscan/share/pointcloud_to_laserscan/hook/ld_library_path_lib.dsv'
[0.923s] INFO:colcon.colcon_core.shell:Creating environment hook '/home/ljhua/ROBOCON2026/lidar_test/rc2026/install/pointcloud_to_laserscan/share/pointcloud_to_laserscan/hook/ld_library_path_lib.sh'
[0.923s] Level 1:colcon.colcon_core.environment:checking '/home/ljhua/ROBOCON2026/lidar_test/rc2026/install/pointcloud_to_laserscan/bin'
[0.923s] Level 1:colcon.colcon_core.environment:checking '/home/ljhua/ROBOCON2026/lidar_test/rc2026/install/pointcloud_to_laserscan/lib/pkgconfig/pointcloud_to_laserscan.pc'
[0.923s] Level 1:colcon.colcon_core.environment:checking '/home/ljhua/ROBOCON2026/lidar_test/rc2026/install/pointcloud_to_laserscan/lib/python3.10/site-packages'
[0.923s] Level 1:colcon.colcon_core.environment:checking '/home/ljhua/ROBOCON2026/lidar_test/rc2026/install/pointcloud_to_laserscan/bin'
[0.923s] INFO:colcon.colcon_core.shell:Creating package script '/home/ljhua/ROBOCON2026/lidar_test/rc2026/install/pointcloud_to_laserscan/share/pointcloud_to_laserscan/package.ps1'
[0.924s] INFO:colcon.colcon_core.shell:Creating package descriptor '/home/ljhua/ROBOCON2026/lidar_test/rc2026/install/pointcloud_to_laserscan/share/pointcloud_to_laserscan/package.dsv'
[0.924s] INFO:colcon.colcon_core.shell:Creating package script '/home/ljhua/ROBOCON2026/lidar_test/rc2026/install/pointcloud_to_laserscan/share/pointcloud_to_laserscan/package.sh'
[0.924s] INFO:colcon.colcon_core.shell:Creating package script '/home/ljhua/ROBOCON2026/lidar_test/rc2026/install/pointcloud_to_laserscan/share/pointcloud_to_laserscan/package.bash'
[0.925s] INFO:colcon.colcon_core.shell:Creating package script '/home/ljhua/ROBOCON2026/lidar_test/rc2026/install/pointcloud_to_laserscan/share/pointcloud_to_laserscan/package.zsh'
[0.925s] Level 1:colcon.colcon_core.environment:create_file_with_runtime_dependencies(/home/ljhua/ROBOCON2026/lidar_test/rc2026/install/pointcloud_to_laserscan/share/colcon-core/packages/pointcloud_to_laserscan)
[0.925s] Level 1:colcon.colcon_core.environment:create_environment_scripts_only(imu_complementary_filter)
[0.925s] Level 1:colcon.colcon_core.environment:checking '/home/ljhua/ROBOCON2026/lidar_test/rc2026/install/imu_complementary_filter' for CMake module files
[0.926s] DEBUG:colcon.colcon_core.event_handler.log_command:Invoked command in '/home/ljhua/ROBOCON2026/lidar_test/rc2026/build/imu_complementary_filter' returned '0': CMAKE_PREFIX_PATH=/opt/ros/humble /usr/bin/cmake --install /home/ljhua/ROBOCON2026/lidar_test/rc2026/build/imu_complementary_filter
[0.926s] Level 1:colcon.colcon_core.environment:checking '/home/ljhua/ROBOCON2026/lidar_test/rc2026/install/imu_complementary_filter' for CMake config files
[0.927s] Level 1:colcon.colcon_core.shell:create_environment_hook('imu_complementary_filter', 'cmake_prefix_path')
[0.927s] INFO:colcon.colcon_core.shell:Creating environment hook '/home/ljhua/ROBOCON2026/lidar_test/rc2026/install/imu_complementary_filter/share/imu_complementary_filter/hook/cmake_prefix_path.ps1'
[0.927s] INFO:colcon.colcon_core.shell:Creating environment descriptor '/home/ljhua/ROBOCON2026/lidar_test/rc2026/install/imu_complementary_filter/share/imu_complementary_filter/hook/cmake_prefix_path.dsv'
[0.927s] INFO:colcon.colcon_core.shell:Creating environment hook '/home/ljhua/ROBOCON2026/lidar_test/rc2026/install/imu_complementary_filter/share/imu_complementary_filter/hook/cmake_prefix_path.sh'
[0.928s] Level 1:colcon.colcon_core.environment:checking '/home/ljhua/ROBOCON2026/lidar_test/rc2026/install/imu_complementary_filter/lib'
[0.928s] Level 1:colcon.colcon_core.shell:create_environment_hook('imu_complementary_filter', 'ld_library_path_lib')
[0.928s] INFO:colcon.colcon_core.shell:Creating environment hook '/home/ljhua/ROBOCON2026/lidar_test/rc2026/install/imu_complementary_filter/share/imu_complementary_filter/hook/ld_library_path_lib.ps1'
[0.928s] INFO:colcon.colcon_core.shell:Creating environment descriptor '/home/ljhua/ROBOCON2026/lidar_test/rc2026/install/imu_complementary_filter/share/imu_complementary_filter/hook/ld_library_path_lib.dsv'
[0.928s] INFO:colcon.colcon_core.shell:Creating environment hook '/home/ljhua/ROBOCON2026/lidar_test/rc2026/install/imu_complementary_filter/share/imu_complementary_filter/hook/ld_library_path_lib.sh'
[0.929s] Level 1:colcon.colcon_core.environment:checking '/home/ljhua/ROBOCON2026/lidar_test/rc2026/install/imu_complementary_filter/bin'
[0.929s] Level 1:colcon.colcon_core.environment:checking '/home/ljhua/ROBOCON2026/lidar_test/rc2026/install/imu_complementary_filter/lib/pkgconfig/imu_complementary_filter.pc'
[0.929s] Level 1:colcon.colcon_core.environment:checking '/home/ljhua/ROBOCON2026/lidar_test/rc2026/install/imu_complementary_filter/lib/python3.10/site-packages'
[0.929s] Level 1:colcon.colcon_core.environment:checking '/home/ljhua/ROBOCON2026/lidar_test/rc2026/install/imu_complementary_filter/bin'
[0.929s] INFO:colcon.colcon_core.shell:Creating package script '/home/ljhua/ROBOCON2026/lidar_test/rc2026/install/imu_complementary_filter/share/imu_complementary_filter/package.ps1'
[0.930s] INFO:colcon.colcon_core.shell:Creating package descriptor '/home/ljhua/ROBOCON2026/lidar_test/rc2026/install/imu_complementary_filter/share/imu_complementary_filter/package.dsv'
[0.930s] INFO:colcon.colcon_core.shell:Creating package script '/home/ljhua/ROBOCON2026/lidar_test/rc2026/install/imu_complementary_filter/share/imu_complementary_filter/package.sh'
[0.930s] INFO:colcon.colcon_core.shell:Creating package script '/home/ljhua/ROBOCON2026/lidar_test/rc2026/install/imu_complementary_filter/share/imu_complementary_filter/package.bash'
[0.930s] INFO:colcon.colcon_core.shell:Creating package script '/home/ljhua/ROBOCON2026/lidar_test/rc2026/install/imu_complementary_filter/share/imu_complementary_filter/package.zsh'
[0.931s] Level 1:colcon.colcon_core.environment:create_file_with_runtime_dependencies(/home/ljhua/ROBOCON2026/lidar_test/rc2026/install/imu_complementary_filter/share/colcon-core/packages/imu_complementary_filter)
[0.931s] Level 1:colcon.colcon_core.environment:create_environment_scripts_only(imu_complementary_filter)
[0.932s] Level 1:colcon.colcon_core.environment:checking '/home/ljhua/ROBOCON2026/lidar_test/rc2026/install/imu_complementary_filter' for CMake module files
[0.932s] Level 1:colcon.colcon_core.environment:checking '/home/ljhua/ROBOCON2026/lidar_test/rc2026/install/imu_complementary_filter' for CMake config files
[0.932s] Level 1:colcon.colcon_core.shell:create_environment_hook('imu_complementary_filter', 'cmake_prefix_path')
[0.932s] INFO:colcon.colcon_core.shell:Creating environment hook '/home/ljhua/ROBOCON2026/lidar_test/rc2026/install/imu_complementary_filter/share/imu_complementary_filter/hook/cmake_prefix_path.ps1'
[0.933s] INFO:colcon.colcon_core.shell:Creating environment descriptor '/home/ljhua/ROBOCON2026/lidar_test/rc2026/install/imu_complementary_filter/share/imu_complementary_filter/hook/cmake_prefix_path.dsv'
[0.933s] INFO:colcon.colcon_core.shell:Creating environment hook '/home/ljhua/ROBOCON2026/lidar_test/rc2026/install/imu_complementary_filter/share/imu_complementary_filter/hook/cmake_prefix_path.sh'
[0.933s] Level 1:colcon.colcon_core.environment:checking '/home/ljhua/ROBOCON2026/lidar_test/rc2026/install/imu_complementary_filter/lib'
[0.933s] Level 1:colcon.colcon_core.shell:create_environment_hook('imu_complementary_filter', 'ld_library_path_lib')
[0.933s] INFO:colcon.colcon_core.shell:Creating environment hook '/home/ljhua/ROBOCON2026/lidar_test/rc2026/install/imu_complementary_filter/share/imu_complementary_filter/hook/ld_library_path_lib.ps1'
[0.933s] INFO:colcon.colcon_core.shell:Creating environment descriptor '/home/ljhua/ROBOCON2026/lidar_test/rc2026/install/imu_complementary_filter/share/imu_complementary_filter/hook/ld_library_path_lib.dsv'
[0.934s] INFO:colcon.colcon_core.shell:Creating environment hook '/home/ljhua/ROBOCON2026/lidar_test/rc2026/install/imu_complementary_filter/share/imu_complementary_filter/hook/ld_library_path_lib.sh'
[0.934s] Level 1:colcon.colcon_core.environment:checking '/home/ljhua/ROBOCON2026/lidar_test/rc2026/install/imu_complementary_filter/bin'
[0.934s] Level 1:colcon.colcon_core.environment:checking '/home/ljhua/ROBOCON2026/lidar_test/rc2026/install/imu_complementary_filter/lib/pkgconfig/imu_complementary_filter.pc'
[0.934s] Level 1:colcon.colcon_core.environment:checking '/home/ljhua/ROBOCON2026/lidar_test/rc2026/install/imu_complementary_filter/lib/python3.10/site-packages'
[0.934s] Level 1:colcon.colcon_core.environment:checking '/home/ljhua/ROBOCON2026/lidar_test/rc2026/install/imu_complementary_filter/bin'
[0.934s] INFO:colcon.colcon_core.shell:Creating package script '/home/ljhua/ROBOCON2026/lidar_test/rc2026/install/imu_complementary_filter/share/imu_complementary_filter/package.ps1'
[0.935s] INFO:colcon.colcon_core.shell:Creating package descriptor '/home/ljhua/ROBOCON2026/lidar_test/rc2026/install/imu_complementary_filter/share/imu_complementary_filter/package.dsv'
[0.935s] INFO:colcon.colcon_core.shell:Creating package script '/home/ljhua/ROBOCON2026/lidar_test/rc2026/install/imu_complementary_filter/share/imu_complementary_filter/package.sh'
[0.935s] INFO:colcon.colcon_core.shell:Creating package script '/home/ljhua/ROBOCON2026/lidar_test/rc2026/install/imu_complementary_filter/share/imu_complementary_filter/package.bash'
[0.935s] INFO:colcon.colcon_core.shell:Creating package script '/home/ljhua/ROBOCON2026/lidar_test/rc2026/install/imu_complementary_filter/share/imu_complementary_filter/package.zsh'
[0.936s] Level 1:colcon.colcon_core.environment:create_file_with_runtime_dependencies(/home/ljhua/ROBOCON2026/lidar_test/rc2026/install/imu_complementary_filter/share/colcon-core/packages/imu_complementary_filter)
[0.936s] Level 1:colcon.colcon_core.environment:create_environment_scripts_only(rm_navigation)
[0.936s] Level 1:colcon.colcon_core.environment:checking '/home/ljhua/ROBOCON2026/lidar_test/rc2026/install/rm_navigation' for CMake module files
[0.937s] DEBUG:colcon.colcon_core.event_handler.log_command:Invoked command in '/home/ljhua/ROBOCON2026/lidar_test/rc2026/build/rm_navigation' returned '0': CMAKE_PREFIX_PATH=/opt/ros/humble /usr/bin/cmake --install /home/ljhua/ROBOCON2026/lidar_test/rc2026/build/rm_navigation
[0.937s] Level 1:colcon.colcon_core.environment:checking '/home/ljhua/ROBOCON2026/lidar_test/rc2026/install/rm_navigation' for CMake config files
[0.937s] Level 1:colcon.colcon_core.shell:create_environment_hook('rm_navigation', 'cmake_prefix_path')
[0.937s] INFO:colcon.colcon_core.shell:Creating environment hook '/home/ljhua/ROBOCON2026/lidar_test/rc2026/install/rm_navigation/share/rm_navigation/hook/cmake_prefix_path.ps1'
[0.938s] INFO:colcon.colcon_core.shell:Creating environment descriptor '/home/ljhua/ROBOCON2026/lidar_test/rc2026/install/rm_navigation/share/rm_navigation/hook/cmake_prefix_path.dsv'
[0.938s] INFO:colcon.colcon_core.shell:Creating environment hook '/home/ljhua/ROBOCON2026/lidar_test/rc2026/install/rm_navigation/share/rm_navigation/hook/cmake_prefix_path.sh'
[0.938s] Level 1:colcon.colcon_core.environment:checking '/home/ljhua/ROBOCON2026/lidar_test/rc2026/install/rm_navigation/bin'
[0.938s] Level 1:colcon.colcon_core.environment:checking '/home/ljhua/ROBOCON2026/lidar_test/rc2026/install/rm_navigation/lib/pkgconfig/rm_navigation.pc'
[0.938s] Level 1:colcon.colcon_core.environment:checking '/home/ljhua/ROBOCON2026/lidar_test/rc2026/install/rm_navigation/lib/python3.10/site-packages'
[0.938s] Level 1:colcon.colcon_core.environment:checking '/home/ljhua/ROBOCON2026/lidar_test/rc2026/install/rm_navigation/bin'
[0.939s] INFO:colcon.colcon_core.shell:Creating package script '/home/ljhua/ROBOCON2026/lidar_test/rc2026/install/rm_navigation/share/rm_navigation/package.ps1'
[0.939s] INFO:colcon.colcon_core.shell:Creating package descriptor '/home/ljhua/ROBOCON2026/lidar_test/rc2026/install/rm_navigation/share/rm_navigation/package.dsv'
[0.939s] INFO:colcon.colcon_core.shell:Creating package script '/home/ljhua/ROBOCON2026/lidar_test/rc2026/install/rm_navigation/share/rm_navigation/package.sh'
[0.939s] INFO:colcon.colcon_core.shell:Creating package script '/home/ljhua/ROBOCON2026/lidar_test/rc2026/install/rm_navigation/share/rm_navigation/package.bash'
[0.939s] INFO:colcon.colcon_core.shell:Creating package script '/home/ljhua/ROBOCON2026/lidar_test/rc2026/install/rm_navigation/share/rm_navigation/package.zsh'
[0.940s] Level 1:colcon.colcon_core.environment:create_file_with_runtime_dependencies(/home/ljhua/ROBOCON2026/lidar_test/rc2026/install/rm_navigation/share/colcon-core/packages/rm_navigation)
[0.940s] Level 1:colcon.colcon_core.environment:create_environment_scripts_only(rm_navigation)
[0.940s] Level 1:colcon.colcon_core.environment:checking '/home/ljhua/ROBOCON2026/lidar_test/rc2026/install/rm_navigation' for CMake module files
[0.940s] Level 1:colcon.colcon_core.environment:checking '/home/ljhua/ROBOCON2026/lidar_test/rc2026/install/rm_navigation' for CMake config files
[0.940s] Level 1:colcon.colcon_core.shell:create_environment_hook('rm_navigation', 'cmake_prefix_path')
[0.941s] INFO:colcon.colcon_core.shell:Creating environment hook '/home/ljhua/ROBOCON2026/lidar_test/rc2026/install/rm_navigation/share/rm_navigation/hook/cmake_prefix_path.ps1'
[0.941s] INFO:colcon.colcon_core.shell:Creating environment descriptor '/home/ljhua/ROBOCON2026/lidar_test/rc2026/install/rm_navigation/share/rm_navigation/hook/cmake_prefix_path.dsv'
[0.941s] INFO:colcon.colcon_core.shell:Creating environment hook '/home/ljhua/ROBOCON2026/lidar_test/rc2026/install/rm_navigation/share/rm_navigation/hook/cmake_prefix_path.sh'
[0.941s] Level 1:colcon.colcon_core.environment:checking '/home/ljhua/ROBOCON2026/lidar_test/rc2026/install/rm_navigation/bin'
[0.941s] Level 1:colcon.colcon_core.environment:checking '/home/ljhua/ROBOCON2026/lidar_test/rc2026/install/rm_navigation/lib/pkgconfig/rm_navigation.pc'
[0.941s] Level 1:colcon.colcon_core.environment:checking '/home/ljhua/ROBOCON2026/lidar_test/rc2026/install/rm_navigation/lib/python3.10/site-packages'
[0.942s] Level 1:colcon.colcon_core.environment:checking '/home/ljhua/ROBOCON2026/lidar_test/rc2026/install/rm_navigation/bin'
[0.942s] INFO:colcon.colcon_core.shell:Creating package script '/home/ljhua/ROBOCON2026/lidar_test/rc2026/install/rm_navigation/share/rm_navigation/package.ps1'
[0.942s] INFO:colcon.colcon_core.shell:Creating package descriptor '/home/ljhua/ROBOCON2026/lidar_test/rc2026/install/rm_navigation/share/rm_navigation/package.dsv'
[0.943s] INFO:colcon.colcon_core.shell:Creating package script '/home/ljhua/ROBOCON2026/lidar_test/rc2026/install/rm_navigation/share/rm_navigation/package.sh'
[0.943s] INFO:colcon.colcon_core.shell:Creating package script '/home/ljhua/ROBOCON2026/lidar_test/rc2026/install/rm_navigation/share/rm_navigation/package.bash'
[0.944s] INFO:colcon.colcon_core.shell:Creating package script '/home/ljhua/ROBOCON2026/lidar_test/rc2026/install/rm_navigation/share/rm_navigation/package.zsh'
[0.944s] Level 1:colcon.colcon_core.environment:create_file_with_runtime_dependencies(/home/ljhua/ROBOCON2026/lidar_test/rc2026/install/rm_navigation/share/colcon-core/packages/rm_navigation)
[0.948s] DEBUG:colcon.colcon_core.event_handler.log_command:Invoking command in '/home/ljhua/ROBOCON2026/lidar_test/rc2026/build/linefit_ground_segmentation_ros': AMENT_PREFIX_PATH=/home/ljhua/ROBOCON2026/lidar_test/rc2026/install/linefit_ground_segmentation:${AMENT_PREFIX_PATH} CMAKE_PREFIX_PATH=/home/ljhua/ROBOCON2026/lidar_test/rc2026/install/linefit_ground_segmentation:/opt/ros/humble LD_LIBRARY_PATH=/home/ljhua/ROBOCON2026/lidar_test/rc2026/install/linefit_ground_segmentation/lib:${LD_LIBRARY_PATH} /usr/bin/cmake --build /home/ljhua/ROBOCON2026/lidar_test/rc2026/build/linefit_ground_segmentation_ros -- -j20 -l20
[0.952s] DEBUG:colcon.colcon_core.event_handler.log_command:Invoked command in '/home/ljhua/ROBOCON2026/lidar_test/rc2026/build/rplidar_ros' returned '0': CMAKE_PREFIX_PATH=/opt/ros/humble /usr/bin/cmake --build /home/ljhua/ROBOCON2026/lidar_test/rc2026/build/rplidar_ros -- -j20 -l20
[0.953s] DEBUG:colcon.colcon_core.event_handler.log_command:Invoking command in '/home/ljhua/ROBOCON2026/lidar_test/rc2026/build/rplidar_ros': CMAKE_PREFIX_PATH=/opt/ros/humble /usr/bin/cmake --install /home/ljhua/ROBOCON2026/lidar_test/rc2026/build/rplidar_ros
[0.967s] Level 1:colcon.colcon_core.environment:create_environment_scripts_only(rplidar_ros)
[0.968s] Level 1:colcon.colcon_core.environment:checking '/home/ljhua/ROBOCON2026/lidar_test/rc2026/install/rplidar_ros' for CMake module files
[0.968s] DEBUG:colcon.colcon_core.event_handler.log_command:Invoked command in '/home/ljhua/ROBOCON2026/lidar_test/rc2026/build/rplidar_ros' returned '0': CMAKE_PREFIX_PATH=/opt/ros/humble /usr/bin/cmake --install /home/ljhua/ROBOCON2026/lidar_test/rc2026/build/rplidar_ros
[0.969s] Level 1:colcon.colcon_core.environment:checking '/home/ljhua/ROBOCON2026/lidar_test/rc2026/install/rplidar_ros' for CMake config files
[0.969s] Level 1:colcon.colcon_core.shell:create_environment_hook('rplidar_ros', 'cmake_prefix_path')
[0.970s] INFO:colcon.colcon_core.shell:Creating environment hook '/home/ljhua/ROBOCON2026/lidar_test/rc2026/install/rplidar_ros/share/rplidar_ros/hook/cmake_prefix_path.ps1'
[0.970s] INFO:colcon.colcon_core.shell:Creating environment descriptor '/home/ljhua/ROBOCON2026/lidar_test/rc2026/install/rplidar_ros/share/rplidar_ros/hook/cmake_prefix_path.dsv'
[0.971s] INFO:colcon.colcon_core.shell:Creating environment hook '/home/ljhua/ROBOCON2026/lidar_test/rc2026/install/rplidar_ros/share/rplidar_ros/hook/cmake_prefix_path.sh'
[0.971s] Level 1:colcon.colcon_core.environment:checking '/home/ljhua/ROBOCON2026/lidar_test/rc2026/install/rplidar_ros/lib'
[0.971s] Level 1:colcon.colcon_core.environment:checking '/home/ljhua/ROBOCON2026/lidar_test/rc2026/install/rplidar_ros/bin'
[0.972s] Level 1:colcon.colcon_core.environment:checking '/home/ljhua/ROBOCON2026/lidar_test/rc2026/install/rplidar_ros/lib/pkgconfig/rplidar_ros.pc'
[0.972s] Level 1:colcon.colcon_core.environment:checking '/home/ljhua/ROBOCON2026/lidar_test/rc2026/install/rplidar_ros/lib/python3.10/site-packages'
[0.972s] Level 1:colcon.colcon_core.environment:checking '/home/ljhua/ROBOCON2026/lidar_test/rc2026/install/rplidar_ros/bin'
[0.972s] INFO:colcon.colcon_core.shell:Creating package script '/home/ljhua/ROBOCON2026/lidar_test/rc2026/install/rplidar_ros/share/rplidar_ros/package.ps1'
[0.973s] INFO:colcon.colcon_core.shell:Creating package descriptor '/home/ljhua/ROBOCON2026/lidar_test/rc2026/install/rplidar_ros/share/rplidar_ros/package.dsv'
[0.973s] INFO:colcon.colcon_core.shell:Creating package script '/home/ljhua/ROBOCON2026/lidar_test/rc2026/install/rplidar_ros/share/rplidar_ros/package.sh'
[0.974s] INFO:colcon.colcon_core.shell:Creating package script '/home/ljhua/ROBOCON2026/lidar_test/rc2026/install/rplidar_ros/share/rplidar_ros/package.bash'
[0.974s] INFO:colcon.colcon_core.shell:Creating package script '/home/ljhua/ROBOCON2026/lidar_test/rc2026/install/rplidar_ros/share/rplidar_ros/package.zsh'
[0.975s] Level 1:colcon.colcon_core.environment:create_file_with_runtime_dependencies(/home/ljhua/ROBOCON2026/lidar_test/rc2026/install/rplidar_ros/share/colcon-core/packages/rplidar_ros)
[0.975s] Level 1:colcon.colcon_core.environment:create_environment_scripts_only(rplidar_ros)
[0.976s] Level 1:colcon.colcon_core.environment:checking '/home/ljhua/ROBOCON2026/lidar_test/rc2026/install/rplidar_ros' for CMake module files
[0.976s] Level 1:colcon.colcon_core.environment:checking '/home/ljhua/ROBOCON2026/lidar_test/rc2026/install/rplidar_ros' for CMake config files
[0.977s] Level 1:colcon.colcon_core.shell:create_environment_hook('rplidar_ros', 'cmake_prefix_path')
[0.977s] INFO:colcon.colcon_core.shell:Creating environment hook '/home/ljhua/ROBOCON2026/lidar_test/rc2026/install/rplidar_ros/share/rplidar_ros/hook/cmake_prefix_path.ps1'
[0.978s] INFO:colcon.colcon_core.shell:Creating environment descriptor '/home/ljhua/ROBOCON2026/lidar_test/rc2026/install/rplidar_ros/share/rplidar_ros/hook/cmake_prefix_path.dsv'
[0.978s] INFO:colcon.colcon_core.shell:Creating environment hook '/home/ljhua/ROBOCON2026/lidar_test/rc2026/install/rplidar_ros/share/rplidar_ros/hook/cmake_prefix_path.sh'
[0.979s] Level 1:colcon.colcon_core.environment:checking '/home/ljhua/ROBOCON2026/lidar_test/rc2026/install/rplidar_ros/lib'
[0.979s] Level 1:colcon.colcon_core.environment:checking '/home/ljhua/ROBOCON2026/lidar_test/rc2026/install/rplidar_ros/bin'
[0.979s] Level 1:colcon.colcon_core.environment:checking '/home/ljhua/ROBOCON2026/lidar_test/rc2026/install/rplidar_ros/lib/pkgconfig/rplidar_ros.pc'
[0.979s] Level 1:colcon.colcon_core.environment:checking '/home/ljhua/ROBOCON2026/lidar_test/rc2026/install/rplidar_ros/lib/python3.10/site-packages'
[0.979s] Level 1:colcon.colcon_core.environment:checking '/home/ljhua/ROBOCON2026/lidar_test/rc2026/install/rplidar_ros/bin'
[0.980s] INFO:colcon.colcon_core.shell:Creating package script '/home/ljhua/ROBOCON2026/lidar_test/rc2026/install/rplidar_ros/share/rplidar_ros/package.ps1'
[0.980s] INFO:colcon.colcon_core.shell:Creating package descriptor '/home/ljhua/ROBOCON2026/lidar_test/rc2026/install/rplidar_ros/share/rplidar_ros/package.dsv'
[0.981s] INFO:colcon.colcon_core.shell:Creating package script '/home/ljhua/ROBOCON2026/lidar_test/rc2026/install/rplidar_ros/share/rplidar_ros/package.sh'
[0.981s] INFO:colcon.colcon_core.shell:Creating package script '/home/ljhua/ROBOCON2026/lidar_test/rc2026/install/rplidar_ros/share/rplidar_ros/package.bash'
[0.982s] INFO:colcon.colcon_core.shell:Creating package script '/home/ljhua/ROBOCON2026/lidar_test/rc2026/install/rplidar_ros/share/rplidar_ros/package.zsh'
[0.982s] Level 1:colcon.colcon_core.environment:create_file_with_runtime_dependencies(/home/ljhua/ROBOCON2026/lidar_test/rc2026/install/rplidar_ros/share/colcon-core/packages/rplidar_ros)
[1.005s] DEBUG:colcon.colcon_core.event_handler.log_command:Invoked command in '/home/ljhua/ROBOCON2026/lidar_test/rc2026/build/livox_ros_driver2' returned '0': CMAKE_PREFIX_PATH=/opt/ros/humble /usr/bin/cmake --build /home/ljhua/ROBOCON2026/lidar_test/rc2026/build/livox_ros_driver2 -- -j20 -l20
[1.007s] DEBUG:colcon.colcon_core.event_handler.log_command:Invoking command in '/home/ljhua/ROBOCON2026/lidar_test/rc2026/build/livox_ros_driver2': CMAKE_PREFIX_PATH=/opt/ros/humble /usr/bin/cmake --install /home/ljhua/ROBOCON2026/lidar_test/rc2026/build/livox_ros_driver2
[1.038s] DEBUG:colcon.colcon_core.event_handler.log_command:Invoked command in '/home/ljhua/ROBOCON2026/lidar_test/rc2026/build/linefit_ground_segmentation_ros' returned '0': AMENT_PREFIX_PATH=/home/ljhua/ROBOCON2026/lidar_test/rc2026/install/linefit_ground_segmentation:${AMENT_PREFIX_PATH} CMAKE_PREFIX_PATH=/home/ljhua/ROBOCON2026/lidar_test/rc2026/install/linefit_ground_segmentation:/opt/ros/humble LD_LIBRARY_PATH=/home/ljhua/ROBOCON2026/lidar_test/rc2026/install/linefit_ground_segmentation/lib:${LD_LIBRARY_PATH} /usr/bin/cmake --build /home/ljhua/ROBOCON2026/lidar_test/rc2026/build/linefit_ground_segmentation_ros -- -j20 -l20
[1.040s] DEBUG:colcon.colcon_core.event_handler.log_command:Invoking command in '/home/ljhua/ROBOCON2026/lidar_test/rc2026/build/linefit_ground_segmentation_ros': AMENT_PREFIX_PATH=/home/ljhua/ROBOCON2026/lidar_test/rc2026/install/linefit_ground_segmentation:${AMENT_PREFIX_PATH} CMAKE_PREFIX_PATH=/home/ljhua/ROBOCON2026/lidar_test/rc2026/install/linefit_ground_segmentation:/opt/ros/humble LD_LIBRARY_PATH=/home/ljhua/ROBOCON2026/lidar_test/rc2026/install/linefit_ground_segmentation/lib:${LD_LIBRARY_PATH} /usr/bin/cmake --install /home/ljhua/ROBOCON2026/lidar_test/rc2026/build/linefit_ground_segmentation_ros
[1.055s] Level 1:colcon.colcon_core.environment:create_environment_scripts_only(linefit_ground_segmentation_ros)
[1.056s] DEBUG:colcon.colcon_core.event_handler.log_command:Invoked command in '/home/ljhua/ROBOCON2026/lidar_test/rc2026/build/linefit_ground_segmentation_ros' returned '0': AMENT_PREFIX_PATH=/home/ljhua/ROBOCON2026/lidar_test/rc2026/install/linefit_ground_segmentation:${AMENT_PREFIX_PATH} CMAKE_PREFIX_PATH=/home/ljhua/ROBOCON2026/lidar_test/rc2026/install/linefit_ground_segmentation:/opt/ros/humble LD_LIBRARY_PATH=/home/ljhua/ROBOCON2026/lidar_test/rc2026/install/linefit_ground_segmentation/lib:${LD_LIBRARY_PATH} /usr/bin/cmake --install /home/ljhua/ROBOCON2026/lidar_test/rc2026/build/linefit_ground_segmentation_ros
[1.056s] Level 1:colcon.colcon_core.environment:checking '/home/ljhua/ROBOCON2026/lidar_test/rc2026/install/linefit_ground_segmentation_ros' for CMake module files
[1.057s] Level 1:colcon.colcon_core.environment:checking '/home/ljhua/ROBOCON2026/lidar_test/rc2026/install/linefit_ground_segmentation_ros' for CMake config files
[1.057s] Level 1:colcon.colcon_core.shell:create_environment_hook('linefit_ground_segmentation_ros', 'cmake_prefix_path')
[1.057s] INFO:colcon.colcon_core.shell:Creating environment hook '/home/ljhua/ROBOCON2026/lidar_test/rc2026/install/linefit_ground_segmentation_ros/share/linefit_ground_segmentation_ros/hook/cmake_prefix_path.ps1'
[1.057s] INFO:colcon.colcon_core.shell:Creating environment descriptor '/home/ljhua/ROBOCON2026/lidar_test/rc2026/install/linefit_ground_segmentation_ros/share/linefit_ground_segmentation_ros/hook/cmake_prefix_path.dsv'
[1.058s] INFO:colcon.colcon_core.shell:Creating environment hook '/home/ljhua/ROBOCON2026/lidar_test/rc2026/install/linefit_ground_segmentation_ros/share/linefit_ground_segmentation_ros/hook/cmake_prefix_path.sh'
[1.058s] Level 1:colcon.colcon_core.environment:checking '/home/ljhua/ROBOCON2026/lidar_test/rc2026/install/linefit_ground_segmentation_ros/lib'
[1.058s] Level 1:colcon.colcon_core.environment:checking '/home/ljhua/ROBOCON2026/lidar_test/rc2026/install/linefit_ground_segmentation_ros/bin'
[1.058s] Level 1:colcon.colcon_core.environment:checking '/home/ljhua/ROBOCON2026/lidar_test/rc2026/install/linefit_ground_segmentation_ros/lib/pkgconfig/linefit_ground_segmentation_ros.pc'
[1.058s] Level 1:colcon.colcon_core.environment:checking '/home/ljhua/ROBOCON2026/lidar_test/rc2026/install/linefit_ground_segmentation_ros/lib/python3.10/site-packages'
[1.058s] Level 1:colcon.colcon_core.environment:checking '/home/ljhua/ROBOCON2026/lidar_test/rc2026/install/linefit_ground_segmentation_ros/bin'
[1.059s] INFO:colcon.colcon_core.shell:Creating package script '/home/ljhua/ROBOCON2026/lidar_test/rc2026/install/linefit_ground_segmentation_ros/share/linefit_ground_segmentation_ros/package.ps1'
[1.059s] INFO:colcon.colcon_core.shell:Creating package descriptor '/home/ljhua/ROBOCON2026/lidar_test/rc2026/install/linefit_ground_segmentation_ros/share/linefit_ground_segmentation_ros/package.dsv'
[1.059s] INFO:colcon.colcon_core.shell:Creating package script '/home/ljhua/ROBOCON2026/lidar_test/rc2026/install/linefit_ground_segmentation_ros/share/linefit_ground_segmentation_ros/package.sh'
[1.059s] INFO:colcon.colcon_core.shell:Creating package script '/home/ljhua/ROBOCON2026/lidar_test/rc2026/install/linefit_ground_segmentation_ros/share/linefit_ground_segmentation_ros/package.bash'
[1.059s] INFO:colcon.colcon_core.shell:Creating package script '/home/ljhua/ROBOCON2026/lidar_test/rc2026/install/linefit_ground_segmentation_ros/share/linefit_ground_segmentation_ros/package.zsh'
[1.061s] Level 1:colcon.colcon_core.environment:create_file_with_runtime_dependencies(/home/ljhua/ROBOCON2026/lidar_test/rc2026/install/linefit_ground_segmentation_ros/share/colcon-core/packages/linefit_ground_segmentation_ros)
[1.061s] Level 1:colcon.colcon_core.environment:create_environment_scripts_only(linefit_ground_segmentation_ros)
[1.062s] Level 1:colcon.colcon_core.environment:checking '/home/ljhua/ROBOCON2026/lidar_test/rc2026/install/linefit_ground_segmentation_ros' for CMake module files
[1.062s] Level 1:colcon.colcon_core.environment:checking '/home/ljhua/ROBOCON2026/lidar_test/rc2026/install/linefit_ground_segmentation_ros' for CMake config files
[1.062s] Level 1:colcon.colcon_core.shell:create_environment_hook('linefit_ground_segmentation_ros', 'cmake_prefix_path')
[1.062s] INFO:colcon.colcon_core.shell:Creating environment hook '/home/ljhua/ROBOCON2026/lidar_test/rc2026/install/linefit_ground_segmentation_ros/share/linefit_ground_segmentation_ros/hook/cmake_prefix_path.ps1'
[1.062s] INFO:colcon.colcon_core.shell:Creating environment descriptor '/home/ljhua/ROBOCON2026/lidar_test/rc2026/install/linefit_ground_segmentation_ros/share/linefit_ground_segmentation_ros/hook/cmake_prefix_path.dsv'
[1.063s] INFO:colcon.colcon_core.shell:Creating environment hook '/home/ljhua/ROBOCON2026/lidar_test/rc2026/install/linefit_ground_segmentation_ros/share/linefit_ground_segmentation_ros/hook/cmake_prefix_path.sh'
[1.063s] Level 1:colcon.colcon_core.environment:checking '/home/ljhua/ROBOCON2026/lidar_test/rc2026/install/linefit_ground_segmentation_ros/lib'
[1.063s] Level 1:colcon.colcon_core.environment:checking '/home/ljhua/ROBOCON2026/lidar_test/rc2026/install/linefit_ground_segmentation_ros/bin'
[1.063s] Level 1:colcon.colcon_core.environment:checking '/home/ljhua/ROBOCON2026/lidar_test/rc2026/install/linefit_ground_segmentation_ros/lib/pkgconfig/linefit_ground_segmentation_ros.pc'
[1.063s] Level 1:colcon.colcon_core.environment:checking '/home/ljhua/ROBOCON2026/lidar_test/rc2026/install/linefit_ground_segmentation_ros/lib/python3.10/site-packages'
[1.063s] Level 1:colcon.colcon_core.environment:checking '/home/ljhua/ROBOCON2026/lidar_test/rc2026/install/linefit_ground_segmentation_ros/bin'
[1.063s] INFO:colcon.colcon_core.shell:Creating package script '/home/ljhua/ROBOCON2026/lidar_test/rc2026/install/linefit_ground_segmentation_ros/share/linefit_ground_segmentation_ros/package.ps1'
[1.064s] INFO:colcon.colcon_core.shell:Creating package descriptor '/home/ljhua/ROBOCON2026/lidar_test/rc2026/install/linefit_ground_segmentation_ros/share/linefit_ground_segmentation_ros/package.dsv'
[1.064s] INFO:colcon.colcon_core.shell:Creating package script '/home/ljhua/ROBOCON2026/lidar_test/rc2026/install/linefit_ground_segmentation_ros/share/linefit_ground_segmentation_ros/package.sh'
[1.064s] INFO:colcon.colcon_core.shell:Creating package script '/home/ljhua/ROBOCON2026/lidar_test/rc2026/install/linefit_ground_segmentation_ros/share/linefit_ground_segmentation_ros/package.bash'
[1.064s] INFO:colcon.colcon_core.shell:Creating package script '/home/ljhua/ROBOCON2026/lidar_test/rc2026/install/linefit_ground_segmentation_ros/share/linefit_ground_segmentation_ros/package.zsh'
[1.065s] Level 1:colcon.colcon_core.environment:create_file_with_runtime_dependencies(/home/ljhua/ROBOCON2026/lidar_test/rc2026/install/linefit_ground_segmentation_ros/share/colcon-core/packages/linefit_ground_segmentation_ros)
[1.065s] Level 1:colcon.colcon_core.environment:create_environment_scripts_only(livox_ros_driver2)
[1.066s] DEBUG:colcon.colcon_core.event_handler.log_command:Invoked command in '/home/ljhua/ROBOCON2026/lidar_test/rc2026/build/livox_ros_driver2' returned '0': CMAKE_PREFIX_PATH=/opt/ros/humble /usr/bin/cmake --install /home/ljhua/ROBOCON2026/lidar_test/rc2026/build/livox_ros_driver2
[1.066s] Level 1:colcon.colcon_core.environment:checking '/home/ljhua/ROBOCON2026/lidar_test/rc2026/install/livox_ros_driver2' for CMake module files
[1.067s] Level 1:colcon.colcon_core.environment:checking '/home/ljhua/ROBOCON2026/lidar_test/rc2026/install/livox_ros_driver2' for CMake config files
[1.067s] Level 1:colcon.colcon_core.shell:create_environment_hook('livox_ros_driver2', 'cmake_prefix_path')
[1.068s] INFO:colcon.colcon_core.shell:Creating environment hook '/home/ljhua/ROBOCON2026/lidar_test/rc2026/install/livox_ros_driver2/share/livox_ros_driver2/hook/cmake_prefix_path.ps1'
[1.068s] INFO:colcon.colcon_core.shell:Creating environment descriptor '/home/ljhua/ROBOCON2026/lidar_test/rc2026/install/livox_ros_driver2/share/livox_ros_driver2/hook/cmake_prefix_path.dsv'
[1.068s] INFO:colcon.colcon_core.shell:Creating environment hook '/home/ljhua/ROBOCON2026/lidar_test/rc2026/install/livox_ros_driver2/share/livox_ros_driver2/hook/cmake_prefix_path.sh'
[1.069s] Level 1:colcon.colcon_core.environment:checking '/home/ljhua/ROBOCON2026/lidar_test/rc2026/install/livox_ros_driver2/lib'
[1.069s] Level 1:colcon.colcon_core.shell:create_environment_hook('livox_ros_driver2', 'ld_library_path_lib')
[1.069s] INFO:colcon.colcon_core.shell:Creating environment hook '/home/ljhua/ROBOCON2026/lidar_test/rc2026/install/livox_ros_driver2/share/livox_ros_driver2/hook/ld_library_path_lib.ps1'
[1.069s] INFO:colcon.colcon_core.shell:Creating environment descriptor '/home/ljhua/ROBOCON2026/lidar_test/rc2026/install/livox_ros_driver2/share/livox_ros_driver2/hook/ld_library_path_lib.dsv'
[1.069s] INFO:colcon.colcon_core.shell:Creating environment hook '/home/ljhua/ROBOCON2026/lidar_test/rc2026/install/livox_ros_driver2/share/livox_ros_driver2/hook/ld_library_path_lib.sh'
[1.070s] Level 1:colcon.colcon_core.environment:checking '/home/ljhua/ROBOCON2026/lidar_test/rc2026/install/livox_ros_driver2/bin'
[1.070s] Level 1:colcon.colcon_core.environment:checking '/home/ljhua/ROBOCON2026/lidar_test/rc2026/install/livox_ros_driver2/lib/pkgconfig/livox_ros_driver2.pc'
[1.070s] Level 1:colcon.colcon_core.environment:checking '/home/ljhua/ROBOCON2026/lidar_test/rc2026/install/livox_ros_driver2/lib/python3.10/site-packages'
[1.070s] Level 1:colcon.colcon_core.environment:checking '/home/ljhua/ROBOCON2026/lidar_test/rc2026/install/livox_ros_driver2/bin'
[1.070s] INFO:colcon.colcon_core.shell:Creating package script '/home/ljhua/ROBOCON2026/lidar_test/rc2026/install/livox_ros_driver2/share/livox_ros_driver2/package.ps1'
[1.070s] INFO:colcon.colcon_core.shell:Creating package descriptor '/home/ljhua/ROBOCON2026/lidar_test/rc2026/install/livox_ros_driver2/share/livox_ros_driver2/package.dsv'
[1.071s] INFO:colcon.colcon_core.shell:Creating package script '/home/ljhua/ROBOCON2026/lidar_test/rc2026/install/livox_ros_driver2/share/livox_ros_driver2/package.sh'
[1.071s] INFO:colcon.colcon_core.shell:Creating package script '/home/ljhua/ROBOCON2026/lidar_test/rc2026/install/livox_ros_driver2/share/livox_ros_driver2/package.bash'
[1.071s] INFO:colcon.colcon_core.shell:Creating package script '/home/ljhua/ROBOCON2026/lidar_test/rc2026/install/livox_ros_driver2/share/livox_ros_driver2/package.zsh'
[1.072s] Level 1:colcon.colcon_core.environment:create_file_with_runtime_dependencies(/home/ljhua/ROBOCON2026/lidar_test/rc2026/install/livox_ros_driver2/share/colcon-core/packages/livox_ros_driver2)
[1.072s] Level 1:colcon.colcon_core.environment:create_environment_scripts_only(livox_ros_driver2)
[1.072s] Level 1:colcon.colcon_core.environment:checking '/home/ljhua/ROBOCON2026/lidar_test/rc2026/install/livox_ros_driver2' for CMake module files
[1.072s] Level 1:colcon.colcon_core.environment:checking '/home/ljhua/ROBOCON2026/lidar_test/rc2026/install/livox_ros_driver2' for CMake config files
[1.073s] Level 1:colcon.colcon_core.shell:create_environment_hook('livox_ros_driver2', 'cmake_prefix_path')
[1.073s] INFO:colcon.colcon_core.shell:Creating environment hook '/home/ljhua/ROBOCON2026/lidar_test/rc2026/install/livox_ros_driver2/share/livox_ros_driver2/hook/cmake_prefix_path.ps1'
[1.073s] INFO:colcon.colcon_core.shell:Creating environment descriptor '/home/ljhua/ROBOCON2026/lidar_test/rc2026/install/livox_ros_driver2/share/livox_ros_driver2/hook/cmake_prefix_path.dsv'
[1.074s] INFO:colcon.colcon_core.shell:Creating environment hook '/home/ljhua/ROBOCON2026/lidar_test/rc2026/install/livox_ros_driver2/share/livox_ros_driver2/hook/cmake_prefix_path.sh'
[1.074s] Level 1:colcon.colcon_core.environment:checking '/home/ljhua/ROBOCON2026/lidar_test/rc2026/install/livox_ros_driver2/lib'
[1.074s] Level 1:colcon.colcon_core.shell:create_environment_hook('livox_ros_driver2', 'ld_library_path_lib')
[1.074s] INFO:colcon.colcon_core.shell:Creating environment hook '/home/ljhua/ROBOCON2026/lidar_test/rc2026/install/livox_ros_driver2/share/livox_ros_driver2/hook/ld_library_path_lib.ps1'
[1.074s] INFO:colcon.colcon_core.shell:Creating environment descriptor '/home/ljhua/ROBOCON2026/lidar_test/rc2026/install/livox_ros_driver2/share/livox_ros_driver2/hook/ld_library_path_lib.dsv'
[1.074s] INFO:colcon.colcon_core.shell:Creating environment hook '/home/ljhua/ROBOCON2026/lidar_test/rc2026/install/livox_ros_driver2/share/livox_ros_driver2/hook/ld_library_path_lib.sh'
[1.075s] Level 1:colcon.colcon_core.environment:checking '/home/ljhua/ROBOCON2026/lidar_test/rc2026/install/livox_ros_driver2/bin'
[1.075s] Level 1:colcon.colcon_core.environment:checking '/home/ljhua/ROBOCON2026/lidar_test/rc2026/install/livox_ros_driver2/lib/pkgconfig/livox_ros_driver2.pc'
[1.075s] Level 1:colcon.colcon_core.environment:checking '/home/ljhua/ROBOCON2026/lidar_test/rc2026/install/livox_ros_driver2/lib/python3.10/site-packages'
[1.075s] Level 1:colcon.colcon_core.environment:checking '/home/ljhua/ROBOCON2026/lidar_test/rc2026/install/livox_ros_driver2/bin'
[1.075s] INFO:colcon.colcon_core.shell:Creating package script '/home/ljhua/ROBOCON2026/lidar_test/rc2026/install/livox_ros_driver2/share/livox_ros_driver2/package.ps1'
[1.075s] INFO:colcon.colcon_core.shell:Creating package descriptor '/home/ljhua/ROBOCON2026/lidar_test/rc2026/install/livox_ros_driver2/share/livox_ros_driver2/package.dsv'
[1.076s] INFO:colcon.colcon_core.shell:Creating package script '/home/ljhua/ROBOCON2026/lidar_test/rc2026/install/livox_ros_driver2/share/livox_ros_driver2/package.sh'
[1.076s] INFO:colcon.colcon_core.shell:Creating package script '/home/ljhua/ROBOCON2026/lidar_test/rc2026/install/livox_ros_driver2/share/livox_ros_driver2/package.bash'
[1.076s] INFO:colcon.colcon_core.shell:Creating package script '/home/ljhua/ROBOCON2026/lidar_test/rc2026/install/livox_ros_driver2/share/livox_ros_driver2/package.zsh'
[1.076s] Level 1:colcon.colcon_core.environment:create_file_with_runtime_dependencies(/home/ljhua/ROBOCON2026/lidar_test/rc2026/install/livox_ros_driver2/share/colcon-core/packages/livox_ros_driver2)
[1.077s] INFO:colcon.colcon_ros.task.ament_cmake.build:Building ROS package in '/home/ljhua/ROBOCON2026/lidar_test/rc2026/src/rm_localization/fast_lio' with build type 'ament_cmake'
[1.077s] INFO:colcon.colcon_cmake.task.cmake.build:Building CMake package in '/home/ljhua/ROBOCON2026/lidar_test/rc2026/src/rm_localization/fast_lio'
[1.077s] INFO:colcon.colcon_core.shell:Skip shell extension 'powershell' for command environment: Not usable outside of PowerShell
[1.077s] DEBUG:colcon.colcon_core.shell:Skip shell extension 'dsv' for command environment
[1.086s] DEBUG:colcon.colcon_core.event_handler.log_command:Invoking command in '/home/ljhua/ROBOCON2026/lidar_test/rc2026/build/fast_lio': AMENT_PREFIX_PATH=/home/ljhua/ROBOCON2026/lidar_test/rc2026/install/livox_ros_driver2:${AMENT_PREFIX_PATH} CMAKE_PREFIX_PATH=/home/ljhua/ROBOCON2026/lidar_test/rc2026/install/livox_ros_driver2:/opt/ros/humble LD_LIBRARY_PATH=/home/ljhua/ROBOCON2026/lidar_test/rc2026/install/livox_ros_driver2/lib:${LD_LIBRARY_PATH} PYTHONPATH=/home/ljhua/ROBOCON2026/lidar_test/rc2026/install/livox_ros_driver2/local/lib/python3.10/dist-packages:${PYTHONPATH} /usr/bin/cmake --build /home/ljhua/ROBOCON2026/lidar_test/rc2026/build/fast_lio -- -j20 -l20
[1.302s] DEBUG:colcon.colcon_core.event_handler.log_command:Invoking command in '/home/ljhua/ROBOCON2026/lidar_test/rc2026/build/rc_serial_driver': PYTHONPATH=/home/ljhua/ROBOCON2026/lidar_test/rc2026/build/rc_serial_driver/prefix_override:/usr/lib/python3/dist-packages/colcon_core/task/python/colcon_distutils_commands:/home/ljhua/ROBOCON2026/lidar_test/rc2026/install/rc_serial_driver/lib/python3.10/site-packages:${PYTHONPATH} /usr/bin/python3 -W ignore:setup.py install is deprecated -W ignore:easy_install command is deprecated setup.py develop --editable --build-directory /home/ljhua/ROBOCON2026/lidar_test/rc2026/build/rc_serial_driver/build --no-deps symlink_data
[1.304s] DEBUG:colcon.colcon_core.event_handler.log_command:Invoking command in '/home/ljhua/ROBOCON2026/lidar_test/rc2026/build/rc_keyboard_control': PYTHONPATH=/home/ljhua/ROBOCON2026/lidar_test/rc2026/build/rc_keyboard_control/prefix_override:/usr/lib/python3/dist-packages/colcon_core/task/python/colcon_distutils_commands:/home/ljhua/ROBOCON2026/lidar_test/rc2026/install/rc_keyboard_control/lib/python3.10/site-packages:${PYTHONPATH} /usr/bin/python3 -W ignore:setup.py install is deprecated -W ignore:easy_install command is deprecated setup.py develop --editable --build-directory /home/ljhua/ROBOCON2026/lidar_test/rc2026/build/rc_keyboard_control/build --no-deps symlink_data
[1.688s] DEBUG:colcon.colcon_core.event_handler.log_command:Invoked command in '/home/ljhua/ROBOCON2026/lidar_test/rc2026/build/fast_lio' returned '0': AMENT_PREFIX_PATH=/home/ljhua/ROBOCON2026/lidar_test/rc2026/install/livox_ros_driver2:${AMENT_PREFIX_PATH} CMAKE_PREFIX_PATH=/home/ljhua/ROBOCON2026/lidar_test/rc2026/install/livox_ros_driver2:/opt/ros/humble LD_LIBRARY_PATH=/home/ljhua/ROBOCON2026/lidar_test/rc2026/install/livox_ros_driver2/lib:${LD_LIBRARY_PATH} PYTHONPATH=/home/ljhua/ROBOCON2026/lidar_test/rc2026/install/livox_ros_driver2/local/lib/python3.10/dist-packages:${PYTHONPATH} /usr/bin/cmake --build /home/ljhua/ROBOCON2026/lidar_test/rc2026/build/fast_lio -- -j20 -l20
[1.689s] DEBUG:colcon.colcon_core.event_handler.log_command:Invoking command in '/home/ljhua/ROBOCON2026/lidar_test/rc2026/build/fast_lio': AMENT_PREFIX_PATH=/home/ljhua/ROBOCON2026/lidar_test/rc2026/install/livox_ros_driver2:${AMENT_PREFIX_PATH} CMAKE_PREFIX_PATH=/home/ljhua/ROBOCON2026/lidar_test/rc2026/install/livox_ros_driver2:/opt/ros/humble LD_LIBRARY_PATH=/home/ljhua/ROBOCON2026/lidar_test/rc2026/install/livox_ros_driver2/lib:${LD_LIBRARY_PATH} PYTHONPATH=/home/ljhua/ROBOCON2026/lidar_test/rc2026/install/livox_ros_driver2/local/lib/python3.10/dist-packages:${PYTHONPATH} /usr/bin/cmake --install /home/ljhua/ROBOCON2026/lidar_test/rc2026/build/fast_lio
[1.737s] Level 1:colcon.colcon_core.environment:create_environment_scripts_only(fast_lio)
[1.737s] Level 1:colcon.colcon_core.environment:checking '/home/ljhua/ROBOCON2026/lidar_test/rc2026/install/fast_lio' for CMake module files
[1.737s] DEBUG:colcon.colcon_core.event_handler.log_command:Invoked command in '/home/ljhua/ROBOCON2026/lidar_test/rc2026/build/fast_lio' returned '0': AMENT_PREFIX_PATH=/home/ljhua/ROBOCON2026/lidar_test/rc2026/install/livox_ros_driver2:${AMENT_PREFIX_PATH} CMAKE_PREFIX_PATH=/home/ljhua/ROBOCON2026/lidar_test/rc2026/install/livox_ros_driver2:/opt/ros/humble LD_LIBRARY_PATH=/home/ljhua/ROBOCON2026/lidar_test/rc2026/install/livox_ros_driver2/lib:${LD_LIBRARY_PATH} PYTHONPATH=/home/ljhua/ROBOCON2026/lidar_test/rc2026/install/livox_ros_driver2/local/lib/python3.10/dist-packages:${PYTHONPATH} /usr/bin/cmake --install /home/ljhua/ROBOCON2026/lidar_test/rc2026/build/fast_lio
[1.738s] Level 1:colcon.colcon_core.environment:checking '/home/ljhua/ROBOCON2026/lidar_test/rc2026/install/fast_lio' for CMake config files
[1.739s] Level 1:colcon.colcon_core.shell:create_environment_hook('fast_lio', 'cmake_prefix_path')
[1.739s] INFO:colcon.colcon_core.shell:Creating environment hook '/home/ljhua/ROBOCON2026/lidar_test/rc2026/install/fast_lio/share/fast_lio/hook/cmake_prefix_path.ps1'
[1.740s] INFO:colcon.colcon_core.shell:Creating environment descriptor '/home/ljhua/ROBOCON2026/lidar_test/rc2026/install/fast_lio/share/fast_lio/hook/cmake_prefix_path.dsv'
[1.740s] INFO:colcon.colcon_core.shell:Creating environment hook '/home/ljhua/ROBOCON2026/lidar_test/rc2026/install/fast_lio/share/fast_lio/hook/cmake_prefix_path.sh'
[1.740s] Level 1:colcon.colcon_core.environment:checking '/home/ljhua/ROBOCON2026/lidar_test/rc2026/install/fast_lio/lib'
[1.740s] Level 1:colcon.colcon_core.shell:create_environment_hook('fast_lio', 'ld_library_path_lib')
[1.741s] INFO:colcon.colcon_core.shell:Creating environment hook '/home/ljhua/ROBOCON2026/lidar_test/rc2026/install/fast_lio/share/fast_lio/hook/ld_library_path_lib.ps1'
[1.741s] INFO:colcon.colcon_core.shell:Creating environment descriptor '/home/ljhua/ROBOCON2026/lidar_test/rc2026/install/fast_lio/share/fast_lio/hook/ld_library_path_lib.dsv'
[1.741s] INFO:colcon.colcon_core.shell:Creating environment hook '/home/ljhua/ROBOCON2026/lidar_test/rc2026/install/fast_lio/share/fast_lio/hook/ld_library_path_lib.sh'
[1.741s] Level 1:colcon.colcon_core.environment:checking '/home/ljhua/ROBOCON2026/lidar_test/rc2026/install/fast_lio/bin'
[1.741s] Level 1:colcon.colcon_core.environment:checking '/home/ljhua/ROBOCON2026/lidar_test/rc2026/install/fast_lio/lib/pkgconfig/fast_lio.pc'
[1.742s] Level 1:colcon.colcon_core.environment:checking '/home/ljhua/ROBOCON2026/lidar_test/rc2026/install/fast_lio/lib/python3.10/site-packages'
[1.742s] Level 1:colcon.colcon_core.environment:checking '/home/ljhua/ROBOCON2026/lidar_test/rc2026/install/fast_lio/bin'
[1.742s] INFO:colcon.colcon_core.shell:Creating package script '/home/ljhua/ROBOCON2026/lidar_test/rc2026/install/fast_lio/share/fast_lio/package.ps1'
[1.742s] INFO:colcon.colcon_core.shell:Creating package descriptor '/home/ljhua/ROBOCON2026/lidar_test/rc2026/install/fast_lio/share/fast_lio/package.dsv'
[1.743s] INFO:colcon.colcon_core.shell:Creating package script '/home/ljhua/ROBOCON2026/lidar_test/rc2026/install/fast_lio/share/fast_lio/package.sh'
[1.743s] INFO:colcon.colcon_core.shell:Creating package script '/home/ljhua/ROBOCON2026/lidar_test/rc2026/install/fast_lio/share/fast_lio/package.bash'
[1.743s] INFO:colcon.colcon_core.shell:Creating package script '/home/ljhua/ROBOCON2026/lidar_test/rc2026/install/fast_lio/share/fast_lio/package.zsh'
[1.743s] Level 1:colcon.colcon_core.environment:create_file_with_runtime_dependencies(/home/ljhua/ROBOCON2026/lidar_test/rc2026/install/fast_lio/share/colcon-core/packages/fast_lio)
[1.744s] Level 1:colcon.colcon_core.environment:create_environment_scripts_only(fast_lio)
[1.744s] Level 1:colcon.colcon_core.environment:checking '/home/ljhua/ROBOCON2026/lidar_test/rc2026/install/fast_lio' for CMake module files
[1.744s] Level 1:colcon.colcon_core.environment:checking '/home/ljhua/ROBOCON2026/lidar_test/rc2026/install/fast_lio' for CMake config files
[1.745s] Level 1:colcon.colcon_core.shell:create_environment_hook('fast_lio', 'cmake_prefix_path')
[1.745s] INFO:colcon.colcon_core.shell:Creating environment hook '/home/ljhua/ROBOCON2026/lidar_test/rc2026/install/fast_lio/share/fast_lio/hook/cmake_prefix_path.ps1'
[1.745s] INFO:colcon.colcon_core.shell:Creating environment descriptor '/home/ljhua/ROBOCON2026/lidar_test/rc2026/install/fast_lio/share/fast_lio/hook/cmake_prefix_path.dsv'
[1.745s] INFO:colcon.colcon_core.shell:Creating environment hook '/home/ljhua/ROBOCON2026/lidar_test/rc2026/install/fast_lio/share/fast_lio/hook/cmake_prefix_path.sh'
[1.746s] Level 1:colcon.colcon_core.environment:checking '/home/ljhua/ROBOCON2026/lidar_test/rc2026/install/fast_lio/lib'
[1.746s] Level 1:colcon.colcon_core.shell:create_environment_hook('fast_lio', 'ld_library_path_lib')
[1.746s] INFO:colcon.colcon_core.shell:Creating environment hook '/home/ljhua/ROBOCON2026/lidar_test/rc2026/install/fast_lio/share/fast_lio/hook/ld_library_path_lib.ps1'
[1.746s] INFO:colcon.colcon_core.shell:Creating environment descriptor '/home/ljhua/ROBOCON2026/lidar_test/rc2026/install/fast_lio/share/fast_lio/hook/ld_library_path_lib.dsv'
[1.746s] INFO:colcon.colcon_core.shell:Creating environment hook '/home/ljhua/ROBOCON2026/lidar_test/rc2026/install/fast_lio/share/fast_lio/hook/ld_library_path_lib.sh'
[1.747s] Level 1:colcon.colcon_core.environment:checking '/home/ljhua/ROBOCON2026/lidar_test/rc2026/install/fast_lio/bin'
[1.747s] Level 1:colcon.colcon_core.environment:checking '/home/ljhua/ROBOCON2026/lidar_test/rc2026/install/fast_lio/lib/pkgconfig/fast_lio.pc'
[1.747s] Level 1:colcon.colcon_core.environment:checking '/home/ljhua/ROBOCON2026/lidar_test/rc2026/install/fast_lio/lib/python3.10/site-packages'
[1.747s] Level 1:colcon.colcon_core.environment:checking '/home/ljhua/ROBOCON2026/lidar_test/rc2026/install/fast_lio/bin'
[1.747s] INFO:colcon.colcon_core.shell:Creating package script '/home/ljhua/ROBOCON2026/lidar_test/rc2026/install/fast_lio/share/fast_lio/package.ps1'
[1.747s] INFO:colcon.colcon_core.shell:Creating package descriptor '/home/ljhua/ROBOCON2026/lidar_test/rc2026/install/fast_lio/share/fast_lio/package.dsv'
[1.748s] INFO:colcon.colcon_core.shell:Creating package script '/home/ljhua/ROBOCON2026/lidar_test/rc2026/install/fast_lio/share/fast_lio/package.sh'
[1.748s] INFO:colcon.colcon_core.shell:Creating package script '/home/ljhua/ROBOCON2026/lidar_test/rc2026/install/fast_lio/share/fast_lio/package.bash'
[1.748s] INFO:colcon.colcon_core.shell:Creating package script '/home/ljhua/ROBOCON2026/lidar_test/rc2026/install/fast_lio/share/fast_lio/package.zsh'
[1.749s] Level 1:colcon.colcon_core.environment:create_file_with_runtime_dependencies(/home/ljhua/ROBOCON2026/lidar_test/rc2026/install/fast_lio/share/colcon-core/packages/fast_lio)
[1.751s] Level 1:colcon.colcon_core.shell:create_environment_hook('rc_keyboard_control', 'pythonpath_develop')
[1.751s] INFO:colcon.colcon_core.shell:Creating environment hook '/home/ljhua/ROBOCON2026/lidar_test/rc2026/build/rc_keyboard_control/share/rc_keyboard_control/hook/pythonpath_develop.ps1'
[1.751s] DEBUG:colcon.colcon_core.event_handler.log_command:Invoked command in '/home/ljhua/ROBOCON2026/lidar_test/rc2026/build/rc_keyboard_control' returned '0': PYTHONPATH=/home/ljhua/ROBOCON2026/lidar_test/rc2026/build/rc_keyboard_control/prefix_override:/usr/lib/python3/dist-packages/colcon_core/task/python/colcon_distutils_commands:/home/ljhua/ROBOCON2026/lidar_test/rc2026/install/rc_keyboard_control/lib/python3.10/site-packages:${PYTHONPATH} /usr/bin/python3 -W ignore:setup.py install is deprecated -W ignore:easy_install command is deprecated setup.py develop --editable --build-directory /home/ljhua/ROBOCON2026/lidar_test/rc2026/build/rc_keyboard_control/build --no-deps symlink_data
[1.751s] INFO:colcon.colcon_core.shell:Creating environment descriptor '/home/ljhua/ROBOCON2026/lidar_test/rc2026/build/rc_keyboard_control/share/rc_keyboard_control/hook/pythonpath_develop.dsv'
[1.752s] INFO:colcon.colcon_core.shell:Creating environment hook '/home/ljhua/ROBOCON2026/lidar_test/rc2026/build/rc_keyboard_control/share/rc_keyboard_control/hook/pythonpath_develop.sh'
[1.752s] Level 1:colcon.colcon_core.environment:checking '/home/ljhua/ROBOCON2026/lidar_test/rc2026/install/rc_keyboard_control' for CMake module files
[1.752s] Level 1:colcon.colcon_core.environment:checking '/home/ljhua/ROBOCON2026/lidar_test/rc2026/install/rc_keyboard_control' for CMake config files
[1.752s] Level 1:colcon.colcon_core.environment:checking '/home/ljhua/ROBOCON2026/lidar_test/rc2026/install/rc_keyboard_control/lib'
[1.752s] Level 1:colcon.colcon_core.environment:checking '/home/ljhua/ROBOCON2026/lidar_test/rc2026/install/rc_keyboard_control/bin'
[1.752s] Level 1:colcon.colcon_core.environment:checking '/home/ljhua/ROBOCON2026/lidar_test/rc2026/install/rc_keyboard_control/lib/pkgconfig/rc_keyboard_control.pc'
[1.753s] Level 1:colcon.colcon_core.environment:checking '/home/ljhua/ROBOCON2026/lidar_test/rc2026/install/rc_keyboard_control/lib/python3.10/site-packages'
[1.753s] Level 1:colcon.colcon_core.shell:create_environment_hook('rc_keyboard_control', 'pythonpath')
[1.753s] INFO:colcon.colcon_core.shell:Creating environment hook '/home/ljhua/ROBOCON2026/lidar_test/rc2026/install/rc_keyboard_control/share/rc_keyboard_control/hook/pythonpath.ps1'
[1.753s] INFO:colcon.colcon_core.shell:Creating environment descriptor '/home/ljhua/ROBOCON2026/lidar_test/rc2026/install/rc_keyboard_control/share/rc_keyboard_control/hook/pythonpath.dsv'
[1.753s] INFO:colcon.colcon_core.shell:Creating environment hook '/home/ljhua/ROBOCON2026/lidar_test/rc2026/install/rc_keyboard_control/share/rc_keyboard_control/hook/pythonpath.sh'
[1.754s] Level 1:colcon.colcon_core.environment:checking '/home/ljhua/ROBOCON2026/lidar_test/rc2026/install/rc_keyboard_control/bin'
[1.754s] Level 1:colcon.colcon_core.environment:create_environment_scripts_only(rc_keyboard_control)
[1.754s] INFO:colcon.colcon_core.shell:Creating package script '/home/ljhua/ROBOCON2026/lidar_test/rc2026/install/rc_keyboard_control/share/rc_keyboard_control/package.ps1'
[1.754s] INFO:colcon.colcon_core.shell:Creating package descriptor '/home/ljhua/ROBOCON2026/lidar_test/rc2026/install/rc_keyboard_control/share/rc_keyboard_control/package.dsv'
[1.754s] INFO:colcon.colcon_core.shell:Creating package script '/home/ljhua/ROBOCON2026/lidar_test/rc2026/install/rc_keyboard_control/share/rc_keyboard_control/package.sh'
[1.755s] INFO:colcon.colcon_core.shell:Creating package script '/home/ljhua/ROBOCON2026/lidar_test/rc2026/install/rc_keyboard_control/share/rc_keyboard_control/package.bash'
[1.755s] INFO:colcon.colcon_core.shell:Creating package script '/home/ljhua/ROBOCON2026/lidar_test/rc2026/install/rc_keyboard_control/share/rc_keyboard_control/package.zsh'
[1.755s] Level 1:colcon.colcon_core.environment:create_file_with_runtime_dependencies(/home/ljhua/ROBOCON2026/lidar_test/rc2026/install/rc_keyboard_control/share/colcon-core/packages/rc_keyboard_control)
[1.755s] Level 1:colcon.colcon_core.shell:create_environment_hook('rc_serial_driver', 'pythonpath_develop')
[1.755s] INFO:colcon.colcon_core.shell:Creating environment hook '/home/ljhua/ROBOCON2026/lidar_test/rc2026/build/rc_serial_driver/share/rc_serial_driver/hook/pythonpath_develop.ps1'
[1.756s] DEBUG:colcon.colcon_core.event_handler.log_command:Invoked command in '/home/ljhua/ROBOCON2026/lidar_test/rc2026/build/rc_serial_driver' returned '0': PYTHONPATH=/home/ljhua/ROBOCON2026/lidar_test/rc2026/build/rc_serial_driver/prefix_override:/usr/lib/python3/dist-packages/colcon_core/task/python/colcon_distutils_commands:/home/ljhua/ROBOCON2026/lidar_test/rc2026/install/rc_serial_driver/lib/python3.10/site-packages:${PYTHONPATH} /usr/bin/python3 -W ignore:setup.py install is deprecated -W ignore:easy_install command is deprecated setup.py develop --editable --build-directory /home/ljhua/ROBOCON2026/lidar_test/rc2026/build/rc_serial_driver/build --no-deps symlink_data
[1.756s] INFO:colcon.colcon_core.shell:Creating environment descriptor '/home/ljhua/ROBOCON2026/lidar_test/rc2026/build/rc_serial_driver/share/rc_serial_driver/hook/pythonpath_develop.dsv'
[1.756s] INFO:colcon.colcon_core.shell:Creating environment hook '/home/ljhua/ROBOCON2026/lidar_test/rc2026/build/rc_serial_driver/share/rc_serial_driver/hook/pythonpath_develop.sh'
[1.757s] Level 1:colcon.colcon_core.environment:checking '/home/ljhua/ROBOCON2026/lidar_test/rc2026/install/rc_serial_driver' for CMake module files
[1.757s] Level 1:colcon.colcon_core.environment:checking '/home/ljhua/ROBOCON2026/lidar_test/rc2026/install/rc_serial_driver' for CMake config files
[1.757s] Level 1:colcon.colcon_core.environment:checking '/home/ljhua/ROBOCON2026/lidar_test/rc2026/install/rc_serial_driver/lib'
[1.757s] Level 1:colcon.colcon_core.environment:checking '/home/ljhua/ROBOCON2026/lidar_test/rc2026/install/rc_serial_driver/bin'
[1.757s] Level 1:colcon.colcon_core.environment:checking '/home/ljhua/ROBOCON2026/lidar_test/rc2026/install/rc_serial_driver/lib/pkgconfig/rc_serial_driver.pc'
[1.757s] Level 1:colcon.colcon_core.environment:checking '/home/ljhua/ROBOCON2026/lidar_test/rc2026/install/rc_serial_driver/lib/python3.10/site-packages'
[1.757s] Level 1:colcon.colcon_core.shell:create_environment_hook('rc_serial_driver', 'pythonpath')
[1.757s] INFO:colcon.colcon_core.shell:Creating environment hook '/home/ljhua/ROBOCON2026/lidar_test/rc2026/install/rc_serial_driver/share/rc_serial_driver/hook/pythonpath.ps1'
[1.758s] INFO:colcon.colcon_core.shell:Creating environment descriptor '/home/ljhua/ROBOCON2026/lidar_test/rc2026/install/rc_serial_driver/share/rc_serial_driver/hook/pythonpath.dsv'
[1.758s] INFO:colcon.colcon_core.shell:Creating environment hook '/home/ljhua/ROBOCON2026/lidar_test/rc2026/install/rc_serial_driver/share/rc_serial_driver/hook/pythonpath.sh'
[1.758s] Level 1:colcon.colcon_core.environment:checking '/home/ljhua/ROBOCON2026/lidar_test/rc2026/install/rc_serial_driver/bin'
[1.758s] Level 1:colcon.colcon_core.environment:create_environment_scripts_only(rc_serial_driver)
[1.758s] INFO:colcon.colcon_core.shell:Creating package script '/home/ljhua/ROBOCON2026/lidar_test/rc2026/install/rc_serial_driver/share/rc_serial_driver/package.ps1'
[1.759s] INFO:colcon.colcon_core.shell:Creating package descriptor '/home/ljhua/ROBOCON2026/lidar_test/rc2026/install/rc_serial_driver/share/rc_serial_driver/package.dsv'
[1.759s] INFO:colcon.colcon_core.shell:Creating package script '/home/ljhua/ROBOCON2026/lidar_test/rc2026/install/rc_serial_driver/share/rc_serial_driver/package.sh'
[1.759s] INFO:colcon.colcon_core.shell:Creating package script '/home/ljhua/ROBOCON2026/lidar_test/rc2026/install/rc_serial_driver/share/rc_serial_driver/package.bash'
[1.759s] INFO:colcon.colcon_core.shell:Creating package script '/home/ljhua/ROBOCON2026/lidar_test/rc2026/install/rc_serial_driver/share/rc_serial_driver/package.zsh'
[1.760s] Level 1:colcon.colcon_core.environment:create_file_with_runtime_dependencies(/home/ljhua/ROBOCON2026/lidar_test/rc2026/install/rc_serial_driver/share/colcon-core/packages/rc_serial_driver)
[1.760s] DEBUG:colcon.colcon_parallel_executor.executor.parallel:closing loop
[1.760s] DEBUG:colcon.colcon_parallel_executor.executor.parallel:loop closed
[1.760s] DEBUG:colcon.colcon_parallel_executor.executor.parallel:run_until_complete finished with '0'
[1.760s] DEBUG:colcon.colcon_core.event_reactor:joining thread
[1.763s] INFO:colcon.colcon_core.plugin_system:Skipping extension 'colcon_notification.desktop_notification.terminal_notifier': Not used on non-Darwin systems
[1.763s] INFO:colcon.colcon_core.plugin_system:Skipping extension 'colcon_notification.desktop_notification.win32': Not used on non-Windows systems
[1.764s] INFO:colcon.colcon_notification.desktop_notification:Sending desktop notification using 'notify2'
[1.772s] DEBUG:colcon.colcon_core.event_reactor:joined thread
[1.772s] INFO:colcon.colcon_core.shell:Creating prefix script '/home/ljhua/ROBOCON2026/lidar_test/rc2026/install/local_setup.ps1'
[1.773s] INFO:colcon.colcon_core.shell:Creating prefix util module '/home/ljhua/ROBOCON2026/lidar_test/rc2026/install/_local_setup_util_ps1.py'
[1.774s] INFO:colcon.colcon_core.shell:Creating prefix chain script '/home/ljhua/ROBOCON2026/lidar_test/rc2026/install/setup.ps1'
[1.774s] INFO:colcon.colcon_core.shell:Creating prefix script '/home/ljhua/ROBOCON2026/lidar_test/rc2026/install/local_setup.sh'
[1.774s] INFO:colcon.colcon_core.shell:Creating prefix util module '/home/ljhua/ROBOCON2026/lidar_test/rc2026/install/_local_setup_util_sh.py'
[1.775s] INFO:colcon.colcon_core.shell:Creating prefix chain script '/home/ljhua/ROBOCON2026/lidar_test/rc2026/install/setup.sh'
[1.775s] INFO:colcon.colcon_core.shell:Creating prefix script '/home/ljhua/ROBOCON2026/lidar_test/rc2026/install/local_setup.bash'
[1.775s] INFO:colcon.colcon_core.shell:Creating prefix chain script '/home/ljhua/ROBOCON2026/lidar_test/rc2026/install/setup.bash'
[1.776s] INFO:colcon.colcon_core.shell:Creating prefix script '/home/ljhua/ROBOCON2026/lidar_test/rc2026/install/local_setup.zsh'
[1.776s] INFO:colcon.colcon_core.shell:Creating prefix chain script '/home/ljhua/ROBOCON2026/lidar_test/rc2026/install/setup.zsh'
