[0.171s] DEBUG:colcon:Command line arguments: ['/usr/bin/colcon', 'build', '--symlink-install']
[0.171s] DEBUG:colcon:Parsed command line arguments: Namespace(log_base=None, log_level=None, verb_name='build', build_base='build', install_base='install', merge_install=False, symlink_install=True, test_result_base=None, continue_on_error=False, executor='parallel', parallel_workers=20, event_handlers=None, ignore_user_meta=False, metas=['./colcon.meta'], base_paths=['.'], packages_ignore=None, packages_ignore_regex=None, paths=None, packages_up_to=None, packages_up_to_regex=None, packages_above=None, packages_above_and_dependencies=None, packages_above_depth=None, packages_select_by_dep=None, packages_skip_by_dep=None, packages_skip_up_to=None, packages_select_build_failed=False, packages_skip_build_finished=False, packages_select_test_failures=False, packages_skip_test_passed=False, packages_select=None, packages_skip=None, packages_select_regex=None, packages_skip_regex=None, packages_start=None, packages_end=None, allow_overriding=[], cmake_args=None, cmake_target=None, cmake_target_skip_unavailable=False, cmake_clean_cache=False, cmake_clean_first=False, cmake_force_configure=False, ament_cmake_args=None, catkin_cmake_args=None, catkin_skip_building_tests=False, verb_parser=<colcon_defaults.argument_parser.defaults.DefaultArgumentsDecorator object at 0x7fdb2116e320>, verb_extension=<colcon_core.verb.build.BuildVerb object at 0x7fdb212f3100>, main=<bound method BuildVerb.main of <colcon_core.verb.build.BuildVerb object at 0x7fdb212f3100>>)
[0.404s] Level 1:colcon.colcon_core.package_discovery:discover_packages(colcon_meta) check parameters
[0.404s] Level 1:colcon.colcon_core.package_discovery:discover_packages(recursive) check parameters
[0.404s] Level 1:colcon.colcon_core.package_discovery:discover_packages(ignore) check parameters
[0.404s] Level 1:colcon.colcon_core.package_discovery:discover_packages(path) check parameters
[0.404s] Level 1:colcon.colcon_core.package_discovery:discover_packages(colcon_meta) discover
[0.404s] Level 1:colcon.colcon_core.package_discovery:discover_packages(recursive) discover
[0.404s] INFO:colcon.colcon_core.package_discovery:Crawling recursively for packages in '/home/ljhua/ROBOCON2026/lidar_test/rc2026'
[0.404s] Level 1:colcon.colcon_core.package_identification:_identify(.) by extensions ['ignore', 'ignore_ament_install']
[0.404s] Level 1:colcon.colcon_core.package_identification:_identify(.) by extension 'ignore'
[0.404s] Level 1:colcon.colcon_core.package_identification:_identify(.) by extension 'ignore_ament_install'
[0.404s] Level 1:colcon.colcon_core.package_identification:_identify(.) by extensions ['colcon_pkg']
[0.404s] Level 1:colcon.colcon_core.package_identification:_identify(.) by extension 'colcon_pkg'
[0.404s] Level 1:colcon.colcon_core.package_identification:_identify(.) by extensions ['colcon_meta']
[0.404s] Level 1:colcon.colcon_core.package_identification:_identify(.) by extension 'colcon_meta'
[0.404s] Level 1:colcon.colcon_core.package_identification:_identify(.) by extensions ['ros']
[0.404s] Level 1:colcon.colcon_core.package_identification:_identify(.) by extension 'ros'
[0.414s] Level 1:colcon.colcon_core.package_identification:_identify(.) by extensions ['cmake', 'python']
[0.414s] Level 1:colcon.colcon_core.package_identification:_identify(.) by extension 'cmake'
[0.414s] Level 1:colcon.colcon_core.package_identification:_identify(.) by extension 'python'
[0.414s] Level 1:colcon.colcon_core.package_identification:_identify(.) by extensions ['python_setup_py']
[0.414s] Level 1:colcon.colcon_core.package_identification:_identify(.) by extension 'python_setup_py'
[0.414s] Level 1:colcon.colcon_core.package_identification:_identify(129) by extensions ['ignore', 'ignore_ament_install']
[0.414s] Level 1:colcon.colcon_core.package_identification:_identify(129) by extension 'ignore'
[0.414s] Level 1:colcon.colcon_core.package_identification:_identify(129) by extension 'ignore_ament_install'
[0.414s] Level 1:colcon.colcon_core.package_identification:_identify(129) by extensions ['colcon_pkg']
[0.414s] Level 1:colcon.colcon_core.package_identification:_identify(129) by extension 'colcon_pkg'
[0.414s] Level 1:colcon.colcon_core.package_identification:_identify(129) by extensions ['colcon_meta']
[0.414s] Level 1:colcon.colcon_core.package_identification:_identify(129) by extension 'colcon_meta'
[0.414s] Level 1:colcon.colcon_core.package_identification:_identify(129) by extensions ['ros']
[0.414s] Level 1:colcon.colcon_core.package_identification:_identify(129) by extension 'ros'
[0.414s] Level 1:colcon.colcon_core.package_identification:_identify(129) by extensions ['cmake', 'python']
[0.414s] Level 1:colcon.colcon_core.package_identification:_identify(129) by extension 'cmake'
[0.414s] Level 1:colcon.colcon_core.package_identification:_identify(129) by extension 'python'
[0.414s] Level 1:colcon.colcon_core.package_identification:_identify(129) by extensions ['python_setup_py']
[0.414s] Level 1:colcon.colcon_core.package_identification:_identify(129) by extension 'python_setup_py'
[0.414s] Level 1:colcon.colcon_core.package_identification:_identify(Serial_test) by extensions ['ignore', 'ignore_ament_install']
[0.414s] Level 1:colcon.colcon_core.package_identification:_identify(Serial_test) by extension 'ignore'
[0.414s] Level 1:colcon.colcon_core.package_identification:_identify(Serial_test) by extension 'ignore_ament_install'
[0.414s] Level 1:colcon.colcon_core.package_identification:_identify(Serial_test) by extensions ['colcon_pkg']
[0.414s] Level 1:colcon.colcon_core.package_identification:_identify(Serial_test) by extension 'colcon_pkg'
[0.414s] Level 1:colcon.colcon_core.package_identification:_identify(Serial_test) by extensions ['colcon_meta']
[0.414s] Level 1:colcon.colcon_core.package_identification:_identify(Serial_test) by extension 'colcon_meta'
[0.414s] Level 1:colcon.colcon_core.package_identification:_identify(Serial_test) by extensions ['ros']
[0.414s] Level 1:colcon.colcon_core.package_identification:_identify(Serial_test) by extension 'ros'
[0.414s] Level 1:colcon.colcon_core.package_identification:_identify(Serial_test) by extensions ['cmake', 'python']
[0.414s] Level 1:colcon.colcon_core.package_identification:_identify(Serial_test) by extension 'cmake'
[0.414s] Level 1:colcon.colcon_core.package_identification:_identify(Serial_test) by extension 'python'
[0.414s] Level 1:colcon.colcon_core.package_identification:_identify(Serial_test) by extensions ['python_setup_py']
[0.414s] Level 1:colcon.colcon_core.package_identification:_identify(Serial_test) by extension 'python_setup_py'
[0.415s] Level 1:colcon.colcon_core.package_identification:_identify(Serial_test/Serial_ws) by extensions ['ignore', 'ignore_ament_install']
[0.415s] Level 1:colcon.colcon_core.package_identification:_identify(Serial_test/Serial_ws) by extension 'ignore'
[0.415s] Level 1:colcon.colcon_core.package_identification:_identify(Serial_test/Serial_ws) by extension 'ignore_ament_install'
[0.415s] Level 1:colcon.colcon_core.package_identification:_identify(Serial_test/Serial_ws) by extensions ['colcon_pkg']
[0.415s] Level 1:colcon.colcon_core.package_identification:_identify(Serial_test/Serial_ws) by extension 'colcon_pkg'
[0.415s] Level 1:colcon.colcon_core.package_identification:_identify(Serial_test/Serial_ws) by extensions ['colcon_meta']
[0.415s] Level 1:colcon.colcon_core.package_identification:_identify(Serial_test/Serial_ws) by extension 'colcon_meta'
[0.415s] Level 1:colcon.colcon_core.package_identification:_identify(Serial_test/Serial_ws) by extensions ['ros']
[0.415s] Level 1:colcon.colcon_core.package_identification:_identify(Serial_test/Serial_ws) by extension 'ros'
[0.415s] Level 1:colcon.colcon_core.package_identification:_identify(Serial_test/Serial_ws) by extensions ['cmake', 'python']
[0.415s] Level 1:colcon.colcon_core.package_identification:_identify(Serial_test/Serial_ws) by extension 'cmake'
[0.415s] Level 1:colcon.colcon_core.package_identification:_identify(Serial_test/Serial_ws) by extension 'python'
[0.415s] Level 1:colcon.colcon_core.package_identification:_identify(Serial_test/Serial_ws) by extensions ['python_setup_py']
[0.415s] Level 1:colcon.colcon_core.package_identification:_identify(Serial_test/Serial_ws) by extension 'python_setup_py'
[0.415s] Level 1:colcon.colcon_core.package_identification:_identify(Serial_test/Serial_ws/build) by extensions ['ignore', 'ignore_ament_install']
[0.415s] Level 1:colcon.colcon_core.package_identification:_identify(Serial_test/Serial_ws/build) by extension 'ignore'
[0.415s] Level 1:colcon.colcon_core.package_identification:_identify(Serial_test/Serial_ws/build) ignored
[0.415s] Level 1:colcon.colcon_core.package_identification:_identify(Serial_test/Serial_ws/install) by extensions ['ignore', 'ignore_ament_install']
[0.415s] Level 1:colcon.colcon_core.package_identification:_identify(Serial_test/Serial_ws/install) by extension 'ignore'
[0.415s] Level 1:colcon.colcon_core.package_identification:_identify(Serial_test/Serial_ws/install) ignored
[0.416s] Level 1:colcon.colcon_core.package_identification:_identify(Serial_test/Serial_ws/log) by extensions ['ignore', 'ignore_ament_install']
[0.416s] Level 1:colcon.colcon_core.package_identification:_identify(Serial_test/Serial_ws/log) by extension 'ignore'
[0.416s] Level 1:colcon.colcon_core.package_identification:_identify(Serial_test/Serial_ws/log) ignored
[0.416s] Level 1:colcon.colcon_core.package_identification:_identify(Serial_test/Serial_ws/src) by extensions ['ignore', 'ignore_ament_install']
[0.416s] Level 1:colcon.colcon_core.package_identification:_identify(Serial_test/Serial_ws/src) by extension 'ignore'
[0.416s] Level 1:colcon.colcon_core.package_identification:_identify(Serial_test/Serial_ws/src) by extension 'ignore_ament_install'
[0.416s] Level 1:colcon.colcon_core.package_identification:_identify(Serial_test/Serial_ws/src) by extensions ['colcon_pkg']
[0.416s] Level 1:colcon.colcon_core.package_identification:_identify(Serial_test/Serial_ws/src) by extension 'colcon_pkg'
[0.416s] Level 1:colcon.colcon_core.package_identification:_identify(Serial_test/Serial_ws/src) by extensions ['colcon_meta']
[0.416s] Level 1:colcon.colcon_core.package_identification:_identify(Serial_test/Serial_ws/src) by extension 'colcon_meta'
[0.416s] Level 1:colcon.colcon_core.package_identification:_identify(Serial_test/Serial_ws/src) by extensions ['ros']
[0.416s] Level 1:colcon.colcon_core.package_identification:_identify(Serial_test/Serial_ws/src) by extension 'ros'
[0.416s] Level 1:colcon.colcon_core.package_identification:_identify(Serial_test/Serial_ws/src) by extensions ['cmake', 'python']
[0.416s] Level 1:colcon.colcon_core.package_identification:_identify(Serial_test/Serial_ws/src) by extension 'cmake'
[0.416s] Level 1:colcon.colcon_core.package_identification:_identify(Serial_test/Serial_ws/src) by extension 'python'
[0.416s] Level 1:colcon.colcon_core.package_identification:_identify(Serial_test/Serial_ws/src) by extensions ['python_setup_py']
[0.416s] Level 1:colcon.colcon_core.package_identification:_identify(Serial_test/Serial_ws/src) by extension 'python_setup_py'
[0.416s] Level 1:colcon.colcon_core.package_identification:_identify(Serial_test/Serial_ws/src/my_package_py) by extensions ['ignore', 'ignore_ament_install']
[0.416s] Level 1:colcon.colcon_core.package_identification:_identify(Serial_test/Serial_ws/src/my_package_py) by extension 'ignore'
[0.416s] Level 1:colcon.colcon_core.package_identification:_identify(Serial_test/Serial_ws/src/my_package_py) ignored
[0.416s] Level 1:colcon.colcon_core.package_identification:_identify(assets) by extensions ['ignore', 'ignore_ament_install']
[0.416s] Level 1:colcon.colcon_core.package_identification:_identify(assets) by extension 'ignore'
[0.416s] Level 1:colcon.colcon_core.package_identification:_identify(assets) by extension 'ignore_ament_install'
[0.416s] Level 1:colcon.colcon_core.package_identification:_identify(assets) by extensions ['colcon_pkg']
[0.416s] Level 1:colcon.colcon_core.package_identification:_identify(assets) by extension 'colcon_pkg'
[0.416s] Level 1:colcon.colcon_core.package_identification:_identify(assets) by extensions ['colcon_meta']
[0.416s] Level 1:colcon.colcon_core.package_identification:_identify(assets) by extension 'colcon_meta'
[0.416s] Level 1:colcon.colcon_core.package_identification:_identify(assets) by extensions ['ros']
[0.417s] Level 1:colcon.colcon_core.package_identification:_identify(assets) by extension 'ros'
[0.417s] Level 1:colcon.colcon_core.package_identification:_identify(assets) by extensions ['cmake', 'python']
[0.417s] Level 1:colcon.colcon_core.package_identification:_identify(assets) by extension 'cmake'
[0.417s] Level 1:colcon.colcon_core.package_identification:_identify(assets) by extension 'python'
[0.417s] Level 1:colcon.colcon_core.package_identification:_identify(assets) by extensions ['python_setup_py']
[0.417s] Level 1:colcon.colcon_core.package_identification:_identify(assets) by extension 'python_setup_py'
[0.417s] Level 1:colcon.colcon_core.package_identification:_identify(build) by extensions ['ignore', 'ignore_ament_install']
[0.417s] Level 1:colcon.colcon_core.package_identification:_identify(build) by extension 'ignore'
[0.417s] Level 1:colcon.colcon_core.package_identification:_identify(build) ignored
[0.417s] Level 1:colcon.colcon_core.package_identification:_identify(install) by extensions ['ignore', 'ignore_ament_install']
[0.417s] Level 1:colcon.colcon_core.package_identification:_identify(install) by extension 'ignore'
[0.417s] Level 1:colcon.colcon_core.package_identification:_identify(install) ignored
[0.417s] Level 1:colcon.colcon_core.package_identification:_identify(log) by extensions ['ignore', 'ignore_ament_install']
[0.417s] Level 1:colcon.colcon_core.package_identification:_identify(log) by extension 'ignore'
[0.417s] Level 1:colcon.colcon_core.package_identification:_identify(log) ignored
[0.417s] Level 1:colcon.colcon_core.package_identification:_identify(map) by extensions ['ignore', 'ignore_ament_install']
[0.417s] Level 1:colcon.colcon_core.package_identification:_identify(map) by extension 'ignore'
[0.417s] Level 1:colcon.colcon_core.package_identification:_identify(map) by extension 'ignore_ament_install'
[0.417s] Level 1:colcon.colcon_core.package_identification:_identify(map) by extensions ['colcon_pkg']
[0.417s] Level 1:colcon.colcon_core.package_identification:_identify(map) by extension 'colcon_pkg'
[0.417s] Level 1:colcon.colcon_core.package_identification:_identify(map) by extensions ['colcon_meta']
[0.417s] Level 1:colcon.colcon_core.package_identification:_identify(map) by extension 'colcon_meta'
[0.417s] Level 1:colcon.colcon_core.package_identification:_identify(map) by extensions ['ros']
[0.417s] Level 1:colcon.colcon_core.package_identification:_identify(map) by extension 'ros'
[0.417s] Level 1:colcon.colcon_core.package_identification:_identify(map) by extensions ['cmake', 'python']
[0.417s] Level 1:colcon.colcon_core.package_identification:_identify(map) by extension 'cmake'
[0.417s] Level 1:colcon.colcon_core.package_identification:_identify(map) by extension 'python'
[0.417s] Level 1:colcon.colcon_core.package_identification:_identify(map) by extensions ['python_setup_py']
[0.417s] Level 1:colcon.colcon_core.package_identification:_identify(map) by extension 'python_setup_py'
[0.417s] Level 1:colcon.colcon_core.package_identification:_identify(src) by extensions ['ignore', 'ignore_ament_install']
[0.417s] Level 1:colcon.colcon_core.package_identification:_identify(src) by extension 'ignore'
[0.417s] Level 1:colcon.colcon_core.package_identification:_identify(src) by extension 'ignore_ament_install'
[0.417s] Level 1:colcon.colcon_core.package_identification:_identify(src) by extensions ['colcon_pkg']
[0.417s] Level 1:colcon.colcon_core.package_identification:_identify(src) by extension 'colcon_pkg'
[0.417s] Level 1:colcon.colcon_core.package_identification:_identify(src) by extensions ['colcon_meta']
[0.417s] Level 1:colcon.colcon_core.package_identification:_identify(src) by extension 'colcon_meta'
[0.417s] Level 1:colcon.colcon_core.package_identification:_identify(src) by extensions ['ros']
[0.417s] Level 1:colcon.colcon_core.package_identification:_identify(src) by extension 'ros'
[0.418s] Level 1:colcon.colcon_core.package_identification:_identify(src) by extensions ['cmake', 'python']
[0.418s] Level 1:colcon.colcon_core.package_identification:_identify(src) by extension 'cmake'
[0.418s] Level 1:colcon.colcon_core.package_identification:_identify(src) by extension 'python'
[0.418s] Level 1:colcon.colcon_core.package_identification:_identify(src) by extensions ['python_setup_py']
[0.418s] Level 1:colcon.colcon_core.package_identification:_identify(src) by extension 'python_setup_py'
[0.418s] Level 1:colcon.colcon_core.package_identification:_identify(src/rc_keyboard_control) by extensions ['ignore', 'ignore_ament_install']
[0.418s] Level 1:colcon.colcon_core.package_identification:_identify(src/rc_keyboard_control) by extension 'ignore'
[0.418s] Level 1:colcon.colcon_core.package_identification:_identify(src/rc_keyboard_control) by extension 'ignore_ament_install'
[0.418s] Level 1:colcon.colcon_core.package_identification:_identify(src/rc_keyboard_control) by extensions ['colcon_pkg']
[0.418s] Level 1:colcon.colcon_core.package_identification:_identify(src/rc_keyboard_control) by extension 'colcon_pkg'
[0.418s] Level 1:colcon.colcon_core.package_identification:_identify(src/rc_keyboard_control) by extensions ['colcon_meta']
[0.418s] Level 1:colcon.colcon_core.package_identification:_identify(src/rc_keyboard_control) by extension 'colcon_meta'
[0.418s] Level 1:colcon.colcon_core.package_identification:_identify(src/rc_keyboard_control) by extensions ['ros']
[0.418s] Level 1:colcon.colcon_core.package_identification:_identify(src/rc_keyboard_control) by extension 'ros'
[0.420s] DEBUG:colcon.colcon_core.package_identification:Package 'src/rc_keyboard_control' with type 'ros.ament_python' and name 'rc_keyboard_control'
[0.420s] Level 1:colcon.colcon_core.package_identification:_identify(src/rc_serial_driver) by extensions ['ignore', 'ignore_ament_install']
[0.420s] Level 1:colcon.colcon_core.package_identification:_identify(src/rc_serial_driver) by extension 'ignore'
[0.420s] Level 1:colcon.colcon_core.package_identification:_identify(src/rc_serial_driver) by extension 'ignore_ament_install'
[0.420s] Level 1:colcon.colcon_core.package_identification:_identify(src/rc_serial_driver) by extensions ['colcon_pkg']
[0.420s] Level 1:colcon.colcon_core.package_identification:_identify(src/rc_serial_driver) by extension 'colcon_pkg'
[0.420s] Level 1:colcon.colcon_core.package_identification:_identify(src/rc_serial_driver) by extensions ['colcon_meta']
[0.420s] Level 1:colcon.colcon_core.package_identification:_identify(src/rc_serial_driver) by extension 'colcon_meta'
[0.420s] Level 1:colcon.colcon_core.package_identification:_identify(src/rc_serial_driver) by extensions ['ros']
[0.420s] Level 1:colcon.colcon_core.package_identification:_identify(src/rc_serial_driver) by extension 'ros'
[0.421s] DEBUG:colcon.colcon_core.package_identification:Package 'src/rc_serial_driver' with type 'ros.ament_python' and name 'rc_serial_driver'
[0.421s] Level 1:colcon.colcon_core.package_identification:_identify(src/rm_localization) by extensions ['ignore', 'ignore_ament_install']
[0.421s] Level 1:colcon.colcon_core.package_identification:_identify(src/rm_localization) by extension 'ignore'
[0.421s] Level 1:colcon.colcon_core.package_identification:_identify(src/rm_localization) by extension 'ignore_ament_install'
[0.421s] Level 1:colcon.colcon_core.package_identification:_identify(src/rm_localization) by extensions ['colcon_pkg']
[0.421s] Level 1:colcon.colcon_core.package_identification:_identify(src/rm_localization) by extension 'colcon_pkg'
[0.421s] Level 1:colcon.colcon_core.package_identification:_identify(src/rm_localization) by extensions ['colcon_meta']
[0.421s] Level 1:colcon.colcon_core.package_identification:_identify(src/rm_localization) by extension 'colcon_meta'
[0.421s] Level 1:colcon.colcon_core.package_identification:_identify(src/rm_localization) by extensions ['ros']
[0.421s] Level 1:colcon.colcon_core.package_identification:_identify(src/rm_localization) by extension 'ros'
[0.421s] Level 1:colcon.colcon_core.package_identification:_identify(src/rm_localization) by extensions ['cmake', 'python']
[0.421s] Level 1:colcon.colcon_core.package_identification:_identify(src/rm_localization) by extension 'cmake'
[0.421s] Level 1:colcon.colcon_core.package_identification:_identify(src/rm_localization) by extension 'python'
[0.421s] Level 1:colcon.colcon_core.package_identification:_identify(src/rm_localization) by extensions ['python_setup_py']
[0.421s] Level 1:colcon.colcon_core.package_identification:_identify(src/rm_localization) by extension 'python_setup_py'
[0.421s] Level 1:colcon.colcon_core.package_identification:_identify(src/rm_localization/fast_lio) by extensions ['ignore', 'ignore_ament_install']
[0.421s] Level 1:colcon.colcon_core.package_identification:_identify(src/rm_localization/fast_lio) by extension 'ignore'
[0.421s] Level 1:colcon.colcon_core.package_identification:_identify(src/rm_localization/fast_lio) by extension 'ignore_ament_install'
[0.421s] Level 1:colcon.colcon_core.package_identification:_identify(src/rm_localization/fast_lio) by extensions ['colcon_pkg']
[0.422s] Level 1:colcon.colcon_core.package_identification:_identify(src/rm_localization/fast_lio) by extension 'colcon_pkg'
[0.422s] Level 1:colcon.colcon_core.package_identification:_identify(src/rm_localization/fast_lio) by extensions ['colcon_meta']
[0.422s] Level 1:colcon.colcon_core.package_identification:_identify(src/rm_localization/fast_lio) by extension 'colcon_meta'
[0.422s] Level 1:colcon.colcon_core.package_identification:_identify(src/rm_localization/fast_lio) by extensions ['ros']
[0.422s] Level 1:colcon.colcon_core.package_identification:_identify(src/rm_localization/fast_lio) by extension 'ros'
[0.423s] DEBUG:colcon.colcon_core.package_identification:Package 'src/rm_localization/fast_lio' with type 'ros.ament_cmake' and name 'fast_lio'
[0.423s] Level 1:colcon.colcon_core.package_identification:_identify(src/rm_localization/icp_localization_ros2) by extensions ['ignore', 'ignore_ament_install']
[0.423s] Level 1:colcon.colcon_core.package_identification:_identify(src/rm_localization/icp_localization_ros2) by extension 'ignore'
[0.423s] Level 1:colcon.colcon_core.package_identification:_identify(src/rm_localization/icp_localization_ros2) by extension 'ignore_ament_install'
[0.423s] Level 1:colcon.colcon_core.package_identification:_identify(src/rm_localization/icp_localization_ros2) by extensions ['colcon_pkg']
[0.423s] Level 1:colcon.colcon_core.package_identification:_identify(src/rm_localization/icp_localization_ros2) by extension 'colcon_pkg'
[0.423s] Level 1:colcon.colcon_core.package_identification:_identify(src/rm_localization/icp_localization_ros2) by extensions ['colcon_meta']
[0.423s] Level 1:colcon.colcon_core.package_identification:_identify(src/rm_localization/icp_localization_ros2) by extension 'colcon_meta'
[0.423s] Level 1:colcon.colcon_core.package_identification:_identify(src/rm_localization/icp_localization_ros2) by extensions ['ros']
[0.423s] Level 1:colcon.colcon_core.package_identification:_identify(src/rm_localization/icp_localization_ros2) by extension 'ros'
[0.424s] DEBUG:colcon.colcon_core.package_identification:Package 'src/rm_localization/icp_localization_ros2' with type 'ros.ament_cmake' and name 'icp_localization_ros2'
[0.424s] Level 1:colcon.colcon_core.package_identification:_identify(src/rm_navigation) by extensions ['ignore', 'ignore_ament_install']
[0.424s] Level 1:colcon.colcon_core.package_identification:_identify(src/rm_navigation) by extension 'ignore'
[0.424s] Level 1:colcon.colcon_core.package_identification:_identify(src/rm_navigation) by extension 'ignore_ament_install'
[0.424s] Level 1:colcon.colcon_core.package_identification:_identify(src/rm_navigation) by extensions ['colcon_pkg']
[0.424s] Level 1:colcon.colcon_core.package_identification:_identify(src/rm_navigation) by extension 'colcon_pkg'
[0.424s] Level 1:colcon.colcon_core.package_identification:_identify(src/rm_navigation) by extensions ['colcon_meta']
[0.424s] Level 1:colcon.colcon_core.package_identification:_identify(src/rm_navigation) by extension 'colcon_meta'
[0.424s] Level 1:colcon.colcon_core.package_identification:_identify(src/rm_navigation) by extensions ['ros']
[0.424s] Level 1:colcon.colcon_core.package_identification:_identify(src/rm_navigation) by extension 'ros'
[0.425s] DEBUG:colcon.colcon_core.package_identification:Package 'src/rm_navigation' with type 'ros.ament_cmake' and name 'rm_navigation'
[0.425s] Level 1:colcon.colcon_core.package_identification:_identify(src/rm_perception) by extensions ['ignore', 'ignore_ament_install']
[0.425s] Level 1:colcon.colcon_core.package_identification:_identify(src/rm_perception) by extension 'ignore'
[0.425s] Level 1:colcon.colcon_core.package_identification:_identify(src/rm_perception) by extension 'ignore_ament_install'
[0.425s] Level 1:colcon.colcon_core.package_identification:_identify(src/rm_perception) by extensions ['colcon_pkg']
[0.425s] Level 1:colcon.colcon_core.package_identification:_identify(src/rm_perception) by extension 'colcon_pkg'
[0.425s] Level 1:colcon.colcon_core.package_identification:_identify(src/rm_perception) by extensions ['colcon_meta']
[0.425s] Level 1:colcon.colcon_core.package_identification:_identify(src/rm_perception) by extension 'colcon_meta'
[0.425s] Level 1:colcon.colcon_core.package_identification:_identify(src/rm_perception) by extensions ['ros']
[0.425s] Level 1:colcon.colcon_core.package_identification:_identify(src/rm_perception) by extension 'ros'
[0.425s] Level 1:colcon.colcon_core.package_identification:_identify(src/rm_perception) by extensions ['cmake', 'python']
[0.425s] Level 1:colcon.colcon_core.package_identification:_identify(src/rm_perception) by extension 'cmake'
[0.425s] Level 1:colcon.colcon_core.package_identification:_identify(src/rm_perception) by extension 'python'
[0.425s] Level 1:colcon.colcon_core.package_identification:_identify(src/rm_perception) by extensions ['python_setup_py']
[0.425s] Level 1:colcon.colcon_core.package_identification:_identify(src/rm_perception) by extension 'python_setup_py'
[0.425s] Level 1:colcon.colcon_core.package_identification:_identify(src/rm_perception/imu_complementary_filter) by extensions ['ignore', 'ignore_ament_install']
[0.425s] Level 1:colcon.colcon_core.package_identification:_identify(src/rm_perception/imu_complementary_filter) by extension 'ignore'
[0.425s] Level 1:colcon.colcon_core.package_identification:_identify(src/rm_perception/imu_complementary_filter) by extension 'ignore_ament_install'
[0.425s] Level 1:colcon.colcon_core.package_identification:_identify(src/rm_perception/imu_complementary_filter) by extensions ['colcon_pkg']
[0.425s] Level 1:colcon.colcon_core.package_identification:_identify(src/rm_perception/imu_complementary_filter) by extension 'colcon_pkg'
[0.425s] Level 1:colcon.colcon_core.package_identification:_identify(src/rm_perception/imu_complementary_filter) by extensions ['colcon_meta']
[0.425s] Level 1:colcon.colcon_core.package_identification:_identify(src/rm_perception/imu_complementary_filter) by extension 'colcon_meta'
[0.425s] Level 1:colcon.colcon_core.package_identification:_identify(src/rm_perception/imu_complementary_filter) by extensions ['ros']
[0.425s] Level 1:colcon.colcon_core.package_identification:_identify(src/rm_perception/imu_complementary_filter) by extension 'ros'
[0.426s] DEBUG:colcon.colcon_core.package_identification:Package 'src/rm_perception/imu_complementary_filter' with type 'ros.ament_cmake' and name 'imu_complementary_filter'
[0.426s] Level 1:colcon.colcon_core.package_identification:_identify(src/rm_perception/linefit_ground_segementation_ros2) by extensions ['ignore', 'ignore_ament_install']
[0.426s] Level 1:colcon.colcon_core.package_identification:_identify(src/rm_perception/linefit_ground_segementation_ros2) by extension 'ignore'
[0.426s] Level 1:colcon.colcon_core.package_identification:_identify(src/rm_perception/linefit_ground_segementation_ros2) by extension 'ignore_ament_install'
[0.426s] Level 1:colcon.colcon_core.package_identification:_identify(src/rm_perception/linefit_ground_segementation_ros2) by extensions ['colcon_pkg']
[0.426s] Level 1:colcon.colcon_core.package_identification:_identify(src/rm_perception/linefit_ground_segementation_ros2) by extension 'colcon_pkg'
[0.426s] Level 1:colcon.colcon_core.package_identification:_identify(src/rm_perception/linefit_ground_segementation_ros2) by extensions ['colcon_meta']
[0.426s] Level 1:colcon.colcon_core.package_identification:_identify(src/rm_perception/linefit_ground_segementation_ros2) by extension 'colcon_meta'
[0.426s] Level 1:colcon.colcon_core.package_identification:_identify(src/rm_perception/linefit_ground_segementation_ros2) by extensions ['ros']
[0.426s] Level 1:colcon.colcon_core.package_identification:_identify(src/rm_perception/linefit_ground_segementation_ros2) by extension 'ros'
[0.426s] Level 1:colcon.colcon_core.package_identification:_identify(src/rm_perception/linefit_ground_segementation_ros2) by extensions ['cmake', 'python']
[0.426s] Level 1:colcon.colcon_core.package_identification:_identify(src/rm_perception/linefit_ground_segementation_ros2) by extension 'cmake'
[0.426s] Level 1:colcon.colcon_core.package_identification:_identify(src/rm_perception/linefit_ground_segementation_ros2) by extension 'python'
[0.426s] Level 1:colcon.colcon_core.package_identification:_identify(src/rm_perception/linefit_ground_segementation_ros2) by extensions ['python_setup_py']
[0.426s] Level 1:colcon.colcon_core.package_identification:_identify(src/rm_perception/linefit_ground_segementation_ros2) by extension 'python_setup_py'
[0.427s] Level 1:colcon.colcon_core.package_identification:_identify(src/rm_perception/linefit_ground_segementation_ros2/doc) by extensions ['ignore', 'ignore_ament_install']
[0.427s] Level 1:colcon.colcon_core.package_identification:_identify(src/rm_perception/linefit_ground_segementation_ros2/doc) by extension 'ignore'
[0.427s] Level 1:colcon.colcon_core.package_identification:_identify(src/rm_perception/linefit_ground_segementation_ros2/doc) by extension 'ignore_ament_install'
[0.427s] Level 1:colcon.colcon_core.package_identification:_identify(src/rm_perception/linefit_ground_segementation_ros2/doc) by extensions ['colcon_pkg']
[0.427s] Level 1:colcon.colcon_core.package_identification:_identify(src/rm_perception/linefit_ground_segementation_ros2/doc) by extension 'colcon_pkg'
[0.427s] Level 1:colcon.colcon_core.package_identification:_identify(src/rm_perception/linefit_ground_segementation_ros2/doc) by extensions ['colcon_meta']
[0.427s] Level 1:colcon.colcon_core.package_identification:_identify(src/rm_perception/linefit_ground_segementation_ros2/doc) by extension 'colcon_meta'
[0.427s] Level 1:colcon.colcon_core.package_identification:_identify(src/rm_perception/linefit_ground_segementation_ros2/doc) by extensions ['ros']
[0.427s] Level 1:colcon.colcon_core.package_identification:_identify(src/rm_perception/linefit_ground_segementation_ros2/doc) by extension 'ros'
[0.427s] Level 1:colcon.colcon_core.package_identification:_identify(src/rm_perception/linefit_ground_segementation_ros2/doc) by extensions ['cmake', 'python']
[0.427s] Level 1:colcon.colcon_core.package_identification:_identify(src/rm_perception/linefit_ground_segementation_ros2/doc) by extension 'cmake'
[0.427s] Level 1:colcon.colcon_core.package_identification:_identify(src/rm_perception/linefit_ground_segementation_ros2/doc) by extension 'python'
[0.427s] Level 1:colcon.colcon_core.package_identification:_identify(src/rm_perception/linefit_ground_segementation_ros2/doc) by extensions ['python_setup_py']
[0.427s] Level 1:colcon.colcon_core.package_identification:_identify(src/rm_perception/linefit_ground_segementation_ros2/doc) by extension 'python_setup_py'
[0.427s] Level 1:colcon.colcon_core.package_identification:_identify(src/rm_perception/linefit_ground_segementation_ros2/linefit_ground_segmentation) by extensions ['ignore', 'ignore_ament_install']
[0.427s] Level 1:colcon.colcon_core.package_identification:_identify(src/rm_perception/linefit_ground_segementation_ros2/linefit_ground_segmentation) by extension 'ignore'
[0.427s] Level 1:colcon.colcon_core.package_identification:_identify(src/rm_perception/linefit_ground_segementation_ros2/linefit_ground_segmentation) by extension 'ignore_ament_install'
[0.427s] Level 1:colcon.colcon_core.package_identification:_identify(src/rm_perception/linefit_ground_segementation_ros2/linefit_ground_segmentation) by extensions ['colcon_pkg']
[0.427s] Level 1:colcon.colcon_core.package_identification:_identify(src/rm_perception/linefit_ground_segementation_ros2/linefit_ground_segmentation) by extension 'colcon_pkg'
[0.427s] Level 1:colcon.colcon_core.package_identification:_identify(src/rm_perception/linefit_ground_segementation_ros2/linefit_ground_segmentation) by extensions ['colcon_meta']
[0.427s] Level 1:colcon.colcon_core.package_identification:_identify(src/rm_perception/linefit_ground_segementation_ros2/linefit_ground_segmentation) by extension 'colcon_meta'
[0.427s] Level 1:colcon.colcon_core.package_identification:_identify(src/rm_perception/linefit_ground_segementation_ros2/linefit_ground_segmentation) by extensions ['ros']
[0.427s] Level 1:colcon.colcon_core.package_identification:_identify(src/rm_perception/linefit_ground_segementation_ros2/linefit_ground_segmentation) by extension 'ros'
[0.428s] DEBUG:colcon.colcon_core.package_identification:Package 'src/rm_perception/linefit_ground_segementation_ros2/linefit_ground_segmentation' with type 'ros.ament_cmake' and name 'linefit_ground_segmentation'
[0.428s] Level 1:colcon.colcon_core.package_identification:_identify(src/rm_perception/linefit_ground_segementation_ros2/linefit_ground_segmentation_ros) by extensions ['ignore', 'ignore_ament_install']
[0.428s] Level 1:colcon.colcon_core.package_identification:_identify(src/rm_perception/linefit_ground_segementation_ros2/linefit_ground_segmentation_ros) by extension 'ignore'
[0.428s] Level 1:colcon.colcon_core.package_identification:_identify(src/rm_perception/linefit_ground_segementation_ros2/linefit_ground_segmentation_ros) by extension 'ignore_ament_install'
[0.428s] Level 1:colcon.colcon_core.package_identification:_identify(src/rm_perception/linefit_ground_segementation_ros2/linefit_ground_segmentation_ros) by extensions ['colcon_pkg']
[0.428s] Level 1:colcon.colcon_core.package_identification:_identify(src/rm_perception/linefit_ground_segementation_ros2/linefit_ground_segmentation_ros) by extension 'colcon_pkg'
[0.428s] Level 1:colcon.colcon_core.package_identification:_identify(src/rm_perception/linefit_ground_segementation_ros2/linefit_ground_segmentation_ros) by extensions ['colcon_meta']
[0.428s] Level 1:colcon.colcon_core.package_identification:_identify(src/rm_perception/linefit_ground_segementation_ros2/linefit_ground_segmentation_ros) by extension 'colcon_meta'
[0.428s] Level 1:colcon.colcon_core.package_identification:_identify(src/rm_perception/linefit_ground_segementation_ros2/linefit_ground_segmentation_ros) by extensions ['ros']
[0.428s] Level 1:colcon.colcon_core.package_identification:_identify(src/rm_perception/linefit_ground_segementation_ros2/linefit_ground_segmentation_ros) by extension 'ros'
[0.429s] DEBUG:colcon.colcon_core.package_identification:Package 'src/rm_perception/linefit_ground_segementation_ros2/linefit_ground_segmentation_ros' with type 'ros.ament_cmake' and name 'linefit_ground_segmentation_ros'
[0.429s] Level 1:colcon.colcon_core.package_identification:_identify(src/rm_perception/pointcloud_to_laserscan) by extensions ['ignore', 'ignore_ament_install']
[0.429s] Level 1:colcon.colcon_core.package_identification:_identify(src/rm_perception/pointcloud_to_laserscan) by extension 'ignore'
[0.429s] Level 1:colcon.colcon_core.package_identification:_identify(src/rm_perception/pointcloud_to_laserscan) by extension 'ignore_ament_install'
[0.429s] Level 1:colcon.colcon_core.package_identification:_identify(src/rm_perception/pointcloud_to_laserscan) by extensions ['colcon_pkg']
[0.429s] Level 1:colcon.colcon_core.package_identification:_identify(src/rm_perception/pointcloud_to_laserscan) by extension 'colcon_pkg'
[0.429s] Level 1:colcon.colcon_core.package_identification:_identify(src/rm_perception/pointcloud_to_laserscan) by extensions ['colcon_meta']
[0.429s] Level 1:colcon.colcon_core.package_identification:_identify(src/rm_perception/pointcloud_to_laserscan) by extension 'colcon_meta'
[0.429s] Level 1:colcon.colcon_core.package_identification:_identify(src/rm_perception/pointcloud_to_laserscan) by extensions ['ros']
[0.429s] Level 1:colcon.colcon_core.package_identification:_identify(src/rm_perception/pointcloud_to_laserscan) by extension 'ros'
[0.430s] DEBUG:colcon.colcon_core.package_identification:Package 'src/rm_perception/pointcloud_to_laserscan' with type 'ros.ament_cmake' and name 'pointcloud_to_laserscan'
[0.430s] Level 1:colcon.colcon_core.package_identification:_identify(src/rm_sensors) by extensions ['ignore', 'ignore_ament_install']
[0.430s] Level 1:colcon.colcon_core.package_identification:_identify(src/rm_sensors) by extension 'ignore'
[0.430s] Level 1:colcon.colcon_core.package_identification:_identify(src/rm_sensors) by extension 'ignore_ament_install'
[0.430s] Level 1:colcon.colcon_core.package_identification:_identify(src/rm_sensors) by extensions ['colcon_pkg']
[0.430s] Level 1:colcon.colcon_core.package_identification:_identify(src/rm_sensors) by extension 'colcon_pkg'
[0.430s] Level 1:colcon.colcon_core.package_identification:_identify(src/rm_sensors) by extensions ['colcon_meta']
[0.430s] Level 1:colcon.colcon_core.package_identification:_identify(src/rm_sensors) by extension 'colcon_meta'
[0.430s] Level 1:colcon.colcon_core.package_identification:_identify(src/rm_sensors) by extensions ['ros']
[0.430s] Level 1:colcon.colcon_core.package_identification:_identify(src/rm_sensors) by extension 'ros'
[0.430s] Level 1:colcon.colcon_core.package_identification:_identify(src/rm_sensors) by extensions ['cmake', 'python']
[0.430s] Level 1:colcon.colcon_core.package_identification:_identify(src/rm_sensors) by extension 'cmake'
[0.430s] Level 1:colcon.colcon_core.package_identification:_identify(src/rm_sensors) by extension 'python'
[0.430s] Level 1:colcon.colcon_core.package_identification:_identify(src/rm_sensors) by extensions ['python_setup_py']
[0.430s] Level 1:colcon.colcon_core.package_identification:_identify(src/rm_sensors) by extension 'python_setup_py'
[0.430s] Level 1:colcon.colcon_core.package_identification:_identify(src/rm_sensors/livox_ros_driver2) by extensions ['ignore', 'ignore_ament_install']
[0.430s] Level 1:colcon.colcon_core.package_identification:_identify(src/rm_sensors/livox_ros_driver2) by extension 'ignore'
[0.430s] Level 1:colcon.colcon_core.package_identification:_identify(src/rm_sensors/livox_ros_driver2) by extension 'ignore_ament_install'
[0.430s] Level 1:colcon.colcon_core.package_identification:_identify(src/rm_sensors/livox_ros_driver2) by extensions ['colcon_pkg']
[0.430s] Level 1:colcon.colcon_core.package_identification:_identify(src/rm_sensors/livox_ros_driver2) by extension 'colcon_pkg'
[0.431s] Level 1:colcon.colcon_core.package_identification:_identify(src/rm_sensors/livox_ros_driver2) by extensions ['colcon_meta']
[0.431s] Level 1:colcon.colcon_core.package_identification:_identify(src/rm_sensors/livox_ros_driver2) by extension 'colcon_meta'
[0.431s] Level 1:colcon.colcon_core.package_identification:_identify(src/rm_sensors/livox_ros_driver2) by extensions ['ros']
[0.431s] Level 1:colcon.colcon_core.package_identification:_identify(src/rm_sensors/livox_ros_driver2) by extension 'ros'
[0.431s] DEBUG:colcon.colcon_core.package_identification:Package 'src/rm_sensors/livox_ros_driver2' with type 'ros.ament_cmake' and name 'livox_ros_driver2'
[0.432s] Level 1:colcon.colcon_core.package_identification:_identify(src/rm_sensors/rplidar_ros) by extensions ['ignore', 'ignore_ament_install']
[0.432s] Level 1:colcon.colcon_core.package_identification:_identify(src/rm_sensors/rplidar_ros) by extension 'ignore'
[0.432s] Level 1:colcon.colcon_core.package_identification:_identify(src/rm_sensors/rplidar_ros) by extension 'ignore_ament_install'
[0.432s] Level 1:colcon.colcon_core.package_identification:_identify(src/rm_sensors/rplidar_ros) by extensions ['colcon_pkg']
[0.432s] Level 1:colcon.colcon_core.package_identification:_identify(src/rm_sensors/rplidar_ros) by extension 'colcon_pkg'
[0.432s] Level 1:colcon.colcon_core.package_identification:_identify(src/rm_sensors/rplidar_ros) by extensions ['colcon_meta']
[0.432s] Level 1:colcon.colcon_core.package_identification:_identify(src/rm_sensors/rplidar_ros) by extension 'colcon_meta'
[0.432s] Level 1:colcon.colcon_core.package_identification:_identify(src/rm_sensors/rplidar_ros) by extensions ['ros']
[0.432s] Level 1:colcon.colcon_core.package_identification:_identify(src/rm_sensors/rplidar_ros) by extension 'ros'
[0.432s] DEBUG:colcon.colcon_core.package_identification:Package 'src/rm_sensors/rplidar_ros' with type 'ros.ament_cmake' and name 'rplidar_ros'
[0.432s] Level 1:colcon.colcon_core.package_discovery:discover_packages(recursive) using defaults
[0.432s] Level 1:colcon.colcon_core.package_discovery:discover_packages(ignore) discover
[0.432s] Level 1:colcon.colcon_core.package_discovery:discover_packages(ignore) using defaults
[0.432s] Level 1:colcon.colcon_core.package_discovery:discover_packages(path) discover
[0.432s] Level 1:colcon.colcon_core.package_discovery:discover_packages(path) using defaults
[0.451s] Level 1:colcon.colcon_core.package_discovery:discover_packages(prefix_path) check parameters
[0.451s] Level 1:colcon.colcon_core.package_discovery:discover_packages(prefix_path) discover
[0.453s] DEBUG:colcon.colcon_installed_package_information.package_discovery:Found 407 installed packages in /opt/ros/humble
[0.455s] Level 1:colcon.colcon_core.package_discovery:discover_packages(prefix_path) using defaults
[0.482s] Level 5:colcon.colcon_core.verb:set package 'icp_localization_ros2' build argument 'cmake_args' from command line to 'None'
[0.482s] Level 5:colcon.colcon_core.verb:set package 'icp_localization_ros2' build argument 'cmake_target' from command line to 'None'
[0.482s] Level 5:colcon.colcon_core.verb:set package 'icp_localization_ros2' build argument 'cmake_target_skip_unavailable' from command line to 'False'
[0.482s] Level 5:colcon.colcon_core.verb:set package 'icp_localization_ros2' build argument 'cmake_clean_cache' from command line to 'False'
[0.482s] Level 5:colcon.colcon_core.verb:set package 'icp_localization_ros2' build argument 'cmake_clean_first' from command line to 'False'
[0.482s] Level 5:colcon.colcon_core.verb:set package 'icp_localization_ros2' build argument 'cmake_force_configure' from command line to 'False'
[0.482s] Level 5:colcon.colcon_core.verb:set package 'icp_localization_ros2' build argument 'ament_cmake_args' from command line to 'None'
[0.482s] Level 5:colcon.colcon_core.verb:set package 'icp_localization_ros2' build argument 'catkin_cmake_args' from command line to 'None'
[0.482s] Level 5:colcon.colcon_core.verb:set package 'icp_localization_ros2' build argument 'catkin_skip_building_tests' from command line to 'False'
[0.482s] DEBUG:colcon.colcon_core.verb:Building package 'icp_localization_ros2' with the following arguments: {'ament_cmake_args': None, 'build_base': '/home/ljhua/ROBOCON2026/lidar_test/rc2026/build/icp_localization_ros2', 'catkin_cmake_args': None, 'catkin_skip_building_tests': False, 'cmake_args': None, 'cmake_clean_cache': False, 'cmake_clean_first': False, 'cmake_force_configure': False, 'cmake_target': None, 'cmake_target_skip_unavailable': False, 'install_base': '/home/ljhua/ROBOCON2026/lidar_test/rc2026/install/icp_localization_ros2', 'merge_install': False, 'path': '/home/ljhua/ROBOCON2026/lidar_test/rc2026/src/rm_localization/icp_localization_ros2', 'symlink_install': True, 'test_result_base': None}
[0.482s] Level 5:colcon.colcon_core.verb:set package 'imu_complementary_filter' build argument 'cmake_args' from command line to 'None'
[0.482s] Level 5:colcon.colcon_core.verb:set package 'imu_complementary_filter' build argument 'cmake_target' from command line to 'None'
[0.483s] Level 5:colcon.colcon_core.verb:set package 'imu_complementary_filter' build argument 'cmake_target_skip_unavailable' from command line to 'False'
[0.483s] Level 5:colcon.colcon_core.verb:set package 'imu_complementary_filter' build argument 'cmake_clean_cache' from command line to 'False'
[0.483s] Level 5:colcon.colcon_core.verb:set package 'imu_complementary_filter' build argument 'cmake_clean_first' from command line to 'False'
[0.483s] Level 5:colcon.colcon_core.verb:set package 'imu_complementary_filter' build argument 'cmake_force_configure' from command line to 'False'
[0.483s] Level 5:colcon.colcon_core.verb:set package 'imu_complementary_filter' build argument 'ament_cmake_args' from command line to 'None'
[0.483s] Level 5:colcon.colcon_core.verb:set package 'imu_complementary_filter' build argument 'catkin_cmake_args' from command line to 'None'
[0.483s] Level 5:colcon.colcon_core.verb:set package 'imu_complementary_filter' build argument 'catkin_skip_building_tests' from command line to 'False'
[0.483s] DEBUG:colcon.colcon_core.verb:Building package 'imu_complementary_filter' with the following arguments: {'ament_cmake_args': None, 'build_base': '/home/ljhua/ROBOCON2026/lidar_test/rc2026/build/imu_complementary_filter', 'catkin_cmake_args': None, 'catkin_skip_building_tests': False, 'cmake_args': None, 'cmake_clean_cache': False, 'cmake_clean_first': False, 'cmake_force_configure': False, 'cmake_target': None, 'cmake_target_skip_unavailable': False, 'install_base': '/home/ljhua/ROBOCON2026/lidar_test/rc2026/install/imu_complementary_filter', 'merge_install': False, 'path': '/home/ljhua/ROBOCON2026/lidar_test/rc2026/src/rm_perception/imu_complementary_filter', 'symlink_install': True, 'test_result_base': None}
[0.483s] Level 5:colcon.colcon_core.verb:set package 'linefit_ground_segmentation' build argument 'cmake_args' from command line to 'None'
[0.483s] Level 5:colcon.colcon_core.verb:set package 'linefit_ground_segmentation' build argument 'cmake_target' from command line to 'None'
[0.483s] Level 5:colcon.colcon_core.verb:set package 'linefit_ground_segmentation' build argument 'cmake_target_skip_unavailable' from command line to 'False'
[0.483s] Level 5:colcon.colcon_core.verb:set package 'linefit_ground_segmentation' build argument 'cmake_clean_cache' from command line to 'False'
[0.483s] Level 5:colcon.colcon_core.verb:set package 'linefit_ground_segmentation' build argument 'cmake_clean_first' from command line to 'False'
[0.483s] Level 5:colcon.colcon_core.verb:set package 'linefit_ground_segmentation' build argument 'cmake_force_configure' from command line to 'False'
[0.483s] Level 5:colcon.colcon_core.verb:set package 'linefit_ground_segmentation' build argument 'ament_cmake_args' from command line to 'None'
[0.483s] Level 5:colcon.colcon_core.verb:set package 'linefit_ground_segmentation' build argument 'catkin_cmake_args' from command line to 'None'
[0.483s] Level 5:colcon.colcon_core.verb:set package 'linefit_ground_segmentation' build argument 'catkin_skip_building_tests' from command line to 'False'
[0.483s] DEBUG:colcon.colcon_core.verb:Building package 'linefit_ground_segmentation' with the following arguments: {'ament_cmake_args': None, 'build_base': '/home/ljhua/ROBOCON2026/lidar_test/rc2026/build/linefit_ground_segmentation', 'catkin_cmake_args': None, 'catkin_skip_building_tests': False, 'cmake_args': None, 'cmake_clean_cache': False, 'cmake_clean_first': False, 'cmake_force_configure': False, 'cmake_target': None, 'cmake_target_skip_unavailable': False, 'install_base': '/home/ljhua/ROBOCON2026/lidar_test/rc2026/install/linefit_ground_segmentation', 'merge_install': False, 'path': '/home/ljhua/ROBOCON2026/lidar_test/rc2026/src/rm_perception/linefit_ground_segementation_ros2/linefit_ground_segmentation', 'symlink_install': True, 'test_result_base': None}
[0.483s] Level 5:colcon.colcon_core.verb:set package 'livox_ros_driver2' build argument 'cmake_args' from command line to 'None'
[0.483s] Level 5:colcon.colcon_core.verb:set package 'livox_ros_driver2' build argument 'cmake_target' from command line to 'None'
[0.483s] Level 5:colcon.colcon_core.verb:set package 'livox_ros_driver2' build argument 'cmake_target_skip_unavailable' from command line to 'False'
[0.483s] Level 5:colcon.colcon_core.verb:set package 'livox_ros_driver2' build argument 'cmake_clean_cache' from command line to 'False'
[0.483s] Level 5:colcon.colcon_core.verb:set package 'livox_ros_driver2' build argument 'cmake_clean_first' from command line to 'False'
[0.483s] Level 5:colcon.colcon_core.verb:set package 'livox_ros_driver2' build argument 'cmake_force_configure' from command line to 'False'
[0.483s] Level 5:colcon.colcon_core.verb:set package 'livox_ros_driver2' build argument 'ament_cmake_args' from command line to 'None'
[0.483s] Level 5:colcon.colcon_core.verb:set package 'livox_ros_driver2' build argument 'catkin_cmake_args' from command line to 'None'
[0.483s] Level 5:colcon.colcon_core.verb:set package 'livox_ros_driver2' build argument 'catkin_skip_building_tests' from command line to 'False'
[0.483s] DEBUG:colcon.colcon_core.verb:Building package 'livox_ros_driver2' with the following arguments: {'ament_cmake_args': None, 'build_base': '/home/ljhua/ROBOCON2026/lidar_test/rc2026/build/livox_ros_driver2', 'catkin_cmake_args': None, 'catkin_skip_building_tests': False, 'cmake_args': None, 'cmake_clean_cache': False, 'cmake_clean_first': False, 'cmake_force_configure': False, 'cmake_target': None, 'cmake_target_skip_unavailable': False, 'install_base': '/home/ljhua/ROBOCON2026/lidar_test/rc2026/install/livox_ros_driver2', 'merge_install': False, 'path': '/home/ljhua/ROBOCON2026/lidar_test/rc2026/src/rm_sensors/livox_ros_driver2', 'symlink_install': True, 'test_result_base': None}
[0.483s] Level 5:colcon.colcon_core.verb:set package 'pointcloud_to_laserscan' build argument 'cmake_args' from command line to 'None'
[0.483s] Level 5:colcon.colcon_core.verb:set package 'pointcloud_to_laserscan' build argument 'cmake_target' from command line to 'None'
[0.483s] Level 5:colcon.colcon_core.verb:set package 'pointcloud_to_laserscan' build argument 'cmake_target_skip_unavailable' from command line to 'False'
[0.483s] Level 5:colcon.colcon_core.verb:set package 'pointcloud_to_laserscan' build argument 'cmake_clean_cache' from command line to 'False'
[0.483s] Level 5:colcon.colcon_core.verb:set package 'pointcloud_to_laserscan' build argument 'cmake_clean_first' from command line to 'False'
[0.483s] Level 5:colcon.colcon_core.verb:set package 'pointcloud_to_laserscan' build argument 'cmake_force_configure' from command line to 'False'
[0.483s] Level 5:colcon.colcon_core.verb:set package 'pointcloud_to_laserscan' build argument 'ament_cmake_args' from command line to 'None'
[0.483s] Level 5:colcon.colcon_core.verb:set package 'pointcloud_to_laserscan' build argument 'catkin_cmake_args' from command line to 'None'
[0.483s] Level 5:colcon.colcon_core.verb:set package 'pointcloud_to_laserscan' build argument 'catkin_skip_building_tests' from command line to 'False'
[0.484s] DEBUG:colcon.colcon_core.verb:Building package 'pointcloud_to_laserscan' with the following arguments: {'ament_cmake_args': None, 'build_base': '/home/ljhua/ROBOCON2026/lidar_test/rc2026/build/pointcloud_to_laserscan', 'catkin_cmake_args': None, 'catkin_skip_building_tests': False, 'cmake_args': None, 'cmake_clean_cache': False, 'cmake_clean_first': False, 'cmake_force_configure': False, 'cmake_target': None, 'cmake_target_skip_unavailable': False, 'install_base': '/home/ljhua/ROBOCON2026/lidar_test/rc2026/install/pointcloud_to_laserscan', 'merge_install': False, 'path': '/home/ljhua/ROBOCON2026/lidar_test/rc2026/src/rm_perception/pointcloud_to_laserscan', 'symlink_install': True, 'test_result_base': None}
[0.484s] Level 5:colcon.colcon_core.verb:set package 'rc_keyboard_control' build argument 'cmake_args' from command line to 'None'
[0.484s] Level 5:colcon.colcon_core.verb:set package 'rc_keyboard_control' build argument 'cmake_target' from command line to 'None'
[0.484s] Level 5:colcon.colcon_core.verb:set package 'rc_keyboard_control' build argument 'cmake_target_skip_unavailable' from command line to 'False'
[0.484s] Level 5:colcon.colcon_core.verb:set package 'rc_keyboard_control' build argument 'cmake_clean_cache' from command line to 'False'
[0.484s] Level 5:colcon.colcon_core.verb:set package 'rc_keyboard_control' build argument 'cmake_clean_first' from command line to 'False'
[0.484s] Level 5:colcon.colcon_core.verb:set package 'rc_keyboard_control' build argument 'cmake_force_configure' from command line to 'False'
[0.484s] Level 5:colcon.colcon_core.verb:set package 'rc_keyboard_control' build argument 'ament_cmake_args' from command line to 'None'
[0.484s] Level 5:colcon.colcon_core.verb:set package 'rc_keyboard_control' build argument 'catkin_cmake_args' from command line to 'None'
[0.484s] Level 5:colcon.colcon_core.verb:set package 'rc_keyboard_control' build argument 'catkin_skip_building_tests' from command line to 'False'
[0.484s] DEBUG:colcon.colcon_core.verb:Building package 'rc_keyboard_control' with the following arguments: {'ament_cmake_args': None, 'build_base': '/home/ljhua/ROBOCON2026/lidar_test/rc2026/build/rc_keyboard_control', 'catkin_cmake_args': None, 'catkin_skip_building_tests': False, 'cmake_args': None, 'cmake_clean_cache': False, 'cmake_clean_first': False, 'cmake_force_configure': False, 'cmake_target': None, 'cmake_target_skip_unavailable': False, 'install_base': '/home/ljhua/ROBOCON2026/lidar_test/rc2026/install/rc_keyboard_control', 'merge_install': False, 'path': '/home/ljhua/ROBOCON2026/lidar_test/rc2026/src/rc_keyboard_control', 'symlink_install': True, 'test_result_base': None}
[0.484s] Level 5:colcon.colcon_core.verb:set package 'rc_serial_driver' build argument 'cmake_args' from command line to 'None'
[0.484s] Level 5:colcon.colcon_core.verb:set package 'rc_serial_driver' build argument 'cmake_target' from command line to 'None'
[0.484s] Level 5:colcon.colcon_core.verb:set package 'rc_serial_driver' build argument 'cmake_target_skip_unavailable' from command line to 'False'
[0.484s] Level 5:colcon.colcon_core.verb:set package 'rc_serial_driver' build argument 'cmake_clean_cache' from command line to 'False'
[0.484s] Level 5:colcon.colcon_core.verb:set package 'rc_serial_driver' build argument 'cmake_clean_first' from command line to 'False'
[0.484s] Level 5:colcon.colcon_core.verb:set package 'rc_serial_driver' build argument 'cmake_force_configure' from command line to 'False'
[0.484s] Level 5:colcon.colcon_core.verb:set package 'rc_serial_driver' build argument 'ament_cmake_args' from command line to 'None'
[0.484s] Level 5:colcon.colcon_core.verb:set package 'rc_serial_driver' build argument 'catkin_cmake_args' from command line to 'None'
[0.484s] Level 5:colcon.colcon_core.verb:set package 'rc_serial_driver' build argument 'catkin_skip_building_tests' from command line to 'False'
[0.484s] DEBUG:colcon.colcon_core.verb:Building package 'rc_serial_driver' with the following arguments: {'ament_cmake_args': None, 'build_base': '/home/ljhua/ROBOCON2026/lidar_test/rc2026/build/rc_serial_driver', 'catkin_cmake_args': None, 'catkin_skip_building_tests': False, 'cmake_args': None, 'cmake_clean_cache': False, 'cmake_clean_first': False, 'cmake_force_configure': False, 'cmake_target': None, 'cmake_target_skip_unavailable': False, 'install_base': '/home/ljhua/ROBOCON2026/lidar_test/rc2026/install/rc_serial_driver', 'merge_install': False, 'path': '/home/ljhua/ROBOCON2026/lidar_test/rc2026/src/rc_serial_driver', 'symlink_install': True, 'test_result_base': None}
[0.484s] Level 5:colcon.colcon_core.verb:set package 'rm_navigation' build argument 'cmake_args' from command line to 'None'
[0.484s] Level 5:colcon.colcon_core.verb:set package 'rm_navigation' build argument 'cmake_target' from command line to 'None'
[0.484s] Level 5:colcon.colcon_core.verb:set package 'rm_navigation' build argument 'cmake_target_skip_unavailable' from command line to 'False'
[0.484s] Level 5:colcon.colcon_core.verb:set package 'rm_navigation' build argument 'cmake_clean_cache' from command line to 'False'
[0.484s] Level 5:colcon.colcon_core.verb:set package 'rm_navigation' build argument 'cmake_clean_first' from command line to 'False'
[0.484s] Level 5:colcon.colcon_core.verb:set package 'rm_navigation' build argument 'cmake_force_configure' from command line to 'False'
[0.484s] Level 5:colcon.colcon_core.verb:set package 'rm_navigation' build argument 'ament_cmake_args' from command line to 'None'
[0.484s] Level 5:colcon.colcon_core.verb:set package 'rm_navigation' build argument 'catkin_cmake_args' from command line to 'None'
[0.484s] Level 5:colcon.colcon_core.verb:set package 'rm_navigation' build argument 'catkin_skip_building_tests' from command line to 'False'
[0.484s] DEBUG:colcon.colcon_core.verb:Building package 'rm_navigation' with the following arguments: {'ament_cmake_args': None, 'build_base': '/home/ljhua/ROBOCON2026/lidar_test/rc2026/build/rm_navigation', 'catkin_cmake_args': None, 'catkin_skip_building_tests': False, 'cmake_args': None, 'cmake_clean_cache': False, 'cmake_clean_first': False, 'cmake_force_configure': False, 'cmake_target': None, 'cmake_target_skip_unavailable': False, 'install_base': '/home/ljhua/ROBOCON2026/lidar_test/rc2026/install/rm_navigation', 'merge_install': False, 'path': '/home/ljhua/ROBOCON2026/lidar_test/rc2026/src/rm_navigation', 'symlink_install': True, 'test_result_base': None}
[0.485s] Level 5:colcon.colcon_core.verb:set package 'rplidar_ros' build argument 'cmake_args' from command line to 'None'
[0.485s] Level 5:colcon.colcon_core.verb:set package 'rplidar_ros' build argument 'cmake_target' from command line to 'None'
[0.485s] Level 5:colcon.colcon_core.verb:set package 'rplidar_ros' build argument 'cmake_target_skip_unavailable' from command line to 'False'
[0.485s] Level 5:colcon.colcon_core.verb:set package 'rplidar_ros' build argument 'cmake_clean_cache' from command line to 'False'
[0.485s] Level 5:colcon.colcon_core.verb:set package 'rplidar_ros' build argument 'cmake_clean_first' from command line to 'False'
[0.485s] Level 5:colcon.colcon_core.verb:set package 'rplidar_ros' build argument 'cmake_force_configure' from command line to 'False'
[0.485s] Level 5:colcon.colcon_core.verb:set package 'rplidar_ros' build argument 'ament_cmake_args' from command line to 'None'
[0.485s] Level 5:colcon.colcon_core.verb:set package 'rplidar_ros' build argument 'catkin_cmake_args' from command line to 'None'
[0.485s] Level 5:colcon.colcon_core.verb:set package 'rplidar_ros' build argument 'catkin_skip_building_tests' from command line to 'False'
[0.485s] DEBUG:colcon.colcon_core.verb:Building package 'rplidar_ros' with the following arguments: {'ament_cmake_args': None, 'build_base': '/home/ljhua/ROBOCON2026/lidar_test/rc2026/build/rplidar_ros', 'catkin_cmake_args': None, 'catkin_skip_building_tests': False, 'cmake_args': None, 'cmake_clean_cache': False, 'cmake_clean_first': False, 'cmake_force_configure': False, 'cmake_target': None, 'cmake_target_skip_unavailable': False, 'install_base': '/home/ljhua/ROBOCON2026/lidar_test/rc2026/install/rplidar_ros', 'merge_install': False, 'path': '/home/ljhua/ROBOCON2026/lidar_test/rc2026/src/rm_sensors/rplidar_ros', 'symlink_install': True, 'test_result_base': None}
[0.485s] Level 5:colcon.colcon_core.verb:set package 'fast_lio' build argument 'cmake_args' from command line to 'None'
[0.485s] Level 5:colcon.colcon_core.verb:set package 'fast_lio' build argument 'cmake_target' from command line to 'None'
[0.485s] Level 5:colcon.colcon_core.verb:set package 'fast_lio' build argument 'cmake_target_skip_unavailable' from command line to 'False'
[0.485s] Level 5:colcon.colcon_core.verb:set package 'fast_lio' build argument 'cmake_clean_cache' from command line to 'False'
[0.485s] Level 5:colcon.colcon_core.verb:set package 'fast_lio' build argument 'cmake_clean_first' from command line to 'False'
[0.485s] Level 5:colcon.colcon_core.verb:set package 'fast_lio' build argument 'cmake_force_configure' from command line to 'False'
[0.485s] Level 5:colcon.colcon_core.verb:set package 'fast_lio' build argument 'ament_cmake_args' from command line to 'None'
[0.485s] Level 5:colcon.colcon_core.verb:set package 'fast_lio' build argument 'catkin_cmake_args' from command line to 'None'
[0.485s] Level 5:colcon.colcon_core.verb:set package 'fast_lio' build argument 'catkin_skip_building_tests' from command line to 'False'
[0.485s] DEBUG:colcon.colcon_core.verb:Building package 'fast_lio' with the following arguments: {'ament_cmake_args': None, 'build_base': '/home/ljhua/ROBOCON2026/lidar_test/rc2026/build/fast_lio', 'catkin_cmake_args': None, 'catkin_skip_building_tests': False, 'cmake_args': None, 'cmake_clean_cache': False, 'cmake_clean_first': False, 'cmake_force_configure': False, 'cmake_target': None, 'cmake_target_skip_unavailable': False, 'install_base': '/home/ljhua/ROBOCON2026/lidar_test/rc2026/install/fast_lio', 'merge_install': False, 'path': '/home/ljhua/ROBOCON2026/lidar_test/rc2026/src/rm_localization/fast_lio', 'symlink_install': True, 'test_result_base': None}
[0.485s] Level 5:colcon.colcon_core.verb:set package 'linefit_ground_segmentation_ros' build argument 'cmake_args' from command line to 'None'
[0.485s] Level 5:colcon.colcon_core.verb:set package 'linefit_ground_segmentation_ros' build argument 'cmake_target' from command line to 'None'
[0.485s] Level 5:colcon.colcon_core.verb:set package 'linefit_ground_segmentation_ros' build argument 'cmake_target_skip_unavailable' from command line to 'False'
[0.485s] Level 5:colcon.colcon_core.verb:set package 'linefit_ground_segmentation_ros' build argument 'cmake_clean_cache' from command line to 'False'
[0.485s] Level 5:colcon.colcon_core.verb:set package 'linefit_ground_segmentation_ros' build argument 'cmake_clean_first' from command line to 'False'
[0.485s] Level 5:colcon.colcon_core.verb:set package 'linefit_ground_segmentation_ros' build argument 'cmake_force_configure' from command line to 'False'
[0.485s] Level 5:colcon.colcon_core.verb:set package 'linefit_ground_segmentation_ros' build argument 'ament_cmake_args' from command line to 'None'
[0.485s] Level 5:colcon.colcon_core.verb:set package 'linefit_ground_segmentation_ros' build argument 'catkin_cmake_args' from command line to 'None'
[0.485s] Level 5:colcon.colcon_core.verb:set package 'linefit_ground_segmentation_ros' build argument 'catkin_skip_building_tests' from command line to 'False'
[0.485s] DEBUG:colcon.colcon_core.verb:Building package 'linefit_ground_segmentation_ros' with the following arguments: {'ament_cmake_args': None, 'build_base': '/home/ljhua/ROBOCON2026/lidar_test/rc2026/build/linefit_ground_segmentation_ros', 'catkin_cmake_args': None, 'catkin_skip_building_tests': False, 'cmake_args': None, 'cmake_clean_cache': False, 'cmake_clean_first': False, 'cmake_force_configure': False, 'cmake_target': None, 'cmake_target_skip_unavailable': False, 'install_base': '/home/ljhua/ROBOCON2026/lidar_test/rc2026/install/linefit_ground_segmentation_ros', 'merge_install': False, 'path': '/home/ljhua/ROBOCON2026/lidar_test/rc2026/src/rm_perception/linefit_ground_segementation_ros2/linefit_ground_segmentation_ros', 'symlink_install': True, 'test_result_base': None}
[0.485s] INFO:colcon.colcon_core.executor:Executing jobs using 'parallel' executor
[0.486s] DEBUG:colcon.colcon_parallel_executor.executor.parallel:run_until_complete
[0.486s] INFO:colcon.colcon_ros.task.ament_cmake.build:Building ROS package in '/home/ljhua/ROBOCON2026/lidar_test/rc2026/src/rm_perception/linefit_ground_segementation_ros2/linefit_ground_segmentation' with build type 'ament_cmake'
[0.486s] INFO:colcon.colcon_cmake.task.cmake.build:Building CMake package in '/home/ljhua/ROBOCON2026/lidar_test/rc2026/src/rm_perception/linefit_ground_segementation_ros2/linefit_ground_segmentation'
[0.490s] INFO:colcon.colcon_core.plugin_system:Skipping extension 'colcon_core.shell.bat': Not used on non-Windows systems
[0.490s] INFO:colcon.colcon_core.shell:Skip shell extension 'powershell' for command environment: Not usable outside of PowerShell
[0.490s] DEBUG:colcon.colcon_core.shell:Skip shell extension 'dsv' for command environment
[0.492s] INFO:colcon.colcon_ros.task.ament_cmake.build:Building ROS package in '/home/ljhua/ROBOCON2026/lidar_test/rc2026/src/rm_sensors/livox_ros_driver2' with build type 'ament_cmake'
[0.492s] INFO:colcon.colcon_cmake.task.cmake.build:Building CMake package in '/home/ljhua/ROBOCON2026/lidar_test/rc2026/src/rm_sensors/livox_ros_driver2'
[0.492s] INFO:colcon.colcon_core.shell:Skip shell extension 'powershell' for command environment: Not usable outside of PowerShell
[0.492s] DEBUG:colcon.colcon_core.shell:Skip shell extension 'dsv' for command environment
[0.494s] INFO:colcon.colcon_ros.task.ament_cmake.build:Building ROS package in '/home/ljhua/ROBOCON2026/lidar_test/rc2026/src/rm_localization/icp_localization_ros2' with build type 'ament_cmake'
[0.494s] INFO:colcon.colcon_cmake.task.cmake.build:Building CMake package in '/home/ljhua/ROBOCON2026/lidar_test/rc2026/src/rm_localization/icp_localization_ros2'
[0.494s] INFO:colcon.colcon_core.shell:Skip shell extension 'powershell' for command environment: Not usable outside of PowerShell
[0.495s] DEBUG:colcon.colcon_core.shell:Skip shell extension 'dsv' for command environment
[0.496s] INFO:colcon.colcon_ros.task.ament_cmake.build:Building ROS package in '/home/ljhua/ROBOCON2026/lidar_test/rc2026/src/rm_perception/imu_complementary_filter' with build type 'ament_cmake'
[0.496s] INFO:colcon.colcon_cmake.task.cmake.build:Building CMake package in '/home/ljhua/ROBOCON2026/lidar_test/rc2026/src/rm_perception/imu_complementary_filter'
[0.496s] INFO:colcon.colcon_core.shell:Skip shell extension 'powershell' for command environment: Not usable outside of PowerShell
[0.497s] DEBUG:colcon.colcon_core.shell:Skip shell extension 'dsv' for command environment
[0.498s] INFO:colcon.colcon_ros.task.ament_cmake.build:Building ROS package in '/home/ljhua/ROBOCON2026/lidar_test/rc2026/src/rm_perception/pointcloud_to_laserscan' with build type 'ament_cmake'
[0.498s] INFO:colcon.colcon_cmake.task.cmake.build:Building CMake package in '/home/ljhua/ROBOCON2026/lidar_test/rc2026/src/rm_perception/pointcloud_to_laserscan'
[0.499s] INFO:colcon.colcon_core.shell:Skip shell extension 'powershell' for command environment: Not usable outside of PowerShell
[0.499s] DEBUG:colcon.colcon_core.shell:Skip shell extension 'dsv' for command environment
[0.502s] INFO:colcon.colcon_ros.task.ament_python.build:Building ROS package in '/home/ljhua/ROBOCON2026/lidar_test/rc2026/src/rc_keyboard_control' with build type 'ament_python'
[0.502s] Level 1:colcon.colcon_core.shell:create_environment_hook('rc_keyboard_control', 'ament_prefix_path')
[0.502s] INFO:colcon.colcon_core.shell:Creating environment hook '/home/ljhua/ROBOCON2026/lidar_test/rc2026/install/rc_keyboard_control/share/rc_keyboard_control/hook/ament_prefix_path.ps1'
[0.503s] INFO:colcon.colcon_core.shell:Creating environment descriptor '/home/ljhua/ROBOCON2026/lidar_test/rc2026/install/rc_keyboard_control/share/rc_keyboard_control/hook/ament_prefix_path.dsv'
[0.503s] INFO:colcon.colcon_core.shell:Creating environment hook '/home/ljhua/ROBOCON2026/lidar_test/rc2026/install/rc_keyboard_control/share/rc_keyboard_control/hook/ament_prefix_path.sh'
[0.504s] INFO:colcon.colcon_core.shell:Skip shell extension 'powershell' for command environment: Not usable outside of PowerShell
[0.504s] DEBUG:colcon.colcon_core.shell:Skip shell extension 'dsv' for command environment
[0.506s] INFO:colcon.colcon_ros.task.ament_python.build:Building ROS package in '/home/ljhua/ROBOCON2026/lidar_test/rc2026/src/rc_serial_driver' with build type 'ament_python'
[0.506s] Level 1:colcon.colcon_core.shell:create_environment_hook('rc_serial_driver', 'ament_prefix_path')
[0.506s] INFO:colcon.colcon_core.shell:Creating environment hook '/home/ljhua/ROBOCON2026/lidar_test/rc2026/install/rc_serial_driver/share/rc_serial_driver/hook/ament_prefix_path.ps1'
[0.507s] INFO:colcon.colcon_core.shell:Creating environment descriptor '/home/ljhua/ROBOCON2026/lidar_test/rc2026/install/rc_serial_driver/share/rc_serial_driver/hook/ament_prefix_path.dsv'
[0.507s] INFO:colcon.colcon_core.shell:Creating environment hook '/home/ljhua/ROBOCON2026/lidar_test/rc2026/install/rc_serial_driver/share/rc_serial_driver/hook/ament_prefix_path.sh'
[0.507s] INFO:colcon.colcon_core.shell:Skip shell extension 'powershell' for command environment: Not usable outside of PowerShell
[0.507s] DEBUG:colcon.colcon_core.shell:Skip shell extension 'dsv' for command environment
[0.509s] INFO:colcon.colcon_ros.task.ament_cmake.build:Building ROS package in '/home/ljhua/ROBOCON2026/lidar_test/rc2026/src/rm_navigation' with build type 'ament_cmake'
[0.509s] INFO:colcon.colcon_cmake.task.cmake.build:Building CMake package in '/home/ljhua/ROBOCON2026/lidar_test/rc2026/src/rm_navigation'
[0.509s] INFO:colcon.colcon_core.shell:Skip shell extension 'powershell' for command environment: Not usable outside of PowerShell
[0.509s] DEBUG:colcon.colcon_core.shell:Skip shell extension 'dsv' for command environment
[0.511s] INFO:colcon.colcon_ros.task.ament_cmake.build:Building ROS package in '/home/ljhua/ROBOCON2026/lidar_test/rc2026/src/rm_sensors/rplidar_ros' with build type 'ament_cmake'
[0.511s] INFO:colcon.colcon_cmake.task.cmake.build:Building CMake package in '/home/ljhua/ROBOCON2026/lidar_test/rc2026/src/rm_sensors/rplidar_ros'
[0.511s] INFO:colcon.colcon_core.shell:Skip shell extension 'powershell' for command environment: Not usable outside of PowerShell
[0.511s] DEBUG:colcon.colcon_core.shell:Skip shell extension 'dsv' for command environment
[0.518s] DEBUG:colcon.colcon_core.event_handler.log_command:Invoking command in '/home/ljhua/ROBOCON2026/lidar_test/rc2026/build/linefit_ground_segmentation': CMAKE_PREFIX_PATH=/opt/ros/humble /usr/bin/cmake --build /home/ljhua/ROBOCON2026/lidar_test/rc2026/build/linefit_ground_segmentation -- -j20 -l20
[0.520s] DEBUG:colcon.colcon_core.event_handler.log_command:Invoking command in '/home/ljhua/ROBOCON2026/lidar_test/rc2026/build/livox_ros_driver2': CMAKE_PREFIX_PATH=/opt/ros/humble /usr/bin/cmake --build /home/ljhua/ROBOCON2026/lidar_test/rc2026/build/livox_ros_driver2 -- -j20 -l20
[0.521s] DEBUG:colcon.colcon_core.event_handler.log_command:Invoking command in '/home/ljhua/ROBOCON2026/lidar_test/rc2026/build/icp_localization_ros2': CMAKE_PREFIX_PATH=/opt/ros/humble /usr/bin/cmake --build /home/ljhua/ROBOCON2026/lidar_test/rc2026/build/icp_localization_ros2 -- -j20 -l20
[0.524s] DEBUG:colcon.colcon_core.event_handler.log_command:Invoking command in '/home/ljhua/ROBOCON2026/lidar_test/rc2026/build/imu_complementary_filter': CMAKE_PREFIX_PATH=/opt/ros/humble /usr/bin/cmake --build /home/ljhua/ROBOCON2026/lidar_test/rc2026/build/imu_complementary_filter -- -j20 -l20
[0.527s] DEBUG:colcon.colcon_core.event_handler.log_command:Invoking command in '/home/ljhua/ROBOCON2026/lidar_test/rc2026/build/pointcloud_to_laserscan': CMAKE_PREFIX_PATH=/opt/ros/humble /usr/bin/cmake --build /home/ljhua/ROBOCON2026/lidar_test/rc2026/build/pointcloud_to_laserscan -- -j20 -l20
[0.753s] INFO:colcon.colcon_core.task.python.build:Building Python package in '/home/ljhua/ROBOCON2026/lidar_test/rc2026/src/rc_keyboard_control'
[0.753s] INFO:colcon.colcon_core.shell:Skip shell extension 'powershell' for command environment: Not usable outside of PowerShell
[0.753s] DEBUG:colcon.colcon_core.shell:Skip shell extension 'dsv' for command environment
[0.976s] INFO:colcon.colcon_core.task.python.build:Building Python package in '/home/ljhua/ROBOCON2026/lidar_test/rc2026/src/rc_serial_driver'
[0.976s] INFO:colcon.colcon_core.shell:Skip shell extension 'powershell' for command environment: Not usable outside of PowerShell
[0.976s] DEBUG:colcon.colcon_core.shell:Skip shell extension 'dsv' for command environment
[0.981s] DEBUG:colcon.colcon_core.event_handler.log_command:Invoking command in '/home/ljhua/ROBOCON2026/lidar_test/rc2026/build/rm_navigation': CMAKE_PREFIX_PATH=/opt/ros/humble /usr/bin/cmake --build /home/ljhua/ROBOCON2026/lidar_test/rc2026/build/rm_navigation -- -j20 -l20
[0.989s] DEBUG:colcon.colcon_core.event_handler.log_command:Invoking command in '/home/ljhua/ROBOCON2026/lidar_test/rc2026/build/rplidar_ros': CMAKE_PREFIX_PATH=/opt/ros/humble /usr/bin/cmake --build /home/ljhua/ROBOCON2026/lidar_test/rc2026/build/rplidar_ros -- -j20 -l20
[0.989s] DEBUG:colcon.colcon_core.event_handler.log_command:Invoked command in '/home/ljhua/ROBOCON2026/lidar_test/rc2026/build/linefit_ground_segmentation' returned '0': CMAKE_PREFIX_PATH=/opt/ros/humble /usr/bin/cmake --build /home/ljhua/ROBOCON2026/lidar_test/rc2026/build/linefit_ground_segmentation -- -j20 -l20
[0.999s] DEBUG:colcon.colcon_core.event_handler.log_command:Invoking command in '/home/ljhua/ROBOCON2026/lidar_test/rc2026/build/linefit_ground_segmentation': CMAKE_PREFIX_PATH=/opt/ros/humble /usr/bin/cmake --install /home/ljhua/ROBOCON2026/lidar_test/rc2026/build/linefit_ground_segmentation
[0.999s] DEBUG:colcon.colcon_core.event_handler.log_command:Invoked command in '/home/ljhua/ROBOCON2026/lidar_test/rc2026/build/imu_complementary_filter' returned '0': CMAKE_PREFIX_PATH=/opt/ros/humble /usr/bin/cmake --build /home/ljhua/ROBOCON2026/lidar_test/rc2026/build/imu_complementary_filter -- -j20 -l20
[1.000s] DEBUG:colcon.colcon_core.event_handler.log_command:Invoking command in '/home/ljhua/ROBOCON2026/lidar_test/rc2026/build/imu_complementary_filter': CMAKE_PREFIX_PATH=/opt/ros/humble /usr/bin/cmake --install /home/ljhua/ROBOCON2026/lidar_test/rc2026/build/imu_complementary_filter
[1.000s] DEBUG:colcon.colcon_core.event_handler.log_command:Invoked command in '/home/ljhua/ROBOCON2026/lidar_test/rc2026/build/pointcloud_to_laserscan' returned '0': CMAKE_PREFIX_PATH=/opt/ros/humble /usr/bin/cmake --build /home/ljhua/ROBOCON2026/lidar_test/rc2026/build/pointcloud_to_laserscan -- -j20 -l20
[1.002s] DEBUG:colcon.colcon_core.event_handler.log_command:Invoking command in '/home/ljhua/ROBOCON2026/lidar_test/rc2026/build/pointcloud_to_laserscan': CMAKE_PREFIX_PATH=/opt/ros/humble /usr/bin/cmake --install /home/ljhua/ROBOCON2026/lidar_test/rc2026/build/pointcloud_to_laserscan
[1.002s] DEBUG:colcon.colcon_core.event_handler.log_command:Invoked command in '/home/ljhua/ROBOCON2026/lidar_test/rc2026/build/icp_localization_ros2' returned '0': CMAKE_PREFIX_PATH=/opt/ros/humble /usr/bin/cmake --build /home/ljhua/ROBOCON2026/lidar_test/rc2026/build/icp_localization_ros2 -- -j20 -l20
[1.003s] DEBUG:colcon.colcon_core.event_handler.log_command:Invoking command in '/home/ljhua/ROBOCON2026/lidar_test/rc2026/build/icp_localization_ros2': CMAKE_PREFIX_PATH=/opt/ros/humble /usr/bin/cmake --install /home/ljhua/ROBOCON2026/lidar_test/rc2026/build/icp_localization_ros2
[1.003s] DEBUG:colcon.colcon_core.event_handler.log_command:Invoked command in '/home/ljhua/ROBOCON2026/lidar_test/rc2026/build/livox_ros_driver2' returned '0': CMAKE_PREFIX_PATH=/opt/ros/humble /usr/bin/cmake --build /home/ljhua/ROBOCON2026/lidar_test/rc2026/build/livox_ros_driver2 -- -j20 -l20
[1.005s] DEBUG:colcon.colcon_core.event_handler.log_command:Invoking command in '/home/ljhua/ROBOCON2026/lidar_test/rc2026/build/livox_ros_driver2': CMAKE_PREFIX_PATH=/opt/ros/humble /usr/bin/cmake --install /home/ljhua/ROBOCON2026/lidar_test/rc2026/build/livox_ros_driver2
[1.044s] Level 1:colcon.colcon_core.environment:create_environment_scripts_only(linefit_ground_segmentation)
[1.064s] DEBUG:colcon.colcon_core.event_handler.log_command:Invoked command in '/home/ljhua/ROBOCON2026/lidar_test/rc2026/build/rm_navigation' returned '0': CMAKE_PREFIX_PATH=/opt/ros/humble /usr/bin/cmake --build /home/ljhua/ROBOCON2026/lidar_test/rc2026/build/rm_navigation -- -j20 -l20
[1.069s] Level 1:colcon.colcon_core.environment:checking '/home/ljhua/ROBOCON2026/lidar_test/rc2026/install/linefit_ground_segmentation' for CMake module files
[1.070s] DEBUG:colcon.colcon_core.event_handler.log_command:Invoking command in '/home/ljhua/ROBOCON2026/lidar_test/rc2026/build/rm_navigation': CMAKE_PREFIX_PATH=/opt/ros/humble /usr/bin/cmake --install /home/ljhua/ROBOCON2026/lidar_test/rc2026/build/rm_navigation
[1.073s] DEBUG:colcon.colcon_core.event_handler.log_command:Invoked command in '/home/ljhua/ROBOCON2026/lidar_test/rc2026/build/linefit_ground_segmentation' returned '0': CMAKE_PREFIX_PATH=/opt/ros/humble /usr/bin/cmake --install /home/ljhua/ROBOCON2026/lidar_test/rc2026/build/linefit_ground_segmentation
[1.077s] Level 1:colcon.colcon_core.environment:checking '/home/ljhua/ROBOCON2026/lidar_test/rc2026/install/linefit_ground_segmentation' for CMake config files
[1.079s] Level 1:colcon.colcon_core.shell:create_environment_hook('linefit_ground_segmentation', 'cmake_prefix_path')
[1.079s] INFO:colcon.colcon_core.shell:Creating environment hook '/home/ljhua/ROBOCON2026/lidar_test/rc2026/install/linefit_ground_segmentation/share/linefit_ground_segmentation/hook/cmake_prefix_path.ps1'
[1.081s] INFO:colcon.colcon_core.shell:Creating environment descriptor '/home/ljhua/ROBOCON2026/lidar_test/rc2026/install/linefit_ground_segmentation/share/linefit_ground_segmentation/hook/cmake_prefix_path.dsv'
[1.082s] INFO:colcon.colcon_core.shell:Creating environment hook '/home/ljhua/ROBOCON2026/lidar_test/rc2026/install/linefit_ground_segmentation/share/linefit_ground_segmentation/hook/cmake_prefix_path.sh'
[1.084s] Level 1:colcon.colcon_core.environment:checking '/home/ljhua/ROBOCON2026/lidar_test/rc2026/install/linefit_ground_segmentation/lib'
[1.084s] Level 1:colcon.colcon_core.shell:create_environment_hook('linefit_ground_segmentation', 'ld_library_path_lib')
[1.085s] INFO:colcon.colcon_core.shell:Creating environment hook '/home/ljhua/ROBOCON2026/lidar_test/rc2026/install/linefit_ground_segmentation/share/linefit_ground_segmentation/hook/ld_library_path_lib.ps1'
[1.086s] INFO:colcon.colcon_core.shell:Creating environment descriptor '/home/ljhua/ROBOCON2026/lidar_test/rc2026/install/linefit_ground_segmentation/share/linefit_ground_segmentation/hook/ld_library_path_lib.dsv'
[1.087s] INFO:colcon.colcon_core.shell:Creating environment hook '/home/ljhua/ROBOCON2026/lidar_test/rc2026/install/linefit_ground_segmentation/share/linefit_ground_segmentation/hook/ld_library_path_lib.sh'
[1.088s] Level 1:colcon.colcon_core.environment:checking '/home/ljhua/ROBOCON2026/lidar_test/rc2026/install/linefit_ground_segmentation/bin'
[1.088s] Level 1:colcon.colcon_core.environment:checking '/home/ljhua/ROBOCON2026/lidar_test/rc2026/install/linefit_ground_segmentation/lib/pkgconfig/linefit_ground_segmentation.pc'
[1.088s] Level 1:colcon.colcon_core.environment:checking '/home/ljhua/ROBOCON2026/lidar_test/rc2026/install/linefit_ground_segmentation/lib/python3.10/site-packages'
[1.088s] Level 1:colcon.colcon_core.environment:checking '/home/ljhua/ROBOCON2026/lidar_test/rc2026/install/linefit_ground_segmentation/bin'
[1.088s] INFO:colcon.colcon_core.shell:Creating package script '/home/ljhua/ROBOCON2026/lidar_test/rc2026/install/linefit_ground_segmentation/share/linefit_ground_segmentation/package.ps1'
[1.090s] INFO:colcon.colcon_core.shell:Creating package descriptor '/home/ljhua/ROBOCON2026/lidar_test/rc2026/install/linefit_ground_segmentation/share/linefit_ground_segmentation/package.dsv'
[1.091s] INFO:colcon.colcon_core.shell:Creating package script '/home/ljhua/ROBOCON2026/lidar_test/rc2026/install/linefit_ground_segmentation/share/linefit_ground_segmentation/package.sh'
[1.092s] INFO:colcon.colcon_core.shell:Creating package script '/home/ljhua/ROBOCON2026/lidar_test/rc2026/install/linefit_ground_segmentation/share/linefit_ground_segmentation/package.bash'
[1.092s] INFO:colcon.colcon_core.shell:Creating package script '/home/ljhua/ROBOCON2026/lidar_test/rc2026/install/linefit_ground_segmentation/share/linefit_ground_segmentation/package.zsh'
[1.093s] Level 1:colcon.colcon_core.environment:create_file_with_runtime_dependencies(/home/ljhua/ROBOCON2026/lidar_test/rc2026/install/linefit_ground_segmentation/share/colcon-core/packages/linefit_ground_segmentation)
[1.093s] Level 1:colcon.colcon_core.environment:create_environment_scripts_only(linefit_ground_segmentation)
[1.094s] Level 1:colcon.colcon_core.environment:checking '/home/ljhua/ROBOCON2026/lidar_test/rc2026/install/linefit_ground_segmentation' for CMake module files
[1.094s] Level 1:colcon.colcon_core.environment:checking '/home/ljhua/ROBOCON2026/lidar_test/rc2026/install/linefit_ground_segmentation' for CMake config files
[1.094s] Level 1:colcon.colcon_core.shell:create_environment_hook('linefit_ground_segmentation', 'cmake_prefix_path')
[1.094s] INFO:colcon.colcon_core.shell:Creating environment hook '/home/ljhua/ROBOCON2026/lidar_test/rc2026/install/linefit_ground_segmentation/share/linefit_ground_segmentation/hook/cmake_prefix_path.ps1'
[1.094s] INFO:colcon.colcon_core.shell:Creating environment descriptor '/home/ljhua/ROBOCON2026/lidar_test/rc2026/install/linefit_ground_segmentation/share/linefit_ground_segmentation/hook/cmake_prefix_path.dsv'
[1.095s] INFO:colcon.colcon_core.shell:Creating environment hook '/home/ljhua/ROBOCON2026/lidar_test/rc2026/install/linefit_ground_segmentation/share/linefit_ground_segmentation/hook/cmake_prefix_path.sh'
[1.095s] Level 1:colcon.colcon_core.environment:checking '/home/ljhua/ROBOCON2026/lidar_test/rc2026/install/linefit_ground_segmentation/lib'
[1.095s] Level 1:colcon.colcon_core.shell:create_environment_hook('linefit_ground_segmentation', 'ld_library_path_lib')
[1.095s] INFO:colcon.colcon_core.shell:Creating environment hook '/home/ljhua/ROBOCON2026/lidar_test/rc2026/install/linefit_ground_segmentation/share/linefit_ground_segmentation/hook/ld_library_path_lib.ps1'
[1.095s] INFO:colcon.colcon_core.shell:Creating environment descriptor '/home/ljhua/ROBOCON2026/lidar_test/rc2026/install/linefit_ground_segmentation/share/linefit_ground_segmentation/hook/ld_library_path_lib.dsv'
[1.096s] INFO:colcon.colcon_core.shell:Creating environment hook '/home/ljhua/ROBOCON2026/lidar_test/rc2026/install/linefit_ground_segmentation/share/linefit_ground_segmentation/hook/ld_library_path_lib.sh'
[1.096s] Level 1:colcon.colcon_core.environment:checking '/home/ljhua/ROBOCON2026/lidar_test/rc2026/install/linefit_ground_segmentation/bin'
[1.096s] Level 1:colcon.colcon_core.environment:checking '/home/ljhua/ROBOCON2026/lidar_test/rc2026/install/linefit_ground_segmentation/lib/pkgconfig/linefit_ground_segmentation.pc'
[1.096s] Level 1:colcon.colcon_core.environment:checking '/home/ljhua/ROBOCON2026/lidar_test/rc2026/install/linefit_ground_segmentation/lib/python3.10/site-packages'
[1.096s] Level 1:colcon.colcon_core.environment:checking '/home/ljhua/ROBOCON2026/lidar_test/rc2026/install/linefit_ground_segmentation/bin'
[1.096s] INFO:colcon.colcon_core.shell:Creating package script '/home/ljhua/ROBOCON2026/lidar_test/rc2026/install/linefit_ground_segmentation/share/linefit_ground_segmentation/package.ps1'
[1.097s] INFO:colcon.colcon_core.shell:Creating package descriptor '/home/ljhua/ROBOCON2026/lidar_test/rc2026/install/linefit_ground_segmentation/share/linefit_ground_segmentation/package.dsv'
[1.097s] INFO:colcon.colcon_core.shell:Creating package script '/home/ljhua/ROBOCON2026/lidar_test/rc2026/install/linefit_ground_segmentation/share/linefit_ground_segmentation/package.sh'
[1.097s] INFO:colcon.colcon_core.shell:Creating package script '/home/ljhua/ROBOCON2026/lidar_test/rc2026/install/linefit_ground_segmentation/share/linefit_ground_segmentation/package.bash'
[1.097s] INFO:colcon.colcon_core.shell:Creating package script '/home/ljhua/ROBOCON2026/lidar_test/rc2026/install/linefit_ground_segmentation/share/linefit_ground_segmentation/package.zsh'
[1.097s] Level 1:colcon.colcon_core.environment:create_file_with_runtime_dependencies(/home/ljhua/ROBOCON2026/lidar_test/rc2026/install/linefit_ground_segmentation/share/colcon-core/packages/linefit_ground_segmentation)
[1.098s] INFO:colcon.colcon_ros.task.ament_cmake.build:Building ROS package in '/home/ljhua/ROBOCON2026/lidar_test/rc2026/src/rm_perception/linefit_ground_segementation_ros2/linefit_ground_segmentation_ros' with build type 'ament_cmake'
[1.098s] INFO:colcon.colcon_cmake.task.cmake.build:Building CMake package in '/home/ljhua/ROBOCON2026/lidar_test/rc2026/src/rm_perception/linefit_ground_segementation_ros2/linefit_ground_segmentation_ros'
[1.098s] INFO:colcon.colcon_core.shell:Skip shell extension 'powershell' for command environment: Not usable outside of PowerShell
[1.098s] DEBUG:colcon.colcon_core.shell:Skip shell extension 'dsv' for command environment
[1.101s] Level 1:colcon.colcon_core.environment:create_environment_scripts_only(imu_complementary_filter)
[1.102s] Level 1:colcon.colcon_core.environment:checking '/home/ljhua/ROBOCON2026/lidar_test/rc2026/install/imu_complementary_filter' for CMake module files
[1.102s] DEBUG:colcon.colcon_core.event_handler.log_command:Invoked command in '/home/ljhua/ROBOCON2026/lidar_test/rc2026/build/imu_complementary_filter' returned '0': CMAKE_PREFIX_PATH=/opt/ros/humble /usr/bin/cmake --install /home/ljhua/ROBOCON2026/lidar_test/rc2026/build/imu_complementary_filter
[1.102s] Level 1:colcon.colcon_core.environment:checking '/home/ljhua/ROBOCON2026/lidar_test/rc2026/install/imu_complementary_filter' for CMake config files
[1.103s] Level 1:colcon.colcon_core.shell:create_environment_hook('imu_complementary_filter', 'cmake_prefix_path')
[1.103s] INFO:colcon.colcon_core.shell:Creating environment hook '/home/ljhua/ROBOCON2026/lidar_test/rc2026/install/imu_complementary_filter/share/imu_complementary_filter/hook/cmake_prefix_path.ps1'
[1.103s] INFO:colcon.colcon_core.shell:Creating environment descriptor '/home/ljhua/ROBOCON2026/lidar_test/rc2026/install/imu_complementary_filter/share/imu_complementary_filter/hook/cmake_prefix_path.dsv'
[1.103s] INFO:colcon.colcon_core.shell:Creating environment hook '/home/ljhua/ROBOCON2026/lidar_test/rc2026/install/imu_complementary_filter/share/imu_complementary_filter/hook/cmake_prefix_path.sh'
[1.103s] Level 1:colcon.colcon_core.environment:checking '/home/ljhua/ROBOCON2026/lidar_test/rc2026/install/imu_complementary_filter/lib'
[1.103s] Level 1:colcon.colcon_core.shell:create_environment_hook('imu_complementary_filter', 'ld_library_path_lib')
[1.104s] INFO:colcon.colcon_core.shell:Creating environment hook '/home/ljhua/ROBOCON2026/lidar_test/rc2026/install/imu_complementary_filter/share/imu_complementary_filter/hook/ld_library_path_lib.ps1'
[1.104s] INFO:colcon.colcon_core.shell:Creating environment descriptor '/home/ljhua/ROBOCON2026/lidar_test/rc2026/install/imu_complementary_filter/share/imu_complementary_filter/hook/ld_library_path_lib.dsv'
[1.104s] INFO:colcon.colcon_core.shell:Creating environment hook '/home/ljhua/ROBOCON2026/lidar_test/rc2026/install/imu_complementary_filter/share/imu_complementary_filter/hook/ld_library_path_lib.sh'
[1.104s] Level 1:colcon.colcon_core.environment:checking '/home/ljhua/ROBOCON2026/lidar_test/rc2026/install/imu_complementary_filter/bin'
[1.104s] Level 1:colcon.colcon_core.environment:checking '/home/ljhua/ROBOCON2026/lidar_test/rc2026/install/imu_complementary_filter/lib/pkgconfig/imu_complementary_filter.pc'
[1.104s] Level 1:colcon.colcon_core.environment:checking '/home/ljhua/ROBOCON2026/lidar_test/rc2026/install/imu_complementary_filter/lib/python3.10/site-packages'
[1.105s] Level 1:colcon.colcon_core.environment:checking '/home/ljhua/ROBOCON2026/lidar_test/rc2026/install/imu_complementary_filter/bin'
[1.105s] INFO:colcon.colcon_core.shell:Creating package script '/home/ljhua/ROBOCON2026/lidar_test/rc2026/install/imu_complementary_filter/share/imu_complementary_filter/package.ps1'
[1.105s] INFO:colcon.colcon_core.shell:Creating package descriptor '/home/ljhua/ROBOCON2026/lidar_test/rc2026/install/imu_complementary_filter/share/imu_complementary_filter/package.dsv'
[1.105s] INFO:colcon.colcon_core.shell:Creating package script '/home/ljhua/ROBOCON2026/lidar_test/rc2026/install/imu_complementary_filter/share/imu_complementary_filter/package.sh'
[1.105s] INFO:colcon.colcon_core.shell:Creating package script '/home/ljhua/ROBOCON2026/lidar_test/rc2026/install/imu_complementary_filter/share/imu_complementary_filter/package.bash'
[1.106s] INFO:colcon.colcon_core.shell:Creating package script '/home/ljhua/ROBOCON2026/lidar_test/rc2026/install/imu_complementary_filter/share/imu_complementary_filter/package.zsh'
[1.106s] Level 1:colcon.colcon_core.environment:create_file_with_runtime_dependencies(/home/ljhua/ROBOCON2026/lidar_test/rc2026/install/imu_complementary_filter/share/colcon-core/packages/imu_complementary_filter)
[1.106s] Level 1:colcon.colcon_core.environment:create_environment_scripts_only(imu_complementary_filter)
[1.106s] Level 1:colcon.colcon_core.environment:checking '/home/ljhua/ROBOCON2026/lidar_test/rc2026/install/imu_complementary_filter' for CMake module files
[1.107s] Level 1:colcon.colcon_core.environment:checking '/home/ljhua/ROBOCON2026/lidar_test/rc2026/install/imu_complementary_filter' for CMake config files
[1.107s] Level 1:colcon.colcon_core.shell:create_environment_hook('imu_complementary_filter', 'cmake_prefix_path')
[1.107s] INFO:colcon.colcon_core.shell:Creating environment hook '/home/ljhua/ROBOCON2026/lidar_test/rc2026/install/imu_complementary_filter/share/imu_complementary_filter/hook/cmake_prefix_path.ps1'
[1.107s] INFO:colcon.colcon_core.shell:Creating environment descriptor '/home/ljhua/ROBOCON2026/lidar_test/rc2026/install/imu_complementary_filter/share/imu_complementary_filter/hook/cmake_prefix_path.dsv'
[1.107s] INFO:colcon.colcon_core.shell:Creating environment hook '/home/ljhua/ROBOCON2026/lidar_test/rc2026/install/imu_complementary_filter/share/imu_complementary_filter/hook/cmake_prefix_path.sh'
[1.108s] Level 1:colcon.colcon_core.environment:checking '/home/ljhua/ROBOCON2026/lidar_test/rc2026/install/imu_complementary_filter/lib'
[1.108s] Level 1:colcon.colcon_core.shell:create_environment_hook('imu_complementary_filter', 'ld_library_path_lib')
[1.108s] INFO:colcon.colcon_core.shell:Creating environment hook '/home/ljhua/ROBOCON2026/lidar_test/rc2026/install/imu_complementary_filter/share/imu_complementary_filter/hook/ld_library_path_lib.ps1'
[1.108s] INFO:colcon.colcon_core.shell:Creating environment descriptor '/home/ljhua/ROBOCON2026/lidar_test/rc2026/install/imu_complementary_filter/share/imu_complementary_filter/hook/ld_library_path_lib.dsv'
[1.108s] INFO:colcon.colcon_core.shell:Creating environment hook '/home/ljhua/ROBOCON2026/lidar_test/rc2026/install/imu_complementary_filter/share/imu_complementary_filter/hook/ld_library_path_lib.sh'
[1.108s] Level 1:colcon.colcon_core.environment:checking '/home/ljhua/ROBOCON2026/lidar_test/rc2026/install/imu_complementary_filter/bin'
[1.109s] Level 1:colcon.colcon_core.environment:checking '/home/ljhua/ROBOCON2026/lidar_test/rc2026/install/imu_complementary_filter/lib/pkgconfig/imu_complementary_filter.pc'
[1.109s] Level 1:colcon.colcon_core.environment:checking '/home/ljhua/ROBOCON2026/lidar_test/rc2026/install/imu_complementary_filter/lib/python3.10/site-packages'
[1.109s] Level 1:colcon.colcon_core.environment:checking '/home/ljhua/ROBOCON2026/lidar_test/rc2026/install/imu_complementary_filter/bin'
[1.109s] INFO:colcon.colcon_core.shell:Creating package script '/home/ljhua/ROBOCON2026/lidar_test/rc2026/install/imu_complementary_filter/share/imu_complementary_filter/package.ps1'
[1.109s] INFO:colcon.colcon_core.shell:Creating package descriptor '/home/ljhua/ROBOCON2026/lidar_test/rc2026/install/imu_complementary_filter/share/imu_complementary_filter/package.dsv'
[1.110s] INFO:colcon.colcon_core.shell:Creating package script '/home/ljhua/ROBOCON2026/lidar_test/rc2026/install/imu_complementary_filter/share/imu_complementary_filter/package.sh'
[1.110s] INFO:colcon.colcon_core.shell:Creating package script '/home/ljhua/ROBOCON2026/lidar_test/rc2026/install/imu_complementary_filter/share/imu_complementary_filter/package.bash'
[1.111s] INFO:colcon.colcon_core.shell:Creating package script '/home/ljhua/ROBOCON2026/lidar_test/rc2026/install/imu_complementary_filter/share/imu_complementary_filter/package.zsh'
[1.111s] Level 1:colcon.colcon_core.environment:create_file_with_runtime_dependencies(/home/ljhua/ROBOCON2026/lidar_test/rc2026/install/imu_complementary_filter/share/colcon-core/packages/imu_complementary_filter)
[1.112s] Level 1:colcon.colcon_core.environment:create_environment_scripts_only(icp_localization_ros2)
[1.113s] Level 1:colcon.colcon_core.environment:checking '/home/ljhua/ROBOCON2026/lidar_test/rc2026/install/icp_localization_ros2' for CMake module files
[1.113s] DEBUG:colcon.colcon_core.event_handler.log_command:Invoked command in '/home/ljhua/ROBOCON2026/lidar_test/rc2026/build/icp_localization_ros2' returned '0': CMAKE_PREFIX_PATH=/opt/ros/humble /usr/bin/cmake --install /home/ljhua/ROBOCON2026/lidar_test/rc2026/build/icp_localization_ros2
[1.114s] Level 1:colcon.colcon_core.environment:checking '/home/ljhua/ROBOCON2026/lidar_test/rc2026/install/icp_localization_ros2' for CMake config files
[1.115s] Level 1:colcon.colcon_core.shell:create_environment_hook('icp_localization_ros2', 'cmake_prefix_path')
[1.115s] INFO:colcon.colcon_core.shell:Creating environment hook '/home/ljhua/ROBOCON2026/lidar_test/rc2026/install/icp_localization_ros2/share/icp_localization_ros2/hook/cmake_prefix_path.ps1'
[1.115s] INFO:colcon.colcon_core.shell:Creating environment descriptor '/home/ljhua/ROBOCON2026/lidar_test/rc2026/install/icp_localization_ros2/share/icp_localization_ros2/hook/cmake_prefix_path.dsv'
[1.116s] INFO:colcon.colcon_core.shell:Creating environment hook '/home/ljhua/ROBOCON2026/lidar_test/rc2026/install/icp_localization_ros2/share/icp_localization_ros2/hook/cmake_prefix_path.sh'
[1.117s] Level 1:colcon.colcon_core.environment:checking '/home/ljhua/ROBOCON2026/lidar_test/rc2026/install/icp_localization_ros2/lib'
[1.117s] Level 1:colcon.colcon_core.environment:checking '/home/ljhua/ROBOCON2026/lidar_test/rc2026/install/icp_localization_ros2/bin'
[1.117s] Level 1:colcon.colcon_core.environment:checking '/home/ljhua/ROBOCON2026/lidar_test/rc2026/install/icp_localization_ros2/lib/pkgconfig/icp_localization_ros2.pc'
[1.117s] Level 1:colcon.colcon_core.environment:checking '/home/ljhua/ROBOCON2026/lidar_test/rc2026/install/icp_localization_ros2/lib/python3.10/site-packages'
[1.117s] Level 1:colcon.colcon_core.environment:checking '/home/ljhua/ROBOCON2026/lidar_test/rc2026/install/icp_localization_ros2/bin'
[1.117s] INFO:colcon.colcon_core.shell:Creating package script '/home/ljhua/ROBOCON2026/lidar_test/rc2026/install/icp_localization_ros2/share/icp_localization_ros2/package.ps1'
[1.118s] INFO:colcon.colcon_core.shell:Creating package descriptor '/home/ljhua/ROBOCON2026/lidar_test/rc2026/install/icp_localization_ros2/share/icp_localization_ros2/package.dsv'
[1.118s] INFO:colcon.colcon_core.shell:Creating package script '/home/ljhua/ROBOCON2026/lidar_test/rc2026/install/icp_localization_ros2/share/icp_localization_ros2/package.sh'
[1.118s] INFO:colcon.colcon_core.shell:Creating package script '/home/ljhua/ROBOCON2026/lidar_test/rc2026/install/icp_localization_ros2/share/icp_localization_ros2/package.bash'
[1.119s] INFO:colcon.colcon_core.shell:Creating package script '/home/ljhua/ROBOCON2026/lidar_test/rc2026/install/icp_localization_ros2/share/icp_localization_ros2/package.zsh'
[1.119s] Level 1:colcon.colcon_core.environment:create_file_with_runtime_dependencies(/home/ljhua/ROBOCON2026/lidar_test/rc2026/install/icp_localization_ros2/share/colcon-core/packages/icp_localization_ros2)
[1.119s] Level 1:colcon.colcon_core.environment:create_environment_scripts_only(icp_localization_ros2)
[1.119s] Level 1:colcon.colcon_core.environment:checking '/home/ljhua/ROBOCON2026/lidar_test/rc2026/install/icp_localization_ros2' for CMake module files
[1.119s] Level 1:colcon.colcon_core.environment:checking '/home/ljhua/ROBOCON2026/lidar_test/rc2026/install/icp_localization_ros2' for CMake config files
[1.120s] Level 1:colcon.colcon_core.shell:create_environment_hook('icp_localization_ros2', 'cmake_prefix_path')
[1.120s] INFO:colcon.colcon_core.shell:Creating environment hook '/home/ljhua/ROBOCON2026/lidar_test/rc2026/install/icp_localization_ros2/share/icp_localization_ros2/hook/cmake_prefix_path.ps1'
[1.120s] INFO:colcon.colcon_core.shell:Creating environment descriptor '/home/ljhua/ROBOCON2026/lidar_test/rc2026/install/icp_localization_ros2/share/icp_localization_ros2/hook/cmake_prefix_path.dsv'
[1.120s] INFO:colcon.colcon_core.shell:Creating environment hook '/home/ljhua/ROBOCON2026/lidar_test/rc2026/install/icp_localization_ros2/share/icp_localization_ros2/hook/cmake_prefix_path.sh'
[1.121s] Level 1:colcon.colcon_core.environment:checking '/home/ljhua/ROBOCON2026/lidar_test/rc2026/install/icp_localization_ros2/lib'
[1.121s] Level 1:colcon.colcon_core.environment:checking '/home/ljhua/ROBOCON2026/lidar_test/rc2026/install/icp_localization_ros2/bin'
[1.121s] Level 1:colcon.colcon_core.environment:checking '/home/ljhua/ROBOCON2026/lidar_test/rc2026/install/icp_localization_ros2/lib/pkgconfig/icp_localization_ros2.pc'
[1.121s] Level 1:colcon.colcon_core.environment:checking '/home/ljhua/ROBOCON2026/lidar_test/rc2026/install/icp_localization_ros2/lib/python3.10/site-packages'
[1.121s] Level 1:colcon.colcon_core.environment:checking '/home/ljhua/ROBOCON2026/lidar_test/rc2026/install/icp_localization_ros2/bin'
[1.121s] INFO:colcon.colcon_core.shell:Creating package script '/home/ljhua/ROBOCON2026/lidar_test/rc2026/install/icp_localization_ros2/share/icp_localization_ros2/package.ps1'
[1.121s] INFO:colcon.colcon_core.shell:Creating package descriptor '/home/ljhua/ROBOCON2026/lidar_test/rc2026/install/icp_localization_ros2/share/icp_localization_ros2/package.dsv'
[1.122s] INFO:colcon.colcon_core.shell:Creating package script '/home/ljhua/ROBOCON2026/lidar_test/rc2026/install/icp_localization_ros2/share/icp_localization_ros2/package.sh'
[1.122s] INFO:colcon.colcon_core.shell:Creating package script '/home/ljhua/ROBOCON2026/lidar_test/rc2026/install/icp_localization_ros2/share/icp_localization_ros2/package.bash'
[1.122s] INFO:colcon.colcon_core.shell:Creating package script '/home/ljhua/ROBOCON2026/lidar_test/rc2026/install/icp_localization_ros2/share/icp_localization_ros2/package.zsh'
[1.122s] Level 1:colcon.colcon_core.environment:create_file_with_runtime_dependencies(/home/ljhua/ROBOCON2026/lidar_test/rc2026/install/icp_localization_ros2/share/colcon-core/packages/icp_localization_ros2)
[1.122s] Level 1:colcon.colcon_core.environment:create_environment_scripts_only(pointcloud_to_laserscan)
[1.123s] Level 1:colcon.colcon_core.environment:checking '/home/ljhua/ROBOCON2026/lidar_test/rc2026/install/pointcloud_to_laserscan' for CMake module files
[1.123s] DEBUG:colcon.colcon_core.event_handler.log_command:Invoked command in '/home/ljhua/ROBOCON2026/lidar_test/rc2026/build/pointcloud_to_laserscan' returned '0': CMAKE_PREFIX_PATH=/opt/ros/humble /usr/bin/cmake --install /home/ljhua/ROBOCON2026/lidar_test/rc2026/build/pointcloud_to_laserscan
[1.123s] Level 1:colcon.colcon_core.environment:checking '/home/ljhua/ROBOCON2026/lidar_test/rc2026/install/pointcloud_to_laserscan' for CMake config files
[1.124s] Level 1:colcon.colcon_core.shell:create_environment_hook('pointcloud_to_laserscan', 'cmake_prefix_path')
[1.124s] INFO:colcon.colcon_core.shell:Creating environment hook '/home/ljhua/ROBOCON2026/lidar_test/rc2026/install/pointcloud_to_laserscan/share/pointcloud_to_laserscan/hook/cmake_prefix_path.ps1'
[1.124s] INFO:colcon.colcon_core.shell:Creating environment descriptor '/home/ljhua/ROBOCON2026/lidar_test/rc2026/install/pointcloud_to_laserscan/share/pointcloud_to_laserscan/hook/cmake_prefix_path.dsv'
[1.124s] INFO:colcon.colcon_core.shell:Creating environment hook '/home/ljhua/ROBOCON2026/lidar_test/rc2026/install/pointcloud_to_laserscan/share/pointcloud_to_laserscan/hook/cmake_prefix_path.sh'
[1.125s] Level 1:colcon.colcon_core.environment:checking '/home/ljhua/ROBOCON2026/lidar_test/rc2026/install/pointcloud_to_laserscan/lib'
[1.125s] Level 1:colcon.colcon_core.shell:create_environment_hook('pointcloud_to_laserscan', 'ld_library_path_lib')
[1.125s] INFO:colcon.colcon_core.shell:Creating environment hook '/home/ljhua/ROBOCON2026/lidar_test/rc2026/install/pointcloud_to_laserscan/share/pointcloud_to_laserscan/hook/ld_library_path_lib.ps1'
[1.125s] INFO:colcon.colcon_core.shell:Creating environment descriptor '/home/ljhua/ROBOCON2026/lidar_test/rc2026/install/pointcloud_to_laserscan/share/pointcloud_to_laserscan/hook/ld_library_path_lib.dsv'
[1.125s] INFO:colcon.colcon_core.shell:Creating environment hook '/home/ljhua/ROBOCON2026/lidar_test/rc2026/install/pointcloud_to_laserscan/share/pointcloud_to_laserscan/hook/ld_library_path_lib.sh'
[1.125s] Level 1:colcon.colcon_core.environment:checking '/home/ljhua/ROBOCON2026/lidar_test/rc2026/install/pointcloud_to_laserscan/bin'
[1.125s] Level 1:colcon.colcon_core.environment:checking '/home/ljhua/ROBOCON2026/lidar_test/rc2026/install/pointcloud_to_laserscan/lib/pkgconfig/pointcloud_to_laserscan.pc'
[1.126s] Level 1:colcon.colcon_core.environment:checking '/home/ljhua/ROBOCON2026/lidar_test/rc2026/install/pointcloud_to_laserscan/lib/python3.10/site-packages'
[1.126s] Level 1:colcon.colcon_core.environment:checking '/home/ljhua/ROBOCON2026/lidar_test/rc2026/install/pointcloud_to_laserscan/bin'
[1.126s] INFO:colcon.colcon_core.shell:Creating package script '/home/ljhua/ROBOCON2026/lidar_test/rc2026/install/pointcloud_to_laserscan/share/pointcloud_to_laserscan/package.ps1'
[1.126s] INFO:colcon.colcon_core.shell:Creating package descriptor '/home/ljhua/ROBOCON2026/lidar_test/rc2026/install/pointcloud_to_laserscan/share/pointcloud_to_laserscan/package.dsv'
[1.126s] INFO:colcon.colcon_core.shell:Creating package script '/home/ljhua/ROBOCON2026/lidar_test/rc2026/install/pointcloud_to_laserscan/share/pointcloud_to_laserscan/package.sh'
[1.127s] INFO:colcon.colcon_core.shell:Creating package script '/home/ljhua/ROBOCON2026/lidar_test/rc2026/install/pointcloud_to_laserscan/share/pointcloud_to_laserscan/package.bash'
[1.127s] INFO:colcon.colcon_core.shell:Creating package script '/home/ljhua/ROBOCON2026/lidar_test/rc2026/install/pointcloud_to_laserscan/share/pointcloud_to_laserscan/package.zsh'
[1.127s] Level 1:colcon.colcon_core.environment:create_file_with_runtime_dependencies(/home/ljhua/ROBOCON2026/lidar_test/rc2026/install/pointcloud_to_laserscan/share/colcon-core/packages/pointcloud_to_laserscan)
[1.127s] Level 1:colcon.colcon_core.environment:create_environment_scripts_only(pointcloud_to_laserscan)
[1.127s] Level 1:colcon.colcon_core.environment:checking '/home/ljhua/ROBOCON2026/lidar_test/rc2026/install/pointcloud_to_laserscan' for CMake module files
[1.128s] Level 1:colcon.colcon_core.environment:checking '/home/ljhua/ROBOCON2026/lidar_test/rc2026/install/pointcloud_to_laserscan' for CMake config files
[1.128s] Level 1:colcon.colcon_core.shell:create_environment_hook('pointcloud_to_laserscan', 'cmake_prefix_path')
[1.128s] INFO:colcon.colcon_core.shell:Creating environment hook '/home/ljhua/ROBOCON2026/lidar_test/rc2026/install/pointcloud_to_laserscan/share/pointcloud_to_laserscan/hook/cmake_prefix_path.ps1'
[1.128s] INFO:colcon.colcon_core.shell:Creating environment descriptor '/home/ljhua/ROBOCON2026/lidar_test/rc2026/install/pointcloud_to_laserscan/share/pointcloud_to_laserscan/hook/cmake_prefix_path.dsv'
[1.128s] INFO:colcon.colcon_core.shell:Creating environment hook '/home/ljhua/ROBOCON2026/lidar_test/rc2026/install/pointcloud_to_laserscan/share/pointcloud_to_laserscan/hook/cmake_prefix_path.sh'
[1.129s] Level 1:colcon.colcon_core.environment:checking '/home/ljhua/ROBOCON2026/lidar_test/rc2026/install/pointcloud_to_laserscan/lib'
[1.129s] Level 1:colcon.colcon_core.shell:create_environment_hook('pointcloud_to_laserscan', 'ld_library_path_lib')
[1.129s] INFO:colcon.colcon_core.shell:Creating environment hook '/home/ljhua/ROBOCON2026/lidar_test/rc2026/install/pointcloud_to_laserscan/share/pointcloud_to_laserscan/hook/ld_library_path_lib.ps1'
[1.129s] INFO:colcon.colcon_core.shell:Creating environment descriptor '/home/ljhua/ROBOCON2026/lidar_test/rc2026/install/pointcloud_to_laserscan/share/pointcloud_to_laserscan/hook/ld_library_path_lib.dsv'
[1.129s] INFO:colcon.colcon_core.shell:Creating environment hook '/home/ljhua/ROBOCON2026/lidar_test/rc2026/install/pointcloud_to_laserscan/share/pointcloud_to_laserscan/hook/ld_library_path_lib.sh'
[1.129s] Level 1:colcon.colcon_core.environment:checking '/home/ljhua/ROBOCON2026/lidar_test/rc2026/install/pointcloud_to_laserscan/bin'
[1.130s] Level 1:colcon.colcon_core.environment:checking '/home/ljhua/ROBOCON2026/lidar_test/rc2026/install/pointcloud_to_laserscan/lib/pkgconfig/pointcloud_to_laserscan.pc'
[1.130s] Level 1:colcon.colcon_core.environment:checking '/home/ljhua/ROBOCON2026/lidar_test/rc2026/install/pointcloud_to_laserscan/lib/python3.10/site-packages'
[1.130s] Level 1:colcon.colcon_core.environment:checking '/home/ljhua/ROBOCON2026/lidar_test/rc2026/install/pointcloud_to_laserscan/bin'
[1.130s] INFO:colcon.colcon_core.shell:Creating package script '/home/ljhua/ROBOCON2026/lidar_test/rc2026/install/pointcloud_to_laserscan/share/pointcloud_to_laserscan/package.ps1'
[1.130s] INFO:colcon.colcon_core.shell:Creating package descriptor '/home/ljhua/ROBOCON2026/lidar_test/rc2026/install/pointcloud_to_laserscan/share/pointcloud_to_laserscan/package.dsv'
[1.131s] INFO:colcon.colcon_core.shell:Creating package script '/home/ljhua/ROBOCON2026/lidar_test/rc2026/install/pointcloud_to_laserscan/share/pointcloud_to_laserscan/package.sh'
[1.131s] INFO:colcon.colcon_core.shell:Creating package script '/home/ljhua/ROBOCON2026/lidar_test/rc2026/install/pointcloud_to_laserscan/share/pointcloud_to_laserscan/package.bash'
[1.131s] INFO:colcon.colcon_core.shell:Creating package script '/home/ljhua/ROBOCON2026/lidar_test/rc2026/install/pointcloud_to_laserscan/share/pointcloud_to_laserscan/package.zsh'
[1.131s] Level 1:colcon.colcon_core.environment:create_file_with_runtime_dependencies(/home/ljhua/ROBOCON2026/lidar_test/rc2026/install/pointcloud_to_laserscan/share/colcon-core/packages/pointcloud_to_laserscan)
[1.132s] DEBUG:colcon.colcon_core.event_handler.log_command:Invoked command in '/home/ljhua/ROBOCON2026/lidar_test/rc2026/build/rplidar_ros' returned '0': CMAKE_PREFIX_PATH=/opt/ros/humble /usr/bin/cmake --build /home/ljhua/ROBOCON2026/lidar_test/rc2026/build/rplidar_ros -- -j20 -l20
[1.133s] DEBUG:colcon.colcon_core.event_handler.log_command:Invoking command in '/home/ljhua/ROBOCON2026/lidar_test/rc2026/build/rplidar_ros': CMAKE_PREFIX_PATH=/opt/ros/humble /usr/bin/cmake --install /home/ljhua/ROBOCON2026/lidar_test/rc2026/build/rplidar_ros
[1.133s] Level 1:colcon.colcon_core.environment:create_environment_scripts_only(rm_navigation)
[1.133s] DEBUG:colcon.colcon_core.event_handler.log_command:Invoked command in '/home/ljhua/ROBOCON2026/lidar_test/rc2026/build/rm_navigation' returned '0': CMAKE_PREFIX_PATH=/opt/ros/humble /usr/bin/cmake --install /home/ljhua/ROBOCON2026/lidar_test/rc2026/build/rm_navigation
[1.134s] Level 1:colcon.colcon_core.environment:checking '/home/ljhua/ROBOCON2026/lidar_test/rc2026/install/rm_navigation' for CMake module files
[1.134s] Level 1:colcon.colcon_core.environment:checking '/home/ljhua/ROBOCON2026/lidar_test/rc2026/install/rm_navigation' for CMake config files
[1.135s] Level 1:colcon.colcon_core.shell:create_environment_hook('rm_navigation', 'cmake_prefix_path')
[1.135s] INFO:colcon.colcon_core.shell:Creating environment hook '/home/ljhua/ROBOCON2026/lidar_test/rc2026/install/rm_navigation/share/rm_navigation/hook/cmake_prefix_path.ps1'
[1.136s] INFO:colcon.colcon_core.shell:Creating environment descriptor '/home/ljhua/ROBOCON2026/lidar_test/rc2026/install/rm_navigation/share/rm_navigation/hook/cmake_prefix_path.dsv'
[1.136s] INFO:colcon.colcon_core.shell:Creating environment hook '/home/ljhua/ROBOCON2026/lidar_test/rc2026/install/rm_navigation/share/rm_navigation/hook/cmake_prefix_path.sh'
[1.137s] Level 1:colcon.colcon_core.environment:checking '/home/ljhua/ROBOCON2026/lidar_test/rc2026/install/rm_navigation/bin'
[1.137s] Level 1:colcon.colcon_core.environment:checking '/home/ljhua/ROBOCON2026/lidar_test/rc2026/install/rm_navigation/lib/pkgconfig/rm_navigation.pc'
[1.137s] Level 1:colcon.colcon_core.environment:checking '/home/ljhua/ROBOCON2026/lidar_test/rc2026/install/rm_navigation/lib/python3.10/site-packages'
[1.138s] Level 1:colcon.colcon_core.environment:checking '/home/ljhua/ROBOCON2026/lidar_test/rc2026/install/rm_navigation/bin'
[1.138s] INFO:colcon.colcon_core.shell:Creating package script '/home/ljhua/ROBOCON2026/lidar_test/rc2026/install/rm_navigation/share/rm_navigation/package.ps1'
[1.138s] INFO:colcon.colcon_core.shell:Creating package descriptor '/home/ljhua/ROBOCON2026/lidar_test/rc2026/install/rm_navigation/share/rm_navigation/package.dsv'
[1.139s] INFO:colcon.colcon_core.shell:Creating package script '/home/ljhua/ROBOCON2026/lidar_test/rc2026/install/rm_navigation/share/rm_navigation/package.sh'
[1.139s] INFO:colcon.colcon_core.shell:Creating package script '/home/ljhua/ROBOCON2026/lidar_test/rc2026/install/rm_navigation/share/rm_navigation/package.bash'
[1.139s] INFO:colcon.colcon_core.shell:Creating package script '/home/ljhua/ROBOCON2026/lidar_test/rc2026/install/rm_navigation/share/rm_navigation/package.zsh'
[1.139s] Level 1:colcon.colcon_core.environment:create_file_with_runtime_dependencies(/home/ljhua/ROBOCON2026/lidar_test/rc2026/install/rm_navigation/share/colcon-core/packages/rm_navigation)
[1.140s] Level 1:colcon.colcon_core.environment:create_environment_scripts_only(rm_navigation)
[1.140s] Level 1:colcon.colcon_core.environment:checking '/home/ljhua/ROBOCON2026/lidar_test/rc2026/install/rm_navigation' for CMake module files
[1.140s] Level 1:colcon.colcon_core.environment:checking '/home/ljhua/ROBOCON2026/lidar_test/rc2026/install/rm_navigation' for CMake config files
[1.140s] Level 1:colcon.colcon_core.shell:create_environment_hook('rm_navigation', 'cmake_prefix_path')
[1.140s] INFO:colcon.colcon_core.shell:Creating environment hook '/home/ljhua/ROBOCON2026/lidar_test/rc2026/install/rm_navigation/share/rm_navigation/hook/cmake_prefix_path.ps1'
[1.141s] INFO:colcon.colcon_core.shell:Creating environment descriptor '/home/ljhua/ROBOCON2026/lidar_test/rc2026/install/rm_navigation/share/rm_navigation/hook/cmake_prefix_path.dsv'
[1.141s] INFO:colcon.colcon_core.shell:Creating environment hook '/home/ljhua/ROBOCON2026/lidar_test/rc2026/install/rm_navigation/share/rm_navigation/hook/cmake_prefix_path.sh'
[1.141s] Level 1:colcon.colcon_core.environment:checking '/home/ljhua/ROBOCON2026/lidar_test/rc2026/install/rm_navigation/bin'
[1.141s] Level 1:colcon.colcon_core.environment:checking '/home/ljhua/ROBOCON2026/lidar_test/rc2026/install/rm_navigation/lib/pkgconfig/rm_navigation.pc'
[1.141s] Level 1:colcon.colcon_core.environment:checking '/home/ljhua/ROBOCON2026/lidar_test/rc2026/install/rm_navigation/lib/python3.10/site-packages'
[1.141s] Level 1:colcon.colcon_core.environment:checking '/home/ljhua/ROBOCON2026/lidar_test/rc2026/install/rm_navigation/bin'
[1.142s] INFO:colcon.colcon_core.shell:Creating package script '/home/ljhua/ROBOCON2026/lidar_test/rc2026/install/rm_navigation/share/rm_navigation/package.ps1'
[1.142s] INFO:colcon.colcon_core.shell:Creating package descriptor '/home/ljhua/ROBOCON2026/lidar_test/rc2026/install/rm_navigation/share/rm_navigation/package.dsv'
[1.142s] INFO:colcon.colcon_core.shell:Creating package script '/home/ljhua/ROBOCON2026/lidar_test/rc2026/install/rm_navigation/share/rm_navigation/package.sh'
[1.142s] INFO:colcon.colcon_core.shell:Creating package script '/home/ljhua/ROBOCON2026/lidar_test/rc2026/install/rm_navigation/share/rm_navigation/package.bash'
[1.143s] INFO:colcon.colcon_core.shell:Creating package script '/home/ljhua/ROBOCON2026/lidar_test/rc2026/install/rm_navigation/share/rm_navigation/package.zsh'
[1.143s] Level 1:colcon.colcon_core.environment:create_file_with_runtime_dependencies(/home/ljhua/ROBOCON2026/lidar_test/rc2026/install/rm_navigation/share/colcon-core/packages/rm_navigation)
[1.150s] Level 1:colcon.colcon_core.environment:create_environment_scripts_only(livox_ros_driver2)
[1.150s] Level 1:colcon.colcon_core.environment:checking '/home/ljhua/ROBOCON2026/lidar_test/rc2026/install/livox_ros_driver2' for CMake module files
[1.151s] DEBUG:colcon.colcon_core.event_handler.log_command:Invoking command in '/home/ljhua/ROBOCON2026/lidar_test/rc2026/build/linefit_ground_segmentation_ros': AMENT_PREFIX_PATH=/home/ljhua/ROBOCON2026/lidar_test/rc2026/install/linefit_ground_segmentation:${AMENT_PREFIX_PATH} CMAKE_PREFIX_PATH=/home/ljhua/ROBOCON2026/lidar_test/rc2026/install/linefit_ground_segmentation:/opt/ros/humble LD_LIBRARY_PATH=/home/ljhua/ROBOCON2026/lidar_test/rc2026/install/linefit_ground_segmentation/lib:${LD_LIBRARY_PATH} /usr/bin/cmake --build /home/ljhua/ROBOCON2026/lidar_test/rc2026/build/linefit_ground_segmentation_ros -- -j20 -l20
[1.152s] DEBUG:colcon.colcon_core.event_handler.log_command:Invoked command in '/home/ljhua/ROBOCON2026/lidar_test/rc2026/build/livox_ros_driver2' returned '0': CMAKE_PREFIX_PATH=/opt/ros/humble /usr/bin/cmake --install /home/ljhua/ROBOCON2026/lidar_test/rc2026/build/livox_ros_driver2
[1.152s] Level 1:colcon.colcon_core.environment:checking '/home/ljhua/ROBOCON2026/lidar_test/rc2026/install/livox_ros_driver2' for CMake config files
[1.153s] Level 1:colcon.colcon_core.shell:create_environment_hook('livox_ros_driver2', 'cmake_prefix_path')
[1.153s] INFO:colcon.colcon_core.shell:Creating environment hook '/home/ljhua/ROBOCON2026/lidar_test/rc2026/install/livox_ros_driver2/share/livox_ros_driver2/hook/cmake_prefix_path.ps1'
[1.154s] INFO:colcon.colcon_core.shell:Creating environment descriptor '/home/ljhua/ROBOCON2026/lidar_test/rc2026/install/livox_ros_driver2/share/livox_ros_driver2/hook/cmake_prefix_path.dsv'
[1.154s] INFO:colcon.colcon_core.shell:Creating environment hook '/home/ljhua/ROBOCON2026/lidar_test/rc2026/install/livox_ros_driver2/share/livox_ros_driver2/hook/cmake_prefix_path.sh'
[1.154s] Level 1:colcon.colcon_core.environment:checking '/home/ljhua/ROBOCON2026/lidar_test/rc2026/install/livox_ros_driver2/lib'
[1.154s] Level 1:colcon.colcon_core.shell:create_environment_hook('livox_ros_driver2', 'ld_library_path_lib')
[1.154s] INFO:colcon.colcon_core.shell:Creating environment hook '/home/ljhua/ROBOCON2026/lidar_test/rc2026/install/livox_ros_driver2/share/livox_ros_driver2/hook/ld_library_path_lib.ps1'
[1.154s] INFO:colcon.colcon_core.shell:Creating environment descriptor '/home/ljhua/ROBOCON2026/lidar_test/rc2026/install/livox_ros_driver2/share/livox_ros_driver2/hook/ld_library_path_lib.dsv'
[1.155s] INFO:colcon.colcon_core.shell:Creating environment hook '/home/ljhua/ROBOCON2026/lidar_test/rc2026/install/livox_ros_driver2/share/livox_ros_driver2/hook/ld_library_path_lib.sh'
[1.155s] Level 1:colcon.colcon_core.environment:checking '/home/ljhua/ROBOCON2026/lidar_test/rc2026/install/livox_ros_driver2/bin'
[1.155s] Level 1:colcon.colcon_core.environment:checking '/home/ljhua/ROBOCON2026/lidar_test/rc2026/install/livox_ros_driver2/lib/pkgconfig/livox_ros_driver2.pc'
[1.155s] Level 1:colcon.colcon_core.environment:checking '/home/ljhua/ROBOCON2026/lidar_test/rc2026/install/livox_ros_driver2/lib/python3.10/site-packages'
[1.155s] Level 1:colcon.colcon_core.environment:checking '/home/ljhua/ROBOCON2026/lidar_test/rc2026/install/livox_ros_driver2/bin'
[1.155s] INFO:colcon.colcon_core.shell:Creating package script '/home/ljhua/ROBOCON2026/lidar_test/rc2026/install/livox_ros_driver2/share/livox_ros_driver2/package.ps1'
[1.156s] INFO:colcon.colcon_core.shell:Creating package descriptor '/home/ljhua/ROBOCON2026/lidar_test/rc2026/install/livox_ros_driver2/share/livox_ros_driver2/package.dsv'
[1.157s] INFO:colcon.colcon_core.shell:Creating package script '/home/ljhua/ROBOCON2026/lidar_test/rc2026/install/livox_ros_driver2/share/livox_ros_driver2/package.sh'
[1.158s] INFO:colcon.colcon_core.shell:Creating package script '/home/ljhua/ROBOCON2026/lidar_test/rc2026/install/livox_ros_driver2/share/livox_ros_driver2/package.bash'
[1.158s] INFO:colcon.colcon_core.shell:Creating package script '/home/ljhua/ROBOCON2026/lidar_test/rc2026/install/livox_ros_driver2/share/livox_ros_driver2/package.zsh'
[1.158s] Level 1:colcon.colcon_core.environment:create_file_with_runtime_dependencies(/home/ljhua/ROBOCON2026/lidar_test/rc2026/install/livox_ros_driver2/share/colcon-core/packages/livox_ros_driver2)
[1.159s] Level 1:colcon.colcon_core.environment:create_environment_scripts_only(livox_ros_driver2)
[1.159s] Level 1:colcon.colcon_core.environment:checking '/home/ljhua/ROBOCON2026/lidar_test/rc2026/install/livox_ros_driver2' for CMake module files
[1.160s] Level 1:colcon.colcon_core.environment:checking '/home/ljhua/ROBOCON2026/lidar_test/rc2026/install/livox_ros_driver2' for CMake config files
[1.161s] Level 1:colcon.colcon_core.shell:create_environment_hook('livox_ros_driver2', 'cmake_prefix_path')
[1.161s] INFO:colcon.colcon_core.shell:Creating environment hook '/home/ljhua/ROBOCON2026/lidar_test/rc2026/install/livox_ros_driver2/share/livox_ros_driver2/hook/cmake_prefix_path.ps1'
[1.162s] INFO:colcon.colcon_core.shell:Creating environment descriptor '/home/ljhua/ROBOCON2026/lidar_test/rc2026/install/livox_ros_driver2/share/livox_ros_driver2/hook/cmake_prefix_path.dsv'
[1.162s] INFO:colcon.colcon_core.shell:Creating environment hook '/home/ljhua/ROBOCON2026/lidar_test/rc2026/install/livox_ros_driver2/share/livox_ros_driver2/hook/cmake_prefix_path.sh'
[1.163s] Level 1:colcon.colcon_core.environment:checking '/home/ljhua/ROBOCON2026/lidar_test/rc2026/install/livox_ros_driver2/lib'
[1.163s] Level 1:colcon.colcon_core.shell:create_environment_hook('livox_ros_driver2', 'ld_library_path_lib')
[1.163s] INFO:colcon.colcon_core.shell:Creating environment hook '/home/ljhua/ROBOCON2026/lidar_test/rc2026/install/livox_ros_driver2/share/livox_ros_driver2/hook/ld_library_path_lib.ps1'
[1.163s] INFO:colcon.colcon_core.shell:Creating environment descriptor '/home/ljhua/ROBOCON2026/lidar_test/rc2026/install/livox_ros_driver2/share/livox_ros_driver2/hook/ld_library_path_lib.dsv'
[1.163s] INFO:colcon.colcon_core.shell:Creating environment hook '/home/ljhua/ROBOCON2026/lidar_test/rc2026/install/livox_ros_driver2/share/livox_ros_driver2/hook/ld_library_path_lib.sh'
[1.163s] Level 1:colcon.colcon_core.environment:checking '/home/ljhua/ROBOCON2026/lidar_test/rc2026/install/livox_ros_driver2/bin'
[1.163s] Level 1:colcon.colcon_core.environment:checking '/home/ljhua/ROBOCON2026/lidar_test/rc2026/install/livox_ros_driver2/lib/pkgconfig/livox_ros_driver2.pc'
[1.163s] Level 1:colcon.colcon_core.environment:checking '/home/ljhua/ROBOCON2026/lidar_test/rc2026/install/livox_ros_driver2/lib/python3.10/site-packages'
[1.164s] Level 1:colcon.colcon_core.environment:checking '/home/ljhua/ROBOCON2026/lidar_test/rc2026/install/livox_ros_driver2/bin'
[1.164s] INFO:colcon.colcon_core.shell:Creating package script '/home/ljhua/ROBOCON2026/lidar_test/rc2026/install/livox_ros_driver2/share/livox_ros_driver2/package.ps1'
[1.164s] INFO:colcon.colcon_core.shell:Creating package descriptor '/home/ljhua/ROBOCON2026/lidar_test/rc2026/install/livox_ros_driver2/share/livox_ros_driver2/package.dsv'
[1.164s] INFO:colcon.colcon_core.shell:Creating package script '/home/ljhua/ROBOCON2026/lidar_test/rc2026/install/livox_ros_driver2/share/livox_ros_driver2/package.sh'
[1.165s] INFO:colcon.colcon_core.shell:Creating package script '/home/ljhua/ROBOCON2026/lidar_test/rc2026/install/livox_ros_driver2/share/livox_ros_driver2/package.bash'
[1.165s] INFO:colcon.colcon_core.shell:Creating package script '/home/ljhua/ROBOCON2026/lidar_test/rc2026/install/livox_ros_driver2/share/livox_ros_driver2/package.zsh'
[1.165s] Level 1:colcon.colcon_core.environment:create_file_with_runtime_dependencies(/home/ljhua/ROBOCON2026/lidar_test/rc2026/install/livox_ros_driver2/share/colcon-core/packages/livox_ros_driver2)
[1.165s] INFO:colcon.colcon_ros.task.ament_cmake.build:Building ROS package in '/home/ljhua/ROBOCON2026/lidar_test/rc2026/src/rm_localization/fast_lio' with build type 'ament_cmake'
[1.166s] INFO:colcon.colcon_cmake.task.cmake.build:Building CMake package in '/home/ljhua/ROBOCON2026/lidar_test/rc2026/src/rm_localization/fast_lio'
[1.166s] INFO:colcon.colcon_core.shell:Skip shell extension 'powershell' for command environment: Not usable outside of PowerShell
[1.166s] DEBUG:colcon.colcon_core.shell:Skip shell extension 'dsv' for command environment
[1.168s] Level 1:colcon.colcon_core.environment:create_environment_scripts_only(rplidar_ros)
[1.169s] Level 1:colcon.colcon_core.environment:checking '/home/ljhua/ROBOCON2026/lidar_test/rc2026/install/rplidar_ros' for CMake module files
[1.169s] DEBUG:colcon.colcon_core.event_handler.log_command:Invoked command in '/home/ljhua/ROBOCON2026/lidar_test/rc2026/build/rplidar_ros' returned '0': CMAKE_PREFIX_PATH=/opt/ros/humble /usr/bin/cmake --install /home/ljhua/ROBOCON2026/lidar_test/rc2026/build/rplidar_ros
[1.169s] Level 1:colcon.colcon_core.environment:checking '/home/ljhua/ROBOCON2026/lidar_test/rc2026/install/rplidar_ros' for CMake config files
[1.169s] Level 1:colcon.colcon_core.shell:create_environment_hook('rplidar_ros', 'cmake_prefix_path')
[1.170s] INFO:colcon.colcon_core.shell:Creating environment hook '/home/ljhua/ROBOCON2026/lidar_test/rc2026/install/rplidar_ros/share/rplidar_ros/hook/cmake_prefix_path.ps1'
[1.170s] INFO:colcon.colcon_core.shell:Creating environment descriptor '/home/ljhua/ROBOCON2026/lidar_test/rc2026/install/rplidar_ros/share/rplidar_ros/hook/cmake_prefix_path.dsv'
[1.170s] INFO:colcon.colcon_core.shell:Creating environment hook '/home/ljhua/ROBOCON2026/lidar_test/rc2026/install/rplidar_ros/share/rplidar_ros/hook/cmake_prefix_path.sh'
[1.170s] Level 1:colcon.colcon_core.environment:checking '/home/ljhua/ROBOCON2026/lidar_test/rc2026/install/rplidar_ros/lib'
[1.170s] Level 1:colcon.colcon_core.environment:checking '/home/ljhua/ROBOCON2026/lidar_test/rc2026/install/rplidar_ros/bin'
[1.170s] Level 1:colcon.colcon_core.environment:checking '/home/ljhua/ROBOCON2026/lidar_test/rc2026/install/rplidar_ros/lib/pkgconfig/rplidar_ros.pc'
[1.171s] Level 1:colcon.colcon_core.environment:checking '/home/ljhua/ROBOCON2026/lidar_test/rc2026/install/rplidar_ros/lib/python3.10/site-packages'
[1.171s] Level 1:colcon.colcon_core.environment:checking '/home/ljhua/ROBOCON2026/lidar_test/rc2026/install/rplidar_ros/bin'
[1.171s] INFO:colcon.colcon_core.shell:Creating package script '/home/ljhua/ROBOCON2026/lidar_test/rc2026/install/rplidar_ros/share/rplidar_ros/package.ps1'
[1.171s] INFO:colcon.colcon_core.shell:Creating package descriptor '/home/ljhua/ROBOCON2026/lidar_test/rc2026/install/rplidar_ros/share/rplidar_ros/package.dsv'
[1.171s] INFO:colcon.colcon_core.shell:Creating package script '/home/ljhua/ROBOCON2026/lidar_test/rc2026/install/rplidar_ros/share/rplidar_ros/package.sh'
[1.172s] INFO:colcon.colcon_core.shell:Creating package script '/home/ljhua/ROBOCON2026/lidar_test/rc2026/install/rplidar_ros/share/rplidar_ros/package.bash'
[1.172s] INFO:colcon.colcon_core.shell:Creating package script '/home/ljhua/ROBOCON2026/lidar_test/rc2026/install/rplidar_ros/share/rplidar_ros/package.zsh'
[1.172s] Level 1:colcon.colcon_core.environment:create_file_with_runtime_dependencies(/home/ljhua/ROBOCON2026/lidar_test/rc2026/install/rplidar_ros/share/colcon-core/packages/rplidar_ros)
[1.172s] Level 1:colcon.colcon_core.environment:create_environment_scripts_only(rplidar_ros)
[1.172s] Level 1:colcon.colcon_core.environment:checking '/home/ljhua/ROBOCON2026/lidar_test/rc2026/install/rplidar_ros' for CMake module files
[1.173s] Level 1:colcon.colcon_core.environment:checking '/home/ljhua/ROBOCON2026/lidar_test/rc2026/install/rplidar_ros' for CMake config files
[1.173s] Level 1:colcon.colcon_core.shell:create_environment_hook('rplidar_ros', 'cmake_prefix_path')
[1.173s] INFO:colcon.colcon_core.shell:Creating environment hook '/home/ljhua/ROBOCON2026/lidar_test/rc2026/install/rplidar_ros/share/rplidar_ros/hook/cmake_prefix_path.ps1'
[1.173s] INFO:colcon.colcon_core.shell:Creating environment descriptor '/home/ljhua/ROBOCON2026/lidar_test/rc2026/install/rplidar_ros/share/rplidar_ros/hook/cmake_prefix_path.dsv'
[1.173s] INFO:colcon.colcon_core.shell:Creating environment hook '/home/ljhua/ROBOCON2026/lidar_test/rc2026/install/rplidar_ros/share/rplidar_ros/hook/cmake_prefix_path.sh'
[1.174s] Level 1:colcon.colcon_core.environment:checking '/home/ljhua/ROBOCON2026/lidar_test/rc2026/install/rplidar_ros/lib'
[1.174s] Level 1:colcon.colcon_core.environment:checking '/home/ljhua/ROBOCON2026/lidar_test/rc2026/install/rplidar_ros/bin'
[1.174s] Level 1:colcon.colcon_core.environment:checking '/home/ljhua/ROBOCON2026/lidar_test/rc2026/install/rplidar_ros/lib/pkgconfig/rplidar_ros.pc'
[1.174s] Level 1:colcon.colcon_core.environment:checking '/home/ljhua/ROBOCON2026/lidar_test/rc2026/install/rplidar_ros/lib/python3.10/site-packages'
[1.174s] Level 1:colcon.colcon_core.environment:checking '/home/ljhua/ROBOCON2026/lidar_test/rc2026/install/rplidar_ros/bin'
[1.174s] INFO:colcon.colcon_core.shell:Creating package script '/home/ljhua/ROBOCON2026/lidar_test/rc2026/install/rplidar_ros/share/rplidar_ros/package.ps1'
[1.174s] INFO:colcon.colcon_core.shell:Creating package descriptor '/home/ljhua/ROBOCON2026/lidar_test/rc2026/install/rplidar_ros/share/rplidar_ros/package.dsv'
[1.175s] INFO:colcon.colcon_core.shell:Creating package script '/home/ljhua/ROBOCON2026/lidar_test/rc2026/install/rplidar_ros/share/rplidar_ros/package.sh'
[1.175s] INFO:colcon.colcon_core.shell:Creating package script '/home/ljhua/ROBOCON2026/lidar_test/rc2026/install/rplidar_ros/share/rplidar_ros/package.bash'
[1.175s] INFO:colcon.colcon_core.shell:Creating package script '/home/ljhua/ROBOCON2026/lidar_test/rc2026/install/rplidar_ros/share/rplidar_ros/package.zsh'
[1.175s] Level 1:colcon.colcon_core.environment:create_file_with_runtime_dependencies(/home/ljhua/ROBOCON2026/lidar_test/rc2026/install/rplidar_ros/share/colcon-core/packages/rplidar_ros)
[1.178s] DEBUG:colcon.colcon_core.event_handler.log_command:Invoking command in '/home/ljhua/ROBOCON2026/lidar_test/rc2026/build/fast_lio': AMENT_PREFIX_PATH=/home/ljhua/ROBOCON2026/lidar_test/rc2026/install/livox_ros_driver2:${AMENT_PREFIX_PATH} CMAKE_PREFIX_PATH=/home/ljhua/ROBOCON2026/lidar_test/rc2026/install/livox_ros_driver2:/opt/ros/humble LD_LIBRARY_PATH=/home/ljhua/ROBOCON2026/lidar_test/rc2026/install/livox_ros_driver2/lib:${LD_LIBRARY_PATH} PYTHONPATH=/home/ljhua/ROBOCON2026/lidar_test/rc2026/install/livox_ros_driver2/local/lib/python3.10/dist-packages:${PYTHONPATH} /usr/bin/cmake --build /home/ljhua/ROBOCON2026/lidar_test/rc2026/build/fast_lio -- -j20 -l20
[1.227s] DEBUG:colcon.colcon_core.event_handler.log_command:Invoked command in '/home/ljhua/ROBOCON2026/lidar_test/rc2026/build/linefit_ground_segmentation_ros' returned '0': AMENT_PREFIX_PATH=/home/ljhua/ROBOCON2026/lidar_test/rc2026/install/linefit_ground_segmentation:${AMENT_PREFIX_PATH} CMAKE_PREFIX_PATH=/home/ljhua/ROBOCON2026/lidar_test/rc2026/install/linefit_ground_segmentation:/opt/ros/humble LD_LIBRARY_PATH=/home/ljhua/ROBOCON2026/lidar_test/rc2026/install/linefit_ground_segmentation/lib:${LD_LIBRARY_PATH} /usr/bin/cmake --build /home/ljhua/ROBOCON2026/lidar_test/rc2026/build/linefit_ground_segmentation_ros -- -j20 -l20
[1.229s] DEBUG:colcon.colcon_core.event_handler.log_command:Invoking command in '/home/ljhua/ROBOCON2026/lidar_test/rc2026/build/linefit_ground_segmentation_ros': AMENT_PREFIX_PATH=/home/ljhua/ROBOCON2026/lidar_test/rc2026/install/linefit_ground_segmentation:${AMENT_PREFIX_PATH} CMAKE_PREFIX_PATH=/home/ljhua/ROBOCON2026/lidar_test/rc2026/install/linefit_ground_segmentation:/opt/ros/humble LD_LIBRARY_PATH=/home/ljhua/ROBOCON2026/lidar_test/rc2026/install/linefit_ground_segmentation/lib:${LD_LIBRARY_PATH} /usr/bin/cmake --install /home/ljhua/ROBOCON2026/lidar_test/rc2026/build/linefit_ground_segmentation_ros
[1.249s] Level 1:colcon.colcon_core.environment:create_environment_scripts_only(linefit_ground_segmentation_ros)
[1.250s] Level 1:colcon.colcon_core.environment:checking '/home/ljhua/ROBOCON2026/lidar_test/rc2026/install/linefit_ground_segmentation_ros' for CMake module files
[1.250s] DEBUG:colcon.colcon_core.event_handler.log_command:Invoked command in '/home/ljhua/ROBOCON2026/lidar_test/rc2026/build/linefit_ground_segmentation_ros' returned '0': AMENT_PREFIX_PATH=/home/ljhua/ROBOCON2026/lidar_test/rc2026/install/linefit_ground_segmentation:${AMENT_PREFIX_PATH} CMAKE_PREFIX_PATH=/home/ljhua/ROBOCON2026/lidar_test/rc2026/install/linefit_ground_segmentation:/opt/ros/humble LD_LIBRARY_PATH=/home/ljhua/ROBOCON2026/lidar_test/rc2026/install/linefit_ground_segmentation/lib:${LD_LIBRARY_PATH} /usr/bin/cmake --install /home/ljhua/ROBOCON2026/lidar_test/rc2026/build/linefit_ground_segmentation_ros
[1.251s] Level 1:colcon.colcon_core.environment:checking '/home/ljhua/ROBOCON2026/lidar_test/rc2026/install/linefit_ground_segmentation_ros' for CMake config files
[1.251s] Level 1:colcon.colcon_core.shell:create_environment_hook('linefit_ground_segmentation_ros', 'cmake_prefix_path')
[1.251s] INFO:colcon.colcon_core.shell:Creating environment hook '/home/ljhua/ROBOCON2026/lidar_test/rc2026/install/linefit_ground_segmentation_ros/share/linefit_ground_segmentation_ros/hook/cmake_prefix_path.ps1'
[1.252s] INFO:colcon.colcon_core.shell:Creating environment descriptor '/home/ljhua/ROBOCON2026/lidar_test/rc2026/install/linefit_ground_segmentation_ros/share/linefit_ground_segmentation_ros/hook/cmake_prefix_path.dsv'
[1.252s] INFO:colcon.colcon_core.shell:Creating environment hook '/home/ljhua/ROBOCON2026/lidar_test/rc2026/install/linefit_ground_segmentation_ros/share/linefit_ground_segmentation_ros/hook/cmake_prefix_path.sh'
[1.253s] Level 1:colcon.colcon_core.environment:checking '/home/ljhua/ROBOCON2026/lidar_test/rc2026/install/linefit_ground_segmentation_ros/lib'
[1.253s] Level 1:colcon.colcon_core.environment:checking '/home/ljhua/ROBOCON2026/lidar_test/rc2026/install/linefit_ground_segmentation_ros/bin'
[1.253s] Level 1:colcon.colcon_core.environment:checking '/home/ljhua/ROBOCON2026/lidar_test/rc2026/install/linefit_ground_segmentation_ros/lib/pkgconfig/linefit_ground_segmentation_ros.pc'
[1.253s] Level 1:colcon.colcon_core.environment:checking '/home/ljhua/ROBOCON2026/lidar_test/rc2026/install/linefit_ground_segmentation_ros/lib/python3.10/site-packages'
[1.254s] Level 1:colcon.colcon_core.environment:checking '/home/ljhua/ROBOCON2026/lidar_test/rc2026/install/linefit_ground_segmentation_ros/bin'
[1.254s] INFO:colcon.colcon_core.shell:Creating package script '/home/ljhua/ROBOCON2026/lidar_test/rc2026/install/linefit_ground_segmentation_ros/share/linefit_ground_segmentation_ros/package.ps1'
[1.254s] INFO:colcon.colcon_core.shell:Creating package descriptor '/home/ljhua/ROBOCON2026/lidar_test/rc2026/install/linefit_ground_segmentation_ros/share/linefit_ground_segmentation_ros/package.dsv'
[1.255s] INFO:colcon.colcon_core.shell:Creating package script '/home/ljhua/ROBOCON2026/lidar_test/rc2026/install/linefit_ground_segmentation_ros/share/linefit_ground_segmentation_ros/package.sh'
[1.255s] INFO:colcon.colcon_core.shell:Creating package script '/home/ljhua/ROBOCON2026/lidar_test/rc2026/install/linefit_ground_segmentation_ros/share/linefit_ground_segmentation_ros/package.bash'
[1.256s] INFO:colcon.colcon_core.shell:Creating package script '/home/ljhua/ROBOCON2026/lidar_test/rc2026/install/linefit_ground_segmentation_ros/share/linefit_ground_segmentation_ros/package.zsh'
[1.256s] Level 1:colcon.colcon_core.environment:create_file_with_runtime_dependencies(/home/ljhua/ROBOCON2026/lidar_test/rc2026/install/linefit_ground_segmentation_ros/share/colcon-core/packages/linefit_ground_segmentation_ros)
[1.257s] Level 1:colcon.colcon_core.environment:create_environment_scripts_only(linefit_ground_segmentation_ros)
[1.257s] Level 1:colcon.colcon_core.environment:checking '/home/ljhua/ROBOCON2026/lidar_test/rc2026/install/linefit_ground_segmentation_ros' for CMake module files
[1.258s] Level 1:colcon.colcon_core.environment:checking '/home/ljhua/ROBOCON2026/lidar_test/rc2026/install/linefit_ground_segmentation_ros' for CMake config files
[1.258s] Level 1:colcon.colcon_core.shell:create_environment_hook('linefit_ground_segmentation_ros', 'cmake_prefix_path')
[1.259s] INFO:colcon.colcon_core.shell:Creating environment hook '/home/ljhua/ROBOCON2026/lidar_test/rc2026/install/linefit_ground_segmentation_ros/share/linefit_ground_segmentation_ros/hook/cmake_prefix_path.ps1'
[1.259s] INFO:colcon.colcon_core.shell:Creating environment descriptor '/home/ljhua/ROBOCON2026/lidar_test/rc2026/install/linefit_ground_segmentation_ros/share/linefit_ground_segmentation_ros/hook/cmake_prefix_path.dsv'
[1.259s] INFO:colcon.colcon_core.shell:Creating environment hook '/home/ljhua/ROBOCON2026/lidar_test/rc2026/install/linefit_ground_segmentation_ros/share/linefit_ground_segmentation_ros/hook/cmake_prefix_path.sh'
[1.260s] Level 1:colcon.colcon_core.environment:checking '/home/ljhua/ROBOCON2026/lidar_test/rc2026/install/linefit_ground_segmentation_ros/lib'
[1.260s] Level 1:colcon.colcon_core.environment:checking '/home/ljhua/ROBOCON2026/lidar_test/rc2026/install/linefit_ground_segmentation_ros/bin'
[1.260s] Level 1:colcon.colcon_core.environment:checking '/home/ljhua/ROBOCON2026/lidar_test/rc2026/install/linefit_ground_segmentation_ros/lib/pkgconfig/linefit_ground_segmentation_ros.pc'
[1.260s] Level 1:colcon.colcon_core.environment:checking '/home/ljhua/ROBOCON2026/lidar_test/rc2026/install/linefit_ground_segmentation_ros/lib/python3.10/site-packages'
[1.261s] Level 1:colcon.colcon_core.environment:checking '/home/ljhua/ROBOCON2026/lidar_test/rc2026/install/linefit_ground_segmentation_ros/bin'
[1.261s] INFO:colcon.colcon_core.shell:Creating package script '/home/ljhua/ROBOCON2026/lidar_test/rc2026/install/linefit_ground_segmentation_ros/share/linefit_ground_segmentation_ros/package.ps1'
[1.261s] INFO:colcon.colcon_core.shell:Creating package descriptor '/home/ljhua/ROBOCON2026/lidar_test/rc2026/install/linefit_ground_segmentation_ros/share/linefit_ground_segmentation_ros/package.dsv'
[1.262s] INFO:colcon.colcon_core.shell:Creating package script '/home/ljhua/ROBOCON2026/lidar_test/rc2026/install/linefit_ground_segmentation_ros/share/linefit_ground_segmentation_ros/package.sh'
[1.262s] INFO:colcon.colcon_core.shell:Creating package script '/home/ljhua/ROBOCON2026/lidar_test/rc2026/install/linefit_ground_segmentation_ros/share/linefit_ground_segmentation_ros/package.bash'
[1.263s] INFO:colcon.colcon_core.shell:Creating package script '/home/ljhua/ROBOCON2026/lidar_test/rc2026/install/linefit_ground_segmentation_ros/share/linefit_ground_segmentation_ros/package.zsh'
[1.263s] Level 1:colcon.colcon_core.environment:create_file_with_runtime_dependencies(/home/ljhua/ROBOCON2026/lidar_test/rc2026/install/linefit_ground_segmentation_ros/share/colcon-core/packages/linefit_ground_segmentation_ros)
[1.535s] DEBUG:colcon.colcon_core.event_handler.log_command:Invoked command in '/home/ljhua/ROBOCON2026/lidar_test/rc2026/build/fast_lio' returned '0': AMENT_PREFIX_PATH=/home/ljhua/ROBOCON2026/lidar_test/rc2026/install/livox_ros_driver2:${AMENT_PREFIX_PATH} CMAKE_PREFIX_PATH=/home/ljhua/ROBOCON2026/lidar_test/rc2026/install/livox_ros_driver2:/opt/ros/humble LD_LIBRARY_PATH=/home/ljhua/ROBOCON2026/lidar_test/rc2026/install/livox_ros_driver2/lib:${LD_LIBRARY_PATH} PYTHONPATH=/home/ljhua/ROBOCON2026/lidar_test/rc2026/install/livox_ros_driver2/local/lib/python3.10/dist-packages:${PYTHONPATH} /usr/bin/cmake --build /home/ljhua/ROBOCON2026/lidar_test/rc2026/build/fast_lio -- -j20 -l20
[1.538s] DEBUG:colcon.colcon_core.event_handler.log_command:Invoking command in '/home/ljhua/ROBOCON2026/lidar_test/rc2026/build/fast_lio': AMENT_PREFIX_PATH=/home/ljhua/ROBOCON2026/lidar_test/rc2026/install/livox_ros_driver2:${AMENT_PREFIX_PATH} CMAKE_PREFIX_PATH=/home/ljhua/ROBOCON2026/lidar_test/rc2026/install/livox_ros_driver2:/opt/ros/humble LD_LIBRARY_PATH=/home/ljhua/ROBOCON2026/lidar_test/rc2026/install/livox_ros_driver2/lib:${LD_LIBRARY_PATH} PYTHONPATH=/home/ljhua/ROBOCON2026/lidar_test/rc2026/install/livox_ros_driver2/local/lib/python3.10/dist-packages:${PYTHONPATH} /usr/bin/cmake --install /home/ljhua/ROBOCON2026/lidar_test/rc2026/build/fast_lio
[1.549s] DEBUG:colcon.colcon_core.event_handler.log_command:Invoking command in '/home/ljhua/ROBOCON2026/lidar_test/rc2026/build/rc_keyboard_control': PYTHONPATH=/home/ljhua/ROBOCON2026/lidar_test/rc2026/build/rc_keyboard_control/prefix_override:/usr/lib/python3/dist-packages/colcon_core/task/python/colcon_distutils_commands:/home/ljhua/ROBOCON2026/lidar_test/rc2026/install/rc_keyboard_control/lib/python3.10/site-packages:${PYTHONPATH} /usr/bin/python3 -W ignore:setup.py install is deprecated -W ignore:easy_install command is deprecated setup.py develop --editable --build-directory /home/ljhua/ROBOCON2026/lidar_test/rc2026/build/rc_keyboard_control/build --no-deps symlink_data
[1.551s] DEBUG:colcon.colcon_core.event_handler.log_command:Invoking command in '/home/ljhua/ROBOCON2026/lidar_test/rc2026/build/rc_serial_driver': PYTHONPATH=/home/ljhua/ROBOCON2026/lidar_test/rc2026/build/rc_serial_driver/prefix_override:/usr/lib/python3/dist-packages/colcon_core/task/python/colcon_distutils_commands:/home/ljhua/ROBOCON2026/lidar_test/rc2026/install/rc_serial_driver/lib/python3.10/site-packages:${PYTHONPATH} /usr/bin/python3 -W ignore:setup.py install is deprecated -W ignore:easy_install command is deprecated setup.py develop --editable --build-directory /home/ljhua/ROBOCON2026/lidar_test/rc2026/build/rc_serial_driver/build --no-deps symlink_data
[1.598s] Level 1:colcon.colcon_core.environment:create_environment_scripts_only(fast_lio)
[1.598s] Level 1:colcon.colcon_core.environment:checking '/home/ljhua/ROBOCON2026/lidar_test/rc2026/install/fast_lio' for CMake module files
[1.598s] DEBUG:colcon.colcon_core.event_handler.log_command:Invoked command in '/home/ljhua/ROBOCON2026/lidar_test/rc2026/build/fast_lio' returned '0': AMENT_PREFIX_PATH=/home/ljhua/ROBOCON2026/lidar_test/rc2026/install/livox_ros_driver2:${AMENT_PREFIX_PATH} CMAKE_PREFIX_PATH=/home/ljhua/ROBOCON2026/lidar_test/rc2026/install/livox_ros_driver2:/opt/ros/humble LD_LIBRARY_PATH=/home/ljhua/ROBOCON2026/lidar_test/rc2026/install/livox_ros_driver2/lib:${LD_LIBRARY_PATH} PYTHONPATH=/home/ljhua/ROBOCON2026/lidar_test/rc2026/install/livox_ros_driver2/local/lib/python3.10/dist-packages:${PYTHONPATH} /usr/bin/cmake --install /home/ljhua/ROBOCON2026/lidar_test/rc2026/build/fast_lio
[1.599s] Level 1:colcon.colcon_core.environment:checking '/home/ljhua/ROBOCON2026/lidar_test/rc2026/install/fast_lio' for CMake config files
[1.600s] Level 1:colcon.colcon_core.shell:create_environment_hook('fast_lio', 'cmake_prefix_path')
[1.600s] INFO:colcon.colcon_core.shell:Creating environment hook '/home/ljhua/ROBOCON2026/lidar_test/rc2026/install/fast_lio/share/fast_lio/hook/cmake_prefix_path.ps1'
[1.600s] INFO:colcon.colcon_core.shell:Creating environment descriptor '/home/ljhua/ROBOCON2026/lidar_test/rc2026/install/fast_lio/share/fast_lio/hook/cmake_prefix_path.dsv'
[1.601s] INFO:colcon.colcon_core.shell:Creating environment hook '/home/ljhua/ROBOCON2026/lidar_test/rc2026/install/fast_lio/share/fast_lio/hook/cmake_prefix_path.sh'
[1.601s] Level 1:colcon.colcon_core.environment:checking '/home/ljhua/ROBOCON2026/lidar_test/rc2026/install/fast_lio/lib'
[1.601s] Level 1:colcon.colcon_core.shell:create_environment_hook('fast_lio', 'ld_library_path_lib')
[1.601s] INFO:colcon.colcon_core.shell:Creating environment hook '/home/ljhua/ROBOCON2026/lidar_test/rc2026/install/fast_lio/share/fast_lio/hook/ld_library_path_lib.ps1'
[1.601s] INFO:colcon.colcon_core.shell:Creating environment descriptor '/home/ljhua/ROBOCON2026/lidar_test/rc2026/install/fast_lio/share/fast_lio/hook/ld_library_path_lib.dsv'
[1.601s] INFO:colcon.colcon_core.shell:Creating environment hook '/home/ljhua/ROBOCON2026/lidar_test/rc2026/install/fast_lio/share/fast_lio/hook/ld_library_path_lib.sh'
[1.602s] Level 1:colcon.colcon_core.environment:checking '/home/ljhua/ROBOCON2026/lidar_test/rc2026/install/fast_lio/bin'
[1.602s] Level 1:colcon.colcon_core.environment:checking '/home/ljhua/ROBOCON2026/lidar_test/rc2026/install/fast_lio/lib/pkgconfig/fast_lio.pc'
[1.602s] Level 1:colcon.colcon_core.environment:checking '/home/ljhua/ROBOCON2026/lidar_test/rc2026/install/fast_lio/lib/python3.10/site-packages'
[1.602s] Level 1:colcon.colcon_core.environment:checking '/home/ljhua/ROBOCON2026/lidar_test/rc2026/install/fast_lio/bin'
[1.602s] INFO:colcon.colcon_core.shell:Creating package script '/home/ljhua/ROBOCON2026/lidar_test/rc2026/install/fast_lio/share/fast_lio/package.ps1'
[1.602s] INFO:colcon.colcon_core.shell:Creating package descriptor '/home/ljhua/ROBOCON2026/lidar_test/rc2026/install/fast_lio/share/fast_lio/package.dsv'
[1.603s] INFO:colcon.colcon_core.shell:Creating package script '/home/ljhua/ROBOCON2026/lidar_test/rc2026/install/fast_lio/share/fast_lio/package.sh'
[1.603s] INFO:colcon.colcon_core.shell:Creating package script '/home/ljhua/ROBOCON2026/lidar_test/rc2026/install/fast_lio/share/fast_lio/package.bash'
[1.603s] INFO:colcon.colcon_core.shell:Creating package script '/home/ljhua/ROBOCON2026/lidar_test/rc2026/install/fast_lio/share/fast_lio/package.zsh'
[1.603s] Level 1:colcon.colcon_core.environment:create_file_with_runtime_dependencies(/home/ljhua/ROBOCON2026/lidar_test/rc2026/install/fast_lio/share/colcon-core/packages/fast_lio)
[1.604s] Level 1:colcon.colcon_core.environment:create_environment_scripts_only(fast_lio)
[1.604s] Level 1:colcon.colcon_core.environment:checking '/home/ljhua/ROBOCON2026/lidar_test/rc2026/install/fast_lio' for CMake module files
[1.604s] Level 1:colcon.colcon_core.environment:checking '/home/ljhua/ROBOCON2026/lidar_test/rc2026/install/fast_lio' for CMake config files
[1.604s] Level 1:colcon.colcon_core.shell:create_environment_hook('fast_lio', 'cmake_prefix_path')
[1.604s] INFO:colcon.colcon_core.shell:Creating environment hook '/home/ljhua/ROBOCON2026/lidar_test/rc2026/install/fast_lio/share/fast_lio/hook/cmake_prefix_path.ps1'
[1.605s] INFO:colcon.colcon_core.shell:Creating environment descriptor '/home/ljhua/ROBOCON2026/lidar_test/rc2026/install/fast_lio/share/fast_lio/hook/cmake_prefix_path.dsv'
[1.605s] INFO:colcon.colcon_core.shell:Creating environment hook '/home/ljhua/ROBOCON2026/lidar_test/rc2026/install/fast_lio/share/fast_lio/hook/cmake_prefix_path.sh'
[1.605s] Level 1:colcon.colcon_core.environment:checking '/home/ljhua/ROBOCON2026/lidar_test/rc2026/install/fast_lio/lib'
[1.605s] Level 1:colcon.colcon_core.shell:create_environment_hook('fast_lio', 'ld_library_path_lib')
[1.605s] INFO:colcon.colcon_core.shell:Creating environment hook '/home/ljhua/ROBOCON2026/lidar_test/rc2026/install/fast_lio/share/fast_lio/hook/ld_library_path_lib.ps1'
[1.606s] INFO:colcon.colcon_core.shell:Creating environment descriptor '/home/ljhua/ROBOCON2026/lidar_test/rc2026/install/fast_lio/share/fast_lio/hook/ld_library_path_lib.dsv'
[1.606s] INFO:colcon.colcon_core.shell:Creating environment hook '/home/ljhua/ROBOCON2026/lidar_test/rc2026/install/fast_lio/share/fast_lio/hook/ld_library_path_lib.sh'
[1.606s] Level 1:colcon.colcon_core.environment:checking '/home/ljhua/ROBOCON2026/lidar_test/rc2026/install/fast_lio/bin'
[1.606s] Level 1:colcon.colcon_core.environment:checking '/home/ljhua/ROBOCON2026/lidar_test/rc2026/install/fast_lio/lib/pkgconfig/fast_lio.pc'
[1.606s] Level 1:colcon.colcon_core.environment:checking '/home/ljhua/ROBOCON2026/lidar_test/rc2026/install/fast_lio/lib/python3.10/site-packages'
[1.606s] Level 1:colcon.colcon_core.environment:checking '/home/ljhua/ROBOCON2026/lidar_test/rc2026/install/fast_lio/bin'
[1.606s] INFO:colcon.colcon_core.shell:Creating package script '/home/ljhua/ROBOCON2026/lidar_test/rc2026/install/fast_lio/share/fast_lio/package.ps1'
[1.607s] INFO:colcon.colcon_core.shell:Creating package descriptor '/home/ljhua/ROBOCON2026/lidar_test/rc2026/install/fast_lio/share/fast_lio/package.dsv'
[1.607s] INFO:colcon.colcon_core.shell:Creating package script '/home/ljhua/ROBOCON2026/lidar_test/rc2026/install/fast_lio/share/fast_lio/package.sh'
[1.607s] INFO:colcon.colcon_core.shell:Creating package script '/home/ljhua/ROBOCON2026/lidar_test/rc2026/install/fast_lio/share/fast_lio/package.bash'
[1.608s] INFO:colcon.colcon_core.shell:Creating package script '/home/ljhua/ROBOCON2026/lidar_test/rc2026/install/fast_lio/share/fast_lio/package.zsh'
[1.608s] Level 1:colcon.colcon_core.environment:create_file_with_runtime_dependencies(/home/ljhua/ROBOCON2026/lidar_test/rc2026/install/fast_lio/share/colcon-core/packages/fast_lio)
[1.989s] Level 1:colcon.colcon_core.shell:create_environment_hook('rc_keyboard_control', 'pythonpath_develop')
[1.989s] INFO:colcon.colcon_core.shell:Creating environment hook '/home/ljhua/ROBOCON2026/lidar_test/rc2026/build/rc_keyboard_control/share/rc_keyboard_control/hook/pythonpath_develop.ps1'
[1.989s] DEBUG:colcon.colcon_core.event_handler.log_command:Invoked command in '/home/ljhua/ROBOCON2026/lidar_test/rc2026/build/rc_keyboard_control' returned '0': PYTHONPATH=/home/ljhua/ROBOCON2026/lidar_test/rc2026/build/rc_keyboard_control/prefix_override:/usr/lib/python3/dist-packages/colcon_core/task/python/colcon_distutils_commands:/home/ljhua/ROBOCON2026/lidar_test/rc2026/install/rc_keyboard_control/lib/python3.10/site-packages:${PYTHONPATH} /usr/bin/python3 -W ignore:setup.py install is deprecated -W ignore:easy_install command is deprecated setup.py develop --editable --build-directory /home/ljhua/ROBOCON2026/lidar_test/rc2026/build/rc_keyboard_control/build --no-deps symlink_data
[1.990s] INFO:colcon.colcon_core.shell:Creating environment descriptor '/home/ljhua/ROBOCON2026/lidar_test/rc2026/build/rc_keyboard_control/share/rc_keyboard_control/hook/pythonpath_develop.dsv'
[1.991s] INFO:colcon.colcon_core.shell:Creating environment hook '/home/ljhua/ROBOCON2026/lidar_test/rc2026/build/rc_keyboard_control/share/rc_keyboard_control/hook/pythonpath_develop.sh'
[1.991s] Level 1:colcon.colcon_core.environment:checking '/home/ljhua/ROBOCON2026/lidar_test/rc2026/install/rc_keyboard_control' for CMake module files
[1.991s] Level 1:colcon.colcon_core.environment:checking '/home/ljhua/ROBOCON2026/lidar_test/rc2026/install/rc_keyboard_control' for CMake config files
[1.992s] Level 1:colcon.colcon_core.environment:checking '/home/ljhua/ROBOCON2026/lidar_test/rc2026/install/rc_keyboard_control/lib'
[1.992s] Level 1:colcon.colcon_core.environment:checking '/home/ljhua/ROBOCON2026/lidar_test/rc2026/install/rc_keyboard_control/bin'
[1.992s] Level 1:colcon.colcon_core.environment:checking '/home/ljhua/ROBOCON2026/lidar_test/rc2026/install/rc_keyboard_control/lib/pkgconfig/rc_keyboard_control.pc'
[1.992s] Level 1:colcon.colcon_core.environment:checking '/home/ljhua/ROBOCON2026/lidar_test/rc2026/install/rc_keyboard_control/lib/python3.10/site-packages'
[1.992s] Level 1:colcon.colcon_core.shell:create_environment_hook('rc_keyboard_control', 'pythonpath')
[1.992s] INFO:colcon.colcon_core.shell:Creating environment hook '/home/ljhua/ROBOCON2026/lidar_test/rc2026/install/rc_keyboard_control/share/rc_keyboard_control/hook/pythonpath.ps1'
[1.992s] INFO:colcon.colcon_core.shell:Creating environment descriptor '/home/ljhua/ROBOCON2026/lidar_test/rc2026/install/rc_keyboard_control/share/rc_keyboard_control/hook/pythonpath.dsv'
[1.993s] INFO:colcon.colcon_core.shell:Creating environment hook '/home/ljhua/ROBOCON2026/lidar_test/rc2026/install/rc_keyboard_control/share/rc_keyboard_control/hook/pythonpath.sh'
[1.993s] Level 1:colcon.colcon_core.environment:checking '/home/ljhua/ROBOCON2026/lidar_test/rc2026/install/rc_keyboard_control/bin'
[1.993s] Level 1:colcon.colcon_core.environment:create_environment_scripts_only(rc_keyboard_control)
[1.993s] INFO:colcon.colcon_core.shell:Creating package script '/home/ljhua/ROBOCON2026/lidar_test/rc2026/install/rc_keyboard_control/share/rc_keyboard_control/package.ps1'
[1.993s] INFO:colcon.colcon_core.shell:Creating package descriptor '/home/ljhua/ROBOCON2026/lidar_test/rc2026/install/rc_keyboard_control/share/rc_keyboard_control/package.dsv'
[1.994s] INFO:colcon.colcon_core.shell:Creating package script '/home/ljhua/ROBOCON2026/lidar_test/rc2026/install/rc_keyboard_control/share/rc_keyboard_control/package.sh'
[1.994s] INFO:colcon.colcon_core.shell:Creating package script '/home/ljhua/ROBOCON2026/lidar_test/rc2026/install/rc_keyboard_control/share/rc_keyboard_control/package.bash'
[1.994s] INFO:colcon.colcon_core.shell:Creating package script '/home/ljhua/ROBOCON2026/lidar_test/rc2026/install/rc_keyboard_control/share/rc_keyboard_control/package.zsh'
[1.994s] Level 1:colcon.colcon_core.environment:create_file_with_runtime_dependencies(/home/ljhua/ROBOCON2026/lidar_test/rc2026/install/rc_keyboard_control/share/colcon-core/packages/rc_keyboard_control)
[1.995s] Level 1:colcon.colcon_core.shell:create_environment_hook('rc_serial_driver', 'pythonpath_develop')
[1.995s] DEBUG:colcon.colcon_core.event_handler.log_command:Invoked command in '/home/ljhua/ROBOCON2026/lidar_test/rc2026/build/rc_serial_driver' returned '0': PYTHONPATH=/home/ljhua/ROBOCON2026/lidar_test/rc2026/build/rc_serial_driver/prefix_override:/usr/lib/python3/dist-packages/colcon_core/task/python/colcon_distutils_commands:/home/ljhua/ROBOCON2026/lidar_test/rc2026/install/rc_serial_driver/lib/python3.10/site-packages:${PYTHONPATH} /usr/bin/python3 -W ignore:setup.py install is deprecated -W ignore:easy_install command is deprecated setup.py develop --editable --build-directory /home/ljhua/ROBOCON2026/lidar_test/rc2026/build/rc_serial_driver/build --no-deps symlink_data
[1.996s] INFO:colcon.colcon_core.shell:Creating environment hook '/home/ljhua/ROBOCON2026/lidar_test/rc2026/build/rc_serial_driver/share/rc_serial_driver/hook/pythonpath_develop.ps1'
[1.996s] INFO:colcon.colcon_core.shell:Creating environment descriptor '/home/ljhua/ROBOCON2026/lidar_test/rc2026/build/rc_serial_driver/share/rc_serial_driver/hook/pythonpath_develop.dsv'
[1.997s] INFO:colcon.colcon_core.shell:Creating environment hook '/home/ljhua/ROBOCON2026/lidar_test/rc2026/build/rc_serial_driver/share/rc_serial_driver/hook/pythonpath_develop.sh'
[1.997s] Level 1:colcon.colcon_core.environment:checking '/home/ljhua/ROBOCON2026/lidar_test/rc2026/install/rc_serial_driver' for CMake module files
[1.998s] Level 1:colcon.colcon_core.environment:checking '/home/ljhua/ROBOCON2026/lidar_test/rc2026/install/rc_serial_driver' for CMake config files
[1.999s] Level 1:colcon.colcon_core.environment:checking '/home/ljhua/ROBOCON2026/lidar_test/rc2026/install/rc_serial_driver/lib'
[1.999s] Level 1:colcon.colcon_core.environment:checking '/home/ljhua/ROBOCON2026/lidar_test/rc2026/install/rc_serial_driver/bin'
[1.999s] Level 1:colcon.colcon_core.environment:checking '/home/ljhua/ROBOCON2026/lidar_test/rc2026/install/rc_serial_driver/lib/pkgconfig/rc_serial_driver.pc'
[1.999s] Level 1:colcon.colcon_core.environment:checking '/home/ljhua/ROBOCON2026/lidar_test/rc2026/install/rc_serial_driver/lib/python3.10/site-packages'
[1.999s] Level 1:colcon.colcon_core.shell:create_environment_hook('rc_serial_driver', 'pythonpath')
[2.000s] INFO:colcon.colcon_core.shell:Creating environment hook '/home/ljhua/ROBOCON2026/lidar_test/rc2026/install/rc_serial_driver/share/rc_serial_driver/hook/pythonpath.ps1'
[2.000s] INFO:colcon.colcon_core.shell:Creating environment descriptor '/home/ljhua/ROBOCON2026/lidar_test/rc2026/install/rc_serial_driver/share/rc_serial_driver/hook/pythonpath.dsv'
[2.000s] INFO:colcon.colcon_core.shell:Creating environment hook '/home/ljhua/ROBOCON2026/lidar_test/rc2026/install/rc_serial_driver/share/rc_serial_driver/hook/pythonpath.sh'
[2.001s] Level 1:colcon.colcon_core.environment:checking '/home/ljhua/ROBOCON2026/lidar_test/rc2026/install/rc_serial_driver/bin'
[2.001s] Level 1:colcon.colcon_core.environment:create_environment_scripts_only(rc_serial_driver)
[2.001s] INFO:colcon.colcon_core.shell:Creating package script '/home/ljhua/ROBOCON2026/lidar_test/rc2026/install/rc_serial_driver/share/rc_serial_driver/package.ps1'
[2.002s] INFO:colcon.colcon_core.shell:Creating package descriptor '/home/ljhua/ROBOCON2026/lidar_test/rc2026/install/rc_serial_driver/share/rc_serial_driver/package.dsv'
[2.002s] INFO:colcon.colcon_core.shell:Creating package script '/home/ljhua/ROBOCON2026/lidar_test/rc2026/install/rc_serial_driver/share/rc_serial_driver/package.sh'
[2.003s] INFO:colcon.colcon_core.shell:Creating package script '/home/ljhua/ROBOCON2026/lidar_test/rc2026/install/rc_serial_driver/share/rc_serial_driver/package.bash'
[2.003s] INFO:colcon.colcon_core.shell:Creating package script '/home/ljhua/ROBOCON2026/lidar_test/rc2026/install/rc_serial_driver/share/rc_serial_driver/package.zsh'
[2.004s] Level 1:colcon.colcon_core.environment:create_file_with_runtime_dependencies(/home/ljhua/ROBOCON2026/lidar_test/rc2026/install/rc_serial_driver/share/colcon-core/packages/rc_serial_driver)
[2.004s] DEBUG:colcon.colcon_parallel_executor.executor.parallel:closing loop
[2.004s] DEBUG:colcon.colcon_parallel_executor.executor.parallel:loop closed
[2.004s] DEBUG:colcon.colcon_parallel_executor.executor.parallel:run_until_complete finished with '0'
[2.004s] DEBUG:colcon.colcon_core.event_reactor:joining thread
[2.008s] INFO:colcon.colcon_core.plugin_system:Skipping extension 'colcon_notification.desktop_notification.terminal_notifier': Not used on non-Darwin systems
[2.008s] INFO:colcon.colcon_core.plugin_system:Skipping extension 'colcon_notification.desktop_notification.win32': Not used on non-Windows systems
[2.008s] INFO:colcon.colcon_notification.desktop_notification:Sending desktop notification using 'notify2'
[2.018s] DEBUG:colcon.colcon_core.event_reactor:joined thread
[2.018s] INFO:colcon.colcon_core.shell:Creating prefix script '/home/ljhua/ROBOCON2026/lidar_test/rc2026/install/local_setup.ps1'
[2.019s] INFO:colcon.colcon_core.shell:Creating prefix util module '/home/ljhua/ROBOCON2026/lidar_test/rc2026/install/_local_setup_util_ps1.py'
[2.020s] INFO:colcon.colcon_core.shell:Creating prefix chain script '/home/ljhua/ROBOCON2026/lidar_test/rc2026/install/setup.ps1'
[2.021s] INFO:colcon.colcon_core.shell:Creating prefix script '/home/ljhua/ROBOCON2026/lidar_test/rc2026/install/local_setup.sh'
[2.022s] INFO:colcon.colcon_core.shell:Creating prefix util module '/home/ljhua/ROBOCON2026/lidar_test/rc2026/install/_local_setup_util_sh.py'
[2.022s] INFO:colcon.colcon_core.shell:Creating prefix chain script '/home/ljhua/ROBOCON2026/lidar_test/rc2026/install/setup.sh'
[2.023s] INFO:colcon.colcon_core.shell:Creating prefix script '/home/ljhua/ROBOCON2026/lidar_test/rc2026/install/local_setup.bash'
[2.023s] INFO:colcon.colcon_core.shell:Creating prefix chain script '/home/ljhua/ROBOCON2026/lidar_test/rc2026/install/setup.bash'
[2.024s] INFO:colcon.colcon_core.shell:Creating prefix script '/home/ljhua/ROBOCON2026/lidar_test/rc2026/install/local_setup.zsh'
[2.024s] INFO:colcon.colcon_core.shell:Creating prefix chain script '/home/ljhua/ROBOCON2026/lidar_test/rc2026/install/setup.zsh'
