[0.094s] DEBUG:colcon:Command line arguments: ['/usr/bin/colcon', 'build', '--symlink-install']
[0.094s] DEBUG:colcon:Parsed command line arguments: Namespace(log_base=None, log_level=None, verb_name='build', build_base='build', install_base='install', merge_install=False, symlink_install=True, test_result_base=None, continue_on_error=False, executor='parallel', parallel_workers=20, event_handlers=None, ignore_user_meta=False, metas=['./colcon.meta'], base_paths=['.'], packages_ignore=None, packages_ignore_regex=None, paths=None, packages_up_to=None, packages_up_to_regex=None, packages_above=None, packages_above_and_dependencies=None, packages_above_depth=None, packages_select_by_dep=None, packages_skip_by_dep=None, packages_skip_up_to=None, packages_select_build_failed=False, packages_skip_build_finished=False, packages_select_test_failures=False, packages_skip_test_passed=False, packages_select=None, packages_skip=None, packages_select_regex=None, packages_skip_regex=None, packages_start=None, packages_end=None, allow_overriding=[], cmake_args=None, cmake_target=None, cmake_target_skip_unavailable=False, cmake_clean_cache=False, cmake_clean_first=False, cmake_force_configure=False, ament_cmake_args=None, catkin_cmake_args=None, catkin_skip_building_tests=False, verb_parser=<colcon_defaults.argument_parser.defaults.DefaultArgumentsDecorator object at 0x7bfd9d60a350>, verb_extension=<colcon_core.verb.build.BuildVerb object at 0x7bfd9d7eb130>, main=<bound method BuildVerb.main of <colcon_core.verb.build.BuildVerb object at 0x7bfd9d7eb130>>)
[0.292s] Level 1:colcon.colcon_core.package_discovery:discover_packages(colcon_meta) check parameters
[0.292s] Level 1:colcon.colcon_core.package_discovery:discover_packages(recursive) check parameters
[0.292s] Level 1:colcon.colcon_core.package_discovery:discover_packages(ignore) check parameters
[0.292s] Level 1:colcon.colcon_core.package_discovery:discover_packages(path) check parameters
[0.292s] Level 1:colcon.colcon_core.package_discovery:discover_packages(colcon_meta) discover
[0.292s] Level 1:colcon.colcon_core.package_discovery:discover_packages(recursive) discover
[0.292s] INFO:colcon.colcon_core.package_discovery:Crawling recursively for packages in '/home/ljhua/ROBOCON2026/lidar_test/CSU-RM-Sentry'
[0.292s] Level 1:colcon.colcon_core.package_identification:_identify(.) by extensions ['ignore', 'ignore_ament_install']
[0.292s] Level 1:colcon.colcon_core.package_identification:_identify(.) by extension 'ignore'
[0.292s] Level 1:colcon.colcon_core.package_identification:_identify(.) by extension 'ignore_ament_install'
[0.292s] Level 1:colcon.colcon_core.package_identification:_identify(.) by extensions ['colcon_pkg']
[0.292s] Level 1:colcon.colcon_core.package_identification:_identify(.) by extension 'colcon_pkg'
[0.292s] Level 1:colcon.colcon_core.package_identification:_identify(.) by extensions ['colcon_meta']
[0.292s] Level 1:colcon.colcon_core.package_identification:_identify(.) by extension 'colcon_meta'
[0.292s] Level 1:colcon.colcon_core.package_identification:_identify(.) by extensions ['ros']
[0.292s] Level 1:colcon.colcon_core.package_identification:_identify(.) by extension 'ros'
[0.303s] Level 1:colcon.colcon_core.package_identification:_identify(.) by extensions ['cmake', 'python']
[0.303s] Level 1:colcon.colcon_core.package_identification:_identify(.) by extension 'cmake'
[0.303s] Level 1:colcon.colcon_core.package_identification:_identify(.) by extension 'python'
[0.303s] Level 1:colcon.colcon_core.package_identification:_identify(.) by extensions ['python_setup_py']
[0.303s] Level 1:colcon.colcon_core.package_identification:_identify(.) by extension 'python_setup_py'
[0.303s] Level 1:colcon.colcon_core.package_identification:_identify(129) by extensions ['ignore', 'ignore_ament_install']
[0.303s] Level 1:colcon.colcon_core.package_identification:_identify(129) by extension 'ignore'
[0.303s] Level 1:colcon.colcon_core.package_identification:_identify(129) by extension 'ignore_ament_install'
[0.303s] Level 1:colcon.colcon_core.package_identification:_identify(129) by extensions ['colcon_pkg']
[0.303s] Level 1:colcon.colcon_core.package_identification:_identify(129) by extension 'colcon_pkg'
[0.303s] Level 1:colcon.colcon_core.package_identification:_identify(129) by extensions ['colcon_meta']
[0.303s] Level 1:colcon.colcon_core.package_identification:_identify(129) by extension 'colcon_meta'
[0.303s] Level 1:colcon.colcon_core.package_identification:_identify(129) by extensions ['ros']
[0.303s] Level 1:colcon.colcon_core.package_identification:_identify(129) by extension 'ros'
[0.303s] Level 1:colcon.colcon_core.package_identification:_identify(129) by extensions ['cmake', 'python']
[0.303s] Level 1:colcon.colcon_core.package_identification:_identify(129) by extension 'cmake'
[0.303s] Level 1:colcon.colcon_core.package_identification:_identify(129) by extension 'python'
[0.303s] Level 1:colcon.colcon_core.package_identification:_identify(129) by extensions ['python_setup_py']
[0.303s] Level 1:colcon.colcon_core.package_identification:_identify(129) by extension 'python_setup_py'
[0.303s] Level 1:colcon.colcon_core.package_identification:_identify(assets) by extensions ['ignore', 'ignore_ament_install']
[0.303s] Level 1:colcon.colcon_core.package_identification:_identify(assets) by extension 'ignore'
[0.303s] Level 1:colcon.colcon_core.package_identification:_identify(assets) by extension 'ignore_ament_install'
[0.303s] Level 1:colcon.colcon_core.package_identification:_identify(assets) by extensions ['colcon_pkg']
[0.303s] Level 1:colcon.colcon_core.package_identification:_identify(assets) by extension 'colcon_pkg'
[0.303s] Level 1:colcon.colcon_core.package_identification:_identify(assets) by extensions ['colcon_meta']
[0.303s] Level 1:colcon.colcon_core.package_identification:_identify(assets) by extension 'colcon_meta'
[0.303s] Level 1:colcon.colcon_core.package_identification:_identify(assets) by extensions ['ros']
[0.303s] Level 1:colcon.colcon_core.package_identification:_identify(assets) by extension 'ros'
[0.304s] Level 1:colcon.colcon_core.package_identification:_identify(assets) by extensions ['cmake', 'python']
[0.304s] Level 1:colcon.colcon_core.package_identification:_identify(assets) by extension 'cmake'
[0.304s] Level 1:colcon.colcon_core.package_identification:_identify(assets) by extension 'python'
[0.304s] Level 1:colcon.colcon_core.package_identification:_identify(assets) by extensions ['python_setup_py']
[0.304s] Level 1:colcon.colcon_core.package_identification:_identify(assets) by extension 'python_setup_py'
[0.304s] Level 1:colcon.colcon_core.package_identification:_identify(build) by extensions ['ignore', 'ignore_ament_install']
[0.304s] Level 1:colcon.colcon_core.package_identification:_identify(build) by extension 'ignore'
[0.304s] Level 1:colcon.colcon_core.package_identification:_identify(build) ignored
[0.304s] Level 1:colcon.colcon_core.package_identification:_identify(install) by extensions ['ignore', 'ignore_ament_install']
[0.304s] Level 1:colcon.colcon_core.package_identification:_identify(install) by extension 'ignore'
[0.304s] Level 1:colcon.colcon_core.package_identification:_identify(install) ignored
[0.304s] Level 1:colcon.colcon_core.package_identification:_identify(launch_log) by extensions ['ignore', 'ignore_ament_install']
[0.304s] Level 1:colcon.colcon_core.package_identification:_identify(launch_log) by extension 'ignore'
[0.304s] Level 1:colcon.colcon_core.package_identification:_identify(launch_log) by extension 'ignore_ament_install'
[0.304s] Level 1:colcon.colcon_core.package_identification:_identify(launch_log) by extensions ['colcon_pkg']
[0.304s] Level 1:colcon.colcon_core.package_identification:_identify(launch_log) by extension 'colcon_pkg'
[0.304s] Level 1:colcon.colcon_core.package_identification:_identify(launch_log) by extensions ['colcon_meta']
[0.304s] Level 1:colcon.colcon_core.package_identification:_identify(launch_log) by extension 'colcon_meta'
[0.304s] Level 1:colcon.colcon_core.package_identification:_identify(launch_log) by extensions ['ros']
[0.304s] Level 1:colcon.colcon_core.package_identification:_identify(launch_log) by extension 'ros'
[0.304s] Level 1:colcon.colcon_core.package_identification:_identify(launch_log) by extensions ['cmake', 'python']
[0.304s] Level 1:colcon.colcon_core.package_identification:_identify(launch_log) by extension 'cmake'
[0.304s] Level 1:colcon.colcon_core.package_identification:_identify(launch_log) by extension 'python'
[0.304s] Level 1:colcon.colcon_core.package_identification:_identify(launch_log) by extensions ['python_setup_py']
[0.304s] Level 1:colcon.colcon_core.package_identification:_identify(launch_log) by extension 'python_setup_py'
[0.304s] Level 1:colcon.colcon_core.package_identification:_identify(log) by extensions ['ignore', 'ignore_ament_install']
[0.304s] Level 1:colcon.colcon_core.package_identification:_identify(log) by extension 'ignore'
[0.304s] Level 1:colcon.colcon_core.package_identification:_identify(log) ignored
[0.304s] Level 1:colcon.colcon_core.package_identification:_identify(src) by extensions ['ignore', 'ignore_ament_install']
[0.304s] Level 1:colcon.colcon_core.package_identification:_identify(src) by extension 'ignore'
[0.304s] Level 1:colcon.colcon_core.package_identification:_identify(src) by extension 'ignore_ament_install'
[0.304s] Level 1:colcon.colcon_core.package_identification:_identify(src) by extensions ['colcon_pkg']
[0.304s] Level 1:colcon.colcon_core.package_identification:_identify(src) by extension 'colcon_pkg'
[0.305s] Level 1:colcon.colcon_core.package_identification:_identify(src) by extensions ['colcon_meta']
[0.305s] Level 1:colcon.colcon_core.package_identification:_identify(src) by extension 'colcon_meta'
[0.305s] Level 1:colcon.colcon_core.package_identification:_identify(src) by extensions ['ros']
[0.305s] Level 1:colcon.colcon_core.package_identification:_identify(src) by extension 'ros'
[0.305s] Level 1:colcon.colcon_core.package_identification:_identify(src) by extensions ['cmake', 'python']
[0.305s] Level 1:colcon.colcon_core.package_identification:_identify(src) by extension 'cmake'
[0.305s] Level 1:colcon.colcon_core.package_identification:_identify(src) by extension 'python'
[0.305s] Level 1:colcon.colcon_core.package_identification:_identify(src) by extensions ['python_setup_py']
[0.305s] Level 1:colcon.colcon_core.package_identification:_identify(src) by extension 'python_setup_py'
[0.305s] Level 1:colcon.colcon_core.package_identification:_identify(src/rc_serial_driver) by extensions ['ignore', 'ignore_ament_install']
[0.305s] Level 1:colcon.colcon_core.package_identification:_identify(src/rc_serial_driver) by extension 'ignore'
[0.305s] Level 1:colcon.colcon_core.package_identification:_identify(src/rc_serial_driver) by extension 'ignore_ament_install'
[0.305s] Level 1:colcon.colcon_core.package_identification:_identify(src/rc_serial_driver) by extensions ['colcon_pkg']
[0.305s] Level 1:colcon.colcon_core.package_identification:_identify(src/rc_serial_driver) by extension 'colcon_pkg'
[0.305s] Level 1:colcon.colcon_core.package_identification:_identify(src/rc_serial_driver) by extensions ['colcon_meta']
[0.305s] Level 1:colcon.colcon_core.package_identification:_identify(src/rc_serial_driver) by extension 'colcon_meta'
[0.305s] Level 1:colcon.colcon_core.package_identification:_identify(src/rc_serial_driver) by extensions ['ros']
[0.305s] Level 1:colcon.colcon_core.package_identification:_identify(src/rc_serial_driver) by extension 'ros'
[0.307s] DEBUG:colcon.colcon_core.package_identification:Package 'src/rc_serial_driver' with type 'ros.ament_cmake' and name 'rc_serial_driver'
[0.307s] Level 1:colcon.colcon_core.package_identification:_identify(src/rm_localization) by extensions ['ignore', 'ignore_ament_install']
[0.307s] Level 1:colcon.colcon_core.package_identification:_identify(src/rm_localization) by extension 'ignore'
[0.307s] Level 1:colcon.colcon_core.package_identification:_identify(src/rm_localization) by extension 'ignore_ament_install'
[0.307s] Level 1:colcon.colcon_core.package_identification:_identify(src/rm_localization) by extensions ['colcon_pkg']
[0.307s] Level 1:colcon.colcon_core.package_identification:_identify(src/rm_localization) by extension 'colcon_pkg'
[0.307s] Level 1:colcon.colcon_core.package_identification:_identify(src/rm_localization) by extensions ['colcon_meta']
[0.307s] Level 1:colcon.colcon_core.package_identification:_identify(src/rm_localization) by extension 'colcon_meta'
[0.307s] Level 1:colcon.colcon_core.package_identification:_identify(src/rm_localization) by extensions ['ros']
[0.307s] Level 1:colcon.colcon_core.package_identification:_identify(src/rm_localization) by extension 'ros'
[0.307s] Level 1:colcon.colcon_core.package_identification:_identify(src/rm_localization) by extensions ['cmake', 'python']
[0.307s] Level 1:colcon.colcon_core.package_identification:_identify(src/rm_localization) by extension 'cmake'
[0.307s] Level 1:colcon.colcon_core.package_identification:_identify(src/rm_localization) by extension 'python'
[0.307s] Level 1:colcon.colcon_core.package_identification:_identify(src/rm_localization) by extensions ['python_setup_py']
[0.307s] Level 1:colcon.colcon_core.package_identification:_identify(src/rm_localization) by extension 'python_setup_py'
[0.307s] Level 1:colcon.colcon_core.package_identification:_identify(src/rm_localization/fast_lio) by extensions ['ignore', 'ignore_ament_install']
[0.307s] Level 1:colcon.colcon_core.package_identification:_identify(src/rm_localization/fast_lio) by extension 'ignore'
[0.307s] Level 1:colcon.colcon_core.package_identification:_identify(src/rm_localization/fast_lio) by extension 'ignore_ament_install'
[0.307s] Level 1:colcon.colcon_core.package_identification:_identify(src/rm_localization/fast_lio) by extensions ['colcon_pkg']
[0.307s] Level 1:colcon.colcon_core.package_identification:_identify(src/rm_localization/fast_lio) by extension 'colcon_pkg'
[0.307s] Level 1:colcon.colcon_core.package_identification:_identify(src/rm_localization/fast_lio) by extensions ['colcon_meta']
[0.307s] Level 1:colcon.colcon_core.package_identification:_identify(src/rm_localization/fast_lio) by extension 'colcon_meta'
[0.307s] Level 1:colcon.colcon_core.package_identification:_identify(src/rm_localization/fast_lio) by extensions ['ros']
[0.307s] Level 1:colcon.colcon_core.package_identification:_identify(src/rm_localization/fast_lio) by extension 'ros'
[0.308s] DEBUG:colcon.colcon_core.package_identification:Package 'src/rm_localization/fast_lio' with type 'ros.ament_cmake' and name 'fast_lio'
[0.308s] Level 1:colcon.colcon_core.package_identification:_identify(src/rm_localization/icp_localization_ros2) by extensions ['ignore', 'ignore_ament_install']
[0.308s] Level 1:colcon.colcon_core.package_identification:_identify(src/rm_localization/icp_localization_ros2) by extension 'ignore'
[0.308s] Level 1:colcon.colcon_core.package_identification:_identify(src/rm_localization/icp_localization_ros2) by extension 'ignore_ament_install'
[0.308s] Level 1:colcon.colcon_core.package_identification:_identify(src/rm_localization/icp_localization_ros2) by extensions ['colcon_pkg']
[0.308s] Level 1:colcon.colcon_core.package_identification:_identify(src/rm_localization/icp_localization_ros2) by extension 'colcon_pkg'
[0.308s] Level 1:colcon.colcon_core.package_identification:_identify(src/rm_localization/icp_localization_ros2) by extensions ['colcon_meta']
[0.308s] Level 1:colcon.colcon_core.package_identification:_identify(src/rm_localization/icp_localization_ros2) by extension 'colcon_meta'
[0.309s] Level 1:colcon.colcon_core.package_identification:_identify(src/rm_localization/icp_localization_ros2) by extensions ['ros']
[0.309s] Level 1:colcon.colcon_core.package_identification:_identify(src/rm_localization/icp_localization_ros2) by extension 'ros'
[0.309s] DEBUG:colcon.colcon_core.package_identification:Package 'src/rm_localization/icp_localization_ros2' with type 'ros.ament_cmake' and name 'icp_localization_ros2'
[0.309s] Level 1:colcon.colcon_core.package_identification:_identify(src/rm_navigation) by extensions ['ignore', 'ignore_ament_install']
[0.310s] Level 1:colcon.colcon_core.package_identification:_identify(src/rm_navigation) by extension 'ignore'
[0.310s] Level 1:colcon.colcon_core.package_identification:_identify(src/rm_navigation) by extension 'ignore_ament_install'
[0.310s] Level 1:colcon.colcon_core.package_identification:_identify(src/rm_navigation) by extensions ['colcon_pkg']
[0.310s] Level 1:colcon.colcon_core.package_identification:_identify(src/rm_navigation) by extension 'colcon_pkg'
[0.310s] Level 1:colcon.colcon_core.package_identification:_identify(src/rm_navigation) by extensions ['colcon_meta']
[0.310s] Level 1:colcon.colcon_core.package_identification:_identify(src/rm_navigation) by extension 'colcon_meta'
[0.310s] Level 1:colcon.colcon_core.package_identification:_identify(src/rm_navigation) by extensions ['ros']
[0.310s] Level 1:colcon.colcon_core.package_identification:_identify(src/rm_navigation) by extension 'ros'
[0.310s] DEBUG:colcon.colcon_core.package_identification:Package 'src/rm_navigation' with type 'ros.ament_cmake' and name 'rm_navigation'
[0.310s] Level 1:colcon.colcon_core.package_identification:_identify(src/rm_perception) by extensions ['ignore', 'ignore_ament_install']
[0.310s] Level 1:colcon.colcon_core.package_identification:_identify(src/rm_perception) by extension 'ignore'
[0.310s] Level 1:colcon.colcon_core.package_identification:_identify(src/rm_perception) by extension 'ignore_ament_install'
[0.310s] Level 1:colcon.colcon_core.package_identification:_identify(src/rm_perception) by extensions ['colcon_pkg']
[0.310s] Level 1:colcon.colcon_core.package_identification:_identify(src/rm_perception) by extension 'colcon_pkg'
[0.310s] Level 1:colcon.colcon_core.package_identification:_identify(src/rm_perception) by extensions ['colcon_meta']
[0.310s] Level 1:colcon.colcon_core.package_identification:_identify(src/rm_perception) by extension 'colcon_meta'
[0.310s] Level 1:colcon.colcon_core.package_identification:_identify(src/rm_perception) by extensions ['ros']
[0.310s] Level 1:colcon.colcon_core.package_identification:_identify(src/rm_perception) by extension 'ros'
[0.310s] Level 1:colcon.colcon_core.package_identification:_identify(src/rm_perception) by extensions ['cmake', 'python']
[0.310s] Level 1:colcon.colcon_core.package_identification:_identify(src/rm_perception) by extension 'cmake'
[0.310s] Level 1:colcon.colcon_core.package_identification:_identify(src/rm_perception) by extension 'python'
[0.310s] Level 1:colcon.colcon_core.package_identification:_identify(src/rm_perception) by extensions ['python_setup_py']
[0.310s] Level 1:colcon.colcon_core.package_identification:_identify(src/rm_perception) by extension 'python_setup_py'
[0.310s] Level 1:colcon.colcon_core.package_identification:_identify(src/rm_perception/imu_complementary_filter) by extensions ['ignore', 'ignore_ament_install']
[0.310s] Level 1:colcon.colcon_core.package_identification:_identify(src/rm_perception/imu_complementary_filter) by extension 'ignore'
[0.311s] Level 1:colcon.colcon_core.package_identification:_identify(src/rm_perception/imu_complementary_filter) by extension 'ignore_ament_install'
[0.311s] Level 1:colcon.colcon_core.package_identification:_identify(src/rm_perception/imu_complementary_filter) by extensions ['colcon_pkg']
[0.311s] Level 1:colcon.colcon_core.package_identification:_identify(src/rm_perception/imu_complementary_filter) by extension 'colcon_pkg'
[0.311s] Level 1:colcon.colcon_core.package_identification:_identify(src/rm_perception/imu_complementary_filter) by extensions ['colcon_meta']
[0.311s] Level 1:colcon.colcon_core.package_identification:_identify(src/rm_perception/imu_complementary_filter) by extension 'colcon_meta'
[0.311s] Level 1:colcon.colcon_core.package_identification:_identify(src/rm_perception/imu_complementary_filter) by extensions ['ros']
[0.311s] Level 1:colcon.colcon_core.package_identification:_identify(src/rm_perception/imu_complementary_filter) by extension 'ros'
[0.311s] DEBUG:colcon.colcon_core.package_identification:Package 'src/rm_perception/imu_complementary_filter' with type 'ros.ament_cmake' and name 'imu_complementary_filter'
[0.311s] Level 1:colcon.colcon_core.package_identification:_identify(src/rm_perception/linefit_ground_segementation_ros2) by extensions ['ignore', 'ignore_ament_install']
[0.311s] Level 1:colcon.colcon_core.package_identification:_identify(src/rm_perception/linefit_ground_segementation_ros2) by extension 'ignore'
[0.311s] Level 1:colcon.colcon_core.package_identification:_identify(src/rm_perception/linefit_ground_segementation_ros2) by extension 'ignore_ament_install'
[0.311s] Level 1:colcon.colcon_core.package_identification:_identify(src/rm_perception/linefit_ground_segementation_ros2) by extensions ['colcon_pkg']
[0.311s] Level 1:colcon.colcon_core.package_identification:_identify(src/rm_perception/linefit_ground_segementation_ros2) by extension 'colcon_pkg'
[0.311s] Level 1:colcon.colcon_core.package_identification:_identify(src/rm_perception/linefit_ground_segementation_ros2) by extensions ['colcon_meta']
[0.311s] Level 1:colcon.colcon_core.package_identification:_identify(src/rm_perception/linefit_ground_segementation_ros2) by extension 'colcon_meta'
[0.311s] Level 1:colcon.colcon_core.package_identification:_identify(src/rm_perception/linefit_ground_segementation_ros2) by extensions ['ros']
[0.311s] Level 1:colcon.colcon_core.package_identification:_identify(src/rm_perception/linefit_ground_segementation_ros2) by extension 'ros'
[0.311s] Level 1:colcon.colcon_core.package_identification:_identify(src/rm_perception/linefit_ground_segementation_ros2) by extensions ['cmake', 'python']
[0.311s] Level 1:colcon.colcon_core.package_identification:_identify(src/rm_perception/linefit_ground_segementation_ros2) by extension 'cmake'
[0.311s] Level 1:colcon.colcon_core.package_identification:_identify(src/rm_perception/linefit_ground_segementation_ros2) by extension 'python'
[0.311s] Level 1:colcon.colcon_core.package_identification:_identify(src/rm_perception/linefit_ground_segementation_ros2) by extensions ['python_setup_py']
[0.311s] Level 1:colcon.colcon_core.package_identification:_identify(src/rm_perception/linefit_ground_segementation_ros2) by extension 'python_setup_py'
[0.311s] Level 1:colcon.colcon_core.package_identification:_identify(src/rm_perception/linefit_ground_segementation_ros2/doc) by extensions ['ignore', 'ignore_ament_install']
[0.312s] Level 1:colcon.colcon_core.package_identification:_identify(src/rm_perception/linefit_ground_segementation_ros2/doc) by extension 'ignore'
[0.312s] Level 1:colcon.colcon_core.package_identification:_identify(src/rm_perception/linefit_ground_segementation_ros2/doc) by extension 'ignore_ament_install'
[0.312s] Level 1:colcon.colcon_core.package_identification:_identify(src/rm_perception/linefit_ground_segementation_ros2/doc) by extensions ['colcon_pkg']
[0.312s] Level 1:colcon.colcon_core.package_identification:_identify(src/rm_perception/linefit_ground_segementation_ros2/doc) by extension 'colcon_pkg'
[0.312s] Level 1:colcon.colcon_core.package_identification:_identify(src/rm_perception/linefit_ground_segementation_ros2/doc) by extensions ['colcon_meta']
[0.312s] Level 1:colcon.colcon_core.package_identification:_identify(src/rm_perception/linefit_ground_segementation_ros2/doc) by extension 'colcon_meta'
[0.312s] Level 1:colcon.colcon_core.package_identification:_identify(src/rm_perception/linefit_ground_segementation_ros2/doc) by extensions ['ros']
[0.312s] Level 1:colcon.colcon_core.package_identification:_identify(src/rm_perception/linefit_ground_segementation_ros2/doc) by extension 'ros'
[0.312s] Level 1:colcon.colcon_core.package_identification:_identify(src/rm_perception/linefit_ground_segementation_ros2/doc) by extensions ['cmake', 'python']
[0.312s] Level 1:colcon.colcon_core.package_identification:_identify(src/rm_perception/linefit_ground_segementation_ros2/doc) by extension 'cmake'
[0.312s] Level 1:colcon.colcon_core.package_identification:_identify(src/rm_perception/linefit_ground_segementation_ros2/doc) by extension 'python'
[0.312s] Level 1:colcon.colcon_core.package_identification:_identify(src/rm_perception/linefit_ground_segementation_ros2/doc) by extensions ['python_setup_py']
[0.312s] Level 1:colcon.colcon_core.package_identification:_identify(src/rm_perception/linefit_ground_segementation_ros2/doc) by extension 'python_setup_py'
[0.312s] Level 1:colcon.colcon_core.package_identification:_identify(src/rm_perception/linefit_ground_segementation_ros2/linefit_ground_segmentation) by extensions ['ignore', 'ignore_ament_install']
[0.312s] Level 1:colcon.colcon_core.package_identification:_identify(src/rm_perception/linefit_ground_segementation_ros2/linefit_ground_segmentation) by extension 'ignore'
[0.312s] Level 1:colcon.colcon_core.package_identification:_identify(src/rm_perception/linefit_ground_segementation_ros2/linefit_ground_segmentation) by extension 'ignore_ament_install'
[0.312s] Level 1:colcon.colcon_core.package_identification:_identify(src/rm_perception/linefit_ground_segementation_ros2/linefit_ground_segmentation) by extensions ['colcon_pkg']
[0.312s] Level 1:colcon.colcon_core.package_identification:_identify(src/rm_perception/linefit_ground_segementation_ros2/linefit_ground_segmentation) by extension 'colcon_pkg'
[0.312s] Level 1:colcon.colcon_core.package_identification:_identify(src/rm_perception/linefit_ground_segementation_ros2/linefit_ground_segmentation) by extensions ['colcon_meta']
[0.312s] Level 1:colcon.colcon_core.package_identification:_identify(src/rm_perception/linefit_ground_segementation_ros2/linefit_ground_segmentation) by extension 'colcon_meta'
[0.312s] Level 1:colcon.colcon_core.package_identification:_identify(src/rm_perception/linefit_ground_segementation_ros2/linefit_ground_segmentation) by extensions ['ros']
[0.312s] Level 1:colcon.colcon_core.package_identification:_identify(src/rm_perception/linefit_ground_segementation_ros2/linefit_ground_segmentation) by extension 'ros'
[0.313s] DEBUG:colcon.colcon_core.package_identification:Package 'src/rm_perception/linefit_ground_segementation_ros2/linefit_ground_segmentation' with type 'ros.ament_cmake' and name 'linefit_ground_segmentation'
[0.313s] Level 1:colcon.colcon_core.package_identification:_identify(src/rm_perception/linefit_ground_segementation_ros2/linefit_ground_segmentation_ros) by extensions ['ignore', 'ignore_ament_install']
[0.313s] Level 1:colcon.colcon_core.package_identification:_identify(src/rm_perception/linefit_ground_segementation_ros2/linefit_ground_segmentation_ros) by extension 'ignore'
[0.313s] Level 1:colcon.colcon_core.package_identification:_identify(src/rm_perception/linefit_ground_segementation_ros2/linefit_ground_segmentation_ros) by extension 'ignore_ament_install'
[0.313s] Level 1:colcon.colcon_core.package_identification:_identify(src/rm_perception/linefit_ground_segementation_ros2/linefit_ground_segmentation_ros) by extensions ['colcon_pkg']
[0.313s] Level 1:colcon.colcon_core.package_identification:_identify(src/rm_perception/linefit_ground_segementation_ros2/linefit_ground_segmentation_ros) by extension 'colcon_pkg'
[0.313s] Level 1:colcon.colcon_core.package_identification:_identify(src/rm_perception/linefit_ground_segementation_ros2/linefit_ground_segmentation_ros) by extensions ['colcon_meta']
[0.313s] Level 1:colcon.colcon_core.package_identification:_identify(src/rm_perception/linefit_ground_segementation_ros2/linefit_ground_segmentation_ros) by extension 'colcon_meta'
[0.313s] Level 1:colcon.colcon_core.package_identification:_identify(src/rm_perception/linefit_ground_segementation_ros2/linefit_ground_segmentation_ros) by extensions ['ros']
[0.313s] Level 1:colcon.colcon_core.package_identification:_identify(src/rm_perception/linefit_ground_segementation_ros2/linefit_ground_segmentation_ros) by extension 'ros'
[0.313s] DEBUG:colcon.colcon_core.package_identification:Package 'src/rm_perception/linefit_ground_segementation_ros2/linefit_ground_segmentation_ros' with type 'ros.ament_cmake' and name 'linefit_ground_segmentation_ros'
[0.313s] Level 1:colcon.colcon_core.package_identification:_identify(src/rm_perception/pointcloud_to_laserscan) by extensions ['ignore', 'ignore_ament_install']
[0.313s] Level 1:colcon.colcon_core.package_identification:_identify(src/rm_perception/pointcloud_to_laserscan) by extension 'ignore'
[0.313s] Level 1:colcon.colcon_core.package_identification:_identify(src/rm_perception/pointcloud_to_laserscan) by extension 'ignore_ament_install'
[0.313s] Level 1:colcon.colcon_core.package_identification:_identify(src/rm_perception/pointcloud_to_laserscan) by extensions ['colcon_pkg']
[0.314s] Level 1:colcon.colcon_core.package_identification:_identify(src/rm_perception/pointcloud_to_laserscan) by extension 'colcon_pkg'
[0.314s] Level 1:colcon.colcon_core.package_identification:_identify(src/rm_perception/pointcloud_to_laserscan) by extensions ['colcon_meta']
[0.314s] Level 1:colcon.colcon_core.package_identification:_identify(src/rm_perception/pointcloud_to_laserscan) by extension 'colcon_meta'
[0.314s] Level 1:colcon.colcon_core.package_identification:_identify(src/rm_perception/pointcloud_to_laserscan) by extensions ['ros']
[0.314s] Level 1:colcon.colcon_core.package_identification:_identify(src/rm_perception/pointcloud_to_laserscan) by extension 'ros'
[0.315s] DEBUG:colcon.colcon_core.package_identification:Package 'src/rm_perception/pointcloud_to_laserscan' with type 'ros.ament_cmake' and name 'pointcloud_to_laserscan'
[0.315s] Level 1:colcon.colcon_core.package_identification:_identify(src/rm_sensors) by extensions ['ignore', 'ignore_ament_install']
[0.315s] Level 1:colcon.colcon_core.package_identification:_identify(src/rm_sensors) by extension 'ignore'
[0.315s] Level 1:colcon.colcon_core.package_identification:_identify(src/rm_sensors) by extension 'ignore_ament_install'
[0.315s] Level 1:colcon.colcon_core.package_identification:_identify(src/rm_sensors) by extensions ['colcon_pkg']
[0.315s] Level 1:colcon.colcon_core.package_identification:_identify(src/rm_sensors) by extension 'colcon_pkg'
[0.315s] Level 1:colcon.colcon_core.package_identification:_identify(src/rm_sensors) by extensions ['colcon_meta']
[0.315s] Level 1:colcon.colcon_core.package_identification:_identify(src/rm_sensors) by extension 'colcon_meta'
[0.315s] Level 1:colcon.colcon_core.package_identification:_identify(src/rm_sensors) by extensions ['ros']
[0.315s] Level 1:colcon.colcon_core.package_identification:_identify(src/rm_sensors) by extension 'ros'
[0.315s] Level 1:colcon.colcon_core.package_identification:_identify(src/rm_sensors) by extensions ['cmake', 'python']
[0.315s] Level 1:colcon.colcon_core.package_identification:_identify(src/rm_sensors) by extension 'cmake'
[0.315s] Level 1:colcon.colcon_core.package_identification:_identify(src/rm_sensors) by extension 'python'
[0.315s] Level 1:colcon.colcon_core.package_identification:_identify(src/rm_sensors) by extensions ['python_setup_py']
[0.315s] Level 1:colcon.colcon_core.package_identification:_identify(src/rm_sensors) by extension 'python_setup_py'
[0.315s] Level 1:colcon.colcon_core.package_identification:_identify(src/rm_sensors/livox_ros_driver2) by extensions ['ignore', 'ignore_ament_install']
[0.315s] Level 1:colcon.colcon_core.package_identification:_identify(src/rm_sensors/livox_ros_driver2) by extension 'ignore'
[0.315s] Level 1:colcon.colcon_core.package_identification:_identify(src/rm_sensors/livox_ros_driver2) by extension 'ignore_ament_install'
[0.315s] Level 1:colcon.colcon_core.package_identification:_identify(src/rm_sensors/livox_ros_driver2) by extensions ['colcon_pkg']
[0.315s] Level 1:colcon.colcon_core.package_identification:_identify(src/rm_sensors/livox_ros_driver2) by extension 'colcon_pkg'
[0.315s] Level 1:colcon.colcon_core.package_identification:_identify(src/rm_sensors/livox_ros_driver2) by extensions ['colcon_meta']
[0.315s] Level 1:colcon.colcon_core.package_identification:_identify(src/rm_sensors/livox_ros_driver2) by extension 'colcon_meta'
[0.315s] Level 1:colcon.colcon_core.package_identification:_identify(src/rm_sensors/livox_ros_driver2) by extensions ['ros']
[0.315s] Level 1:colcon.colcon_core.package_identification:_identify(src/rm_sensors/livox_ros_driver2) by extension 'ros'
[0.316s] DEBUG:colcon.colcon_core.package_identification:Package 'src/rm_sensors/livox_ros_driver2' with type 'ros.ament_cmake' and name 'livox_ros_driver2'
[0.316s] Level 1:colcon.colcon_core.package_identification:_identify(src/rm_sensors/rplidar_ros) by extensions ['ignore', 'ignore_ament_install']
[0.317s] Level 1:colcon.colcon_core.package_identification:_identify(src/rm_sensors/rplidar_ros) by extension 'ignore'
[0.317s] Level 1:colcon.colcon_core.package_identification:_identify(src/rm_sensors/rplidar_ros) by extension 'ignore_ament_install'
[0.317s] Level 1:colcon.colcon_core.package_identification:_identify(src/rm_sensors/rplidar_ros) by extensions ['colcon_pkg']
[0.317s] Level 1:colcon.colcon_core.package_identification:_identify(src/rm_sensors/rplidar_ros) by extension 'colcon_pkg'
[0.317s] Level 1:colcon.colcon_core.package_identification:_identify(src/rm_sensors/rplidar_ros) by extensions ['colcon_meta']
[0.317s] Level 1:colcon.colcon_core.package_identification:_identify(src/rm_sensors/rplidar_ros) by extension 'colcon_meta'
[0.317s] Level 1:colcon.colcon_core.package_identification:_identify(src/rm_sensors/rplidar_ros) by extensions ['ros']
[0.317s] Level 1:colcon.colcon_core.package_identification:_identify(src/rm_sensors/rplidar_ros) by extension 'ros'
[0.317s] DEBUG:colcon.colcon_core.package_identification:Package 'src/rm_sensors/rplidar_ros' with type 'ros.ament_cmake' and name 'rplidar_ros'
[0.317s] Level 1:colcon.colcon_core.package_discovery:discover_packages(recursive) using defaults
[0.317s] Level 1:colcon.colcon_core.package_discovery:discover_packages(ignore) discover
[0.317s] Level 1:colcon.colcon_core.package_discovery:discover_packages(ignore) using defaults
[0.317s] Level 1:colcon.colcon_core.package_discovery:discover_packages(path) discover
[0.317s] Level 1:colcon.colcon_core.package_discovery:discover_packages(path) using defaults
[0.337s] Level 1:colcon.colcon_core.package_discovery:discover_packages(prefix_path) check parameters
[0.337s] Level 1:colcon.colcon_core.package_discovery:discover_packages(prefix_path) discover
[0.341s] DEBUG:colcon.colcon_installed_package_information.package_discovery:Found 407 installed packages in /opt/ros/humble
[0.344s] Level 1:colcon.colcon_core.package_discovery:discover_packages(prefix_path) using defaults
[0.378s] Level 5:colcon.colcon_core.verb:set package 'icp_localization_ros2' build argument 'cmake_args' from command line to 'None'
[0.378s] Level 5:colcon.colcon_core.verb:set package 'icp_localization_ros2' build argument 'cmake_target' from command line to 'None'
[0.378s] Level 5:colcon.colcon_core.verb:set package 'icp_localization_ros2' build argument 'cmake_target_skip_unavailable' from command line to 'False'
[0.378s] Level 5:colcon.colcon_core.verb:set package 'icp_localization_ros2' build argument 'cmake_clean_cache' from command line to 'False'
[0.378s] Level 5:colcon.colcon_core.verb:set package 'icp_localization_ros2' build argument 'cmake_clean_first' from command line to 'False'
[0.378s] Level 5:colcon.colcon_core.verb:set package 'icp_localization_ros2' build argument 'cmake_force_configure' from command line to 'False'
[0.378s] Level 5:colcon.colcon_core.verb:set package 'icp_localization_ros2' build argument 'ament_cmake_args' from command line to 'None'
[0.378s] Level 5:colcon.colcon_core.verb:set package 'icp_localization_ros2' build argument 'catkin_cmake_args' from command line to 'None'
[0.378s] Level 5:colcon.colcon_core.verb:set package 'icp_localization_ros2' build argument 'catkin_skip_building_tests' from command line to 'False'
[0.378s] DEBUG:colcon.colcon_core.verb:Building package 'icp_localization_ros2' with the following arguments: {'ament_cmake_args': None, 'build_base': '/home/ljhua/ROBOCON2026/lidar_test/CSU-RM-Sentry/build/icp_localization_ros2', 'catkin_cmake_args': None, 'catkin_skip_building_tests': False, 'cmake_args': None, 'cmake_clean_cache': False, 'cmake_clean_first': False, 'cmake_force_configure': False, 'cmake_target': None, 'cmake_target_skip_unavailable': False, 'install_base': '/home/ljhua/ROBOCON2026/lidar_test/CSU-RM-Sentry/install/icp_localization_ros2', 'merge_install': False, 'path': '/home/ljhua/ROBOCON2026/lidar_test/CSU-RM-Sentry/src/rm_localization/icp_localization_ros2', 'symlink_install': True, 'test_result_base': None}
[0.379s] Level 5:colcon.colcon_core.verb:set package 'imu_complementary_filter' build argument 'cmake_args' from command line to 'None'
[0.379s] Level 5:colcon.colcon_core.verb:set package 'imu_complementary_filter' build argument 'cmake_target' from command line to 'None'
[0.379s] Level 5:colcon.colcon_core.verb:set package 'imu_complementary_filter' build argument 'cmake_target_skip_unavailable' from command line to 'False'
[0.379s] Level 5:colcon.colcon_core.verb:set package 'imu_complementary_filter' build argument 'cmake_clean_cache' from command line to 'False'
[0.379s] Level 5:colcon.colcon_core.verb:set package 'imu_complementary_filter' build argument 'cmake_clean_first' from command line to 'False'
[0.379s] Level 5:colcon.colcon_core.verb:set package 'imu_complementary_filter' build argument 'cmake_force_configure' from command line to 'False'
[0.379s] Level 5:colcon.colcon_core.verb:set package 'imu_complementary_filter' build argument 'ament_cmake_args' from command line to 'None'
[0.379s] Level 5:colcon.colcon_core.verb:set package 'imu_complementary_filter' build argument 'catkin_cmake_args' from command line to 'None'
[0.379s] Level 5:colcon.colcon_core.verb:set package 'imu_complementary_filter' build argument 'catkin_skip_building_tests' from command line to 'False'
[0.379s] DEBUG:colcon.colcon_core.verb:Building package 'imu_complementary_filter' with the following arguments: {'ament_cmake_args': None, 'build_base': '/home/ljhua/ROBOCON2026/lidar_test/CSU-RM-Sentry/build/imu_complementary_filter', 'catkin_cmake_args': None, 'catkin_skip_building_tests': False, 'cmake_args': None, 'cmake_clean_cache': False, 'cmake_clean_first': False, 'cmake_force_configure': False, 'cmake_target': None, 'cmake_target_skip_unavailable': False, 'install_base': '/home/ljhua/ROBOCON2026/lidar_test/CSU-RM-Sentry/install/imu_complementary_filter', 'merge_install': False, 'path': '/home/ljhua/ROBOCON2026/lidar_test/CSU-RM-Sentry/src/rm_perception/imu_complementary_filter', 'symlink_install': True, 'test_result_base': None}
[0.379s] Level 5:colcon.colcon_core.verb:set package 'linefit_ground_segmentation' build argument 'cmake_args' from command line to 'None'
[0.379s] Level 5:colcon.colcon_core.verb:set package 'linefit_ground_segmentation' build argument 'cmake_target' from command line to 'None'
[0.379s] Level 5:colcon.colcon_core.verb:set package 'linefit_ground_segmentation' build argument 'cmake_target_skip_unavailable' from command line to 'False'
[0.379s] Level 5:colcon.colcon_core.verb:set package 'linefit_ground_segmentation' build argument 'cmake_clean_cache' from command line to 'False'
[0.379s] Level 5:colcon.colcon_core.verb:set package 'linefit_ground_segmentation' build argument 'cmake_clean_first' from command line to 'False'
[0.379s] Level 5:colcon.colcon_core.verb:set package 'linefit_ground_segmentation' build argument 'cmake_force_configure' from command line to 'False'
[0.379s] Level 5:colcon.colcon_core.verb:set package 'linefit_ground_segmentation' build argument 'ament_cmake_args' from command line to 'None'
[0.379s] Level 5:colcon.colcon_core.verb:set package 'linefit_ground_segmentation' build argument 'catkin_cmake_args' from command line to 'None'
[0.379s] Level 5:colcon.colcon_core.verb:set package 'linefit_ground_segmentation' build argument 'catkin_skip_building_tests' from command line to 'False'
[0.379s] DEBUG:colcon.colcon_core.verb:Building package 'linefit_ground_segmentation' with the following arguments: {'ament_cmake_args': None, 'build_base': '/home/ljhua/ROBOCON2026/lidar_test/CSU-RM-Sentry/build/linefit_ground_segmentation', 'catkin_cmake_args': None, 'catkin_skip_building_tests': False, 'cmake_args': None, 'cmake_clean_cache': False, 'cmake_clean_first': False, 'cmake_force_configure': False, 'cmake_target': None, 'cmake_target_skip_unavailable': False, 'install_base': '/home/ljhua/ROBOCON2026/lidar_test/CSU-RM-Sentry/install/linefit_ground_segmentation', 'merge_install': False, 'path': '/home/ljhua/ROBOCON2026/lidar_test/CSU-RM-Sentry/src/rm_perception/linefit_ground_segementation_ros2/linefit_ground_segmentation', 'symlink_install': True, 'test_result_base': None}
[0.379s] Level 5:colcon.colcon_core.verb:set package 'livox_ros_driver2' build argument 'cmake_args' from command line to 'None'
[0.379s] Level 5:colcon.colcon_core.verb:set package 'livox_ros_driver2' build argument 'cmake_target' from command line to 'None'
[0.379s] Level 5:colcon.colcon_core.verb:set package 'livox_ros_driver2' build argument 'cmake_target_skip_unavailable' from command line to 'False'
[0.379s] Level 5:colcon.colcon_core.verb:set package 'livox_ros_driver2' build argument 'cmake_clean_cache' from command line to 'False'
[0.379s] Level 5:colcon.colcon_core.verb:set package 'livox_ros_driver2' build argument 'cmake_clean_first' from command line to 'False'
[0.379s] Level 5:colcon.colcon_core.verb:set package 'livox_ros_driver2' build argument 'cmake_force_configure' from command line to 'False'
[0.379s] Level 5:colcon.colcon_core.verb:set package 'livox_ros_driver2' build argument 'ament_cmake_args' from command line to 'None'
[0.379s] Level 5:colcon.colcon_core.verb:set package 'livox_ros_driver2' build argument 'catkin_cmake_args' from command line to 'None'
[0.379s] Level 5:colcon.colcon_core.verb:set package 'livox_ros_driver2' build argument 'catkin_skip_building_tests' from command line to 'False'
[0.379s] DEBUG:colcon.colcon_core.verb:Building package 'livox_ros_driver2' with the following arguments: {'ament_cmake_args': None, 'build_base': '/home/ljhua/ROBOCON2026/lidar_test/CSU-RM-Sentry/build/livox_ros_driver2', 'catkin_cmake_args': None, 'catkin_skip_building_tests': False, 'cmake_args': None, 'cmake_clean_cache': False, 'cmake_clean_first': False, 'cmake_force_configure': False, 'cmake_target': None, 'cmake_target_skip_unavailable': False, 'install_base': '/home/ljhua/ROBOCON2026/lidar_test/CSU-RM-Sentry/install/livox_ros_driver2', 'merge_install': False, 'path': '/home/ljhua/ROBOCON2026/lidar_test/CSU-RM-Sentry/src/rm_sensors/livox_ros_driver2', 'symlink_install': True, 'test_result_base': None}
[0.380s] Level 5:colcon.colcon_core.verb:set package 'pointcloud_to_laserscan' build argument 'cmake_args' from command line to 'None'
[0.380s] Level 5:colcon.colcon_core.verb:set package 'pointcloud_to_laserscan' build argument 'cmake_target' from command line to 'None'
[0.380s] Level 5:colcon.colcon_core.verb:set package 'pointcloud_to_laserscan' build argument 'cmake_target_skip_unavailable' from command line to 'False'
[0.380s] Level 5:colcon.colcon_core.verb:set package 'pointcloud_to_laserscan' build argument 'cmake_clean_cache' from command line to 'False'
[0.380s] Level 5:colcon.colcon_core.verb:set package 'pointcloud_to_laserscan' build argument 'cmake_clean_first' from command line to 'False'
[0.380s] Level 5:colcon.colcon_core.verb:set package 'pointcloud_to_laserscan' build argument 'cmake_force_configure' from command line to 'False'
[0.380s] Level 5:colcon.colcon_core.verb:set package 'pointcloud_to_laserscan' build argument 'ament_cmake_args' from command line to 'None'
[0.380s] Level 5:colcon.colcon_core.verb:set package 'pointcloud_to_laserscan' build argument 'catkin_cmake_args' from command line to 'None'
[0.380s] Level 5:colcon.colcon_core.verb:set package 'pointcloud_to_laserscan' build argument 'catkin_skip_building_tests' from command line to 'False'
[0.380s] DEBUG:colcon.colcon_core.verb:Building package 'pointcloud_to_laserscan' with the following arguments: {'ament_cmake_args': None, 'build_base': '/home/ljhua/ROBOCON2026/lidar_test/CSU-RM-Sentry/build/pointcloud_to_laserscan', 'catkin_cmake_args': None, 'catkin_skip_building_tests': False, 'cmake_args': None, 'cmake_clean_cache': False, 'cmake_clean_first': False, 'cmake_force_configure': False, 'cmake_target': None, 'cmake_target_skip_unavailable': False, 'install_base': '/home/ljhua/ROBOCON2026/lidar_test/CSU-RM-Sentry/install/pointcloud_to_laserscan', 'merge_install': False, 'path': '/home/ljhua/ROBOCON2026/lidar_test/CSU-RM-Sentry/src/rm_perception/pointcloud_to_laserscan', 'symlink_install': True, 'test_result_base': None}
[0.380s] Level 5:colcon.colcon_core.verb:set package 'rc_serial_driver' build argument 'cmake_args' from command line to 'None'
[0.380s] Level 5:colcon.colcon_core.verb:set package 'rc_serial_driver' build argument 'cmake_target' from command line to 'None'
[0.380s] Level 5:colcon.colcon_core.verb:set package 'rc_serial_driver' build argument 'cmake_target_skip_unavailable' from command line to 'False'
[0.380s] Level 5:colcon.colcon_core.verb:set package 'rc_serial_driver' build argument 'cmake_clean_cache' from command line to 'False'
[0.380s] Level 5:colcon.colcon_core.verb:set package 'rc_serial_driver' build argument 'cmake_clean_first' from command line to 'False'
[0.380s] Level 5:colcon.colcon_core.verb:set package 'rc_serial_driver' build argument 'cmake_force_configure' from command line to 'False'
[0.380s] Level 5:colcon.colcon_core.verb:set package 'rc_serial_driver' build argument 'ament_cmake_args' from command line to 'None'
[0.380s] Level 5:colcon.colcon_core.verb:set package 'rc_serial_driver' build argument 'catkin_cmake_args' from command line to 'None'
[0.380s] Level 5:colcon.colcon_core.verb:set package 'rc_serial_driver' build argument 'catkin_skip_building_tests' from command line to 'False'
[0.380s] DEBUG:colcon.colcon_core.verb:Building package 'rc_serial_driver' with the following arguments: {'ament_cmake_args': None, 'build_base': '/home/ljhua/ROBOCON2026/lidar_test/CSU-RM-Sentry/build/rc_serial_driver', 'catkin_cmake_args': None, 'catkin_skip_building_tests': False, 'cmake_args': None, 'cmake_clean_cache': False, 'cmake_clean_first': False, 'cmake_force_configure': False, 'cmake_target': None, 'cmake_target_skip_unavailable': False, 'install_base': '/home/ljhua/ROBOCON2026/lidar_test/CSU-RM-Sentry/install/rc_serial_driver', 'merge_install': False, 'path': '/home/ljhua/ROBOCON2026/lidar_test/CSU-RM-Sentry/src/rc_serial_driver', 'symlink_install': True, 'test_result_base': None}
[0.380s] Level 5:colcon.colcon_core.verb:set package 'rm_navigation' build argument 'cmake_args' from command line to 'None'
[0.380s] Level 5:colcon.colcon_core.verb:set package 'rm_navigation' build argument 'cmake_target' from command line to 'None'
[0.380s] Level 5:colcon.colcon_core.verb:set package 'rm_navigation' build argument 'cmake_target_skip_unavailable' from command line to 'False'
[0.380s] Level 5:colcon.colcon_core.verb:set package 'rm_navigation' build argument 'cmake_clean_cache' from command line to 'False'
[0.380s] Level 5:colcon.colcon_core.verb:set package 'rm_navigation' build argument 'cmake_clean_first' from command line to 'False'
[0.380s] Level 5:colcon.colcon_core.verb:set package 'rm_navigation' build argument 'cmake_force_configure' from command line to 'False'
[0.380s] Level 5:colcon.colcon_core.verb:set package 'rm_navigation' build argument 'ament_cmake_args' from command line to 'None'
[0.380s] Level 5:colcon.colcon_core.verb:set package 'rm_navigation' build argument 'catkin_cmake_args' from command line to 'None'
[0.380s] Level 5:colcon.colcon_core.verb:set package 'rm_navigation' build argument 'catkin_skip_building_tests' from command line to 'False'
[0.380s] DEBUG:colcon.colcon_core.verb:Building package 'rm_navigation' with the following arguments: {'ament_cmake_args': None, 'build_base': '/home/ljhua/ROBOCON2026/lidar_test/CSU-RM-Sentry/build/rm_navigation', 'catkin_cmake_args': None, 'catkin_skip_building_tests': False, 'cmake_args': None, 'cmake_clean_cache': False, 'cmake_clean_first': False, 'cmake_force_configure': False, 'cmake_target': None, 'cmake_target_skip_unavailable': False, 'install_base': '/home/ljhua/ROBOCON2026/lidar_test/CSU-RM-Sentry/install/rm_navigation', 'merge_install': False, 'path': '/home/ljhua/ROBOCON2026/lidar_test/CSU-RM-Sentry/src/rm_navigation', 'symlink_install': True, 'test_result_base': None}
[0.381s] Level 5:colcon.colcon_core.verb:set package 'rplidar_ros' build argument 'cmake_args' from command line to 'None'
[0.381s] Level 5:colcon.colcon_core.verb:set package 'rplidar_ros' build argument 'cmake_target' from command line to 'None'
[0.381s] Level 5:colcon.colcon_core.verb:set package 'rplidar_ros' build argument 'cmake_target_skip_unavailable' from command line to 'False'
[0.381s] Level 5:colcon.colcon_core.verb:set package 'rplidar_ros' build argument 'cmake_clean_cache' from command line to 'False'
[0.381s] Level 5:colcon.colcon_core.verb:set package 'rplidar_ros' build argument 'cmake_clean_first' from command line to 'False'
[0.381s] Level 5:colcon.colcon_core.verb:set package 'rplidar_ros' build argument 'cmake_force_configure' from command line to 'False'
[0.381s] Level 5:colcon.colcon_core.verb:set package 'rplidar_ros' build argument 'ament_cmake_args' from command line to 'None'
[0.381s] Level 5:colcon.colcon_core.verb:set package 'rplidar_ros' build argument 'catkin_cmake_args' from command line to 'None'
[0.381s] Level 5:colcon.colcon_core.verb:set package 'rplidar_ros' build argument 'catkin_skip_building_tests' from command line to 'False'
[0.381s] DEBUG:colcon.colcon_core.verb:Building package 'rplidar_ros' with the following arguments: {'ament_cmake_args': None, 'build_base': '/home/ljhua/ROBOCON2026/lidar_test/CSU-RM-Sentry/build/rplidar_ros', 'catkin_cmake_args': None, 'catkin_skip_building_tests': False, 'cmake_args': None, 'cmake_clean_cache': False, 'cmake_clean_first': False, 'cmake_force_configure': False, 'cmake_target': None, 'cmake_target_skip_unavailable': False, 'install_base': '/home/ljhua/ROBOCON2026/lidar_test/CSU-RM-Sentry/install/rplidar_ros', 'merge_install': False, 'path': '/home/ljhua/ROBOCON2026/lidar_test/CSU-RM-Sentry/src/rm_sensors/rplidar_ros', 'symlink_install': True, 'test_result_base': None}
[0.381s] Level 5:colcon.colcon_core.verb:set package 'fast_lio' build argument 'cmake_args' from command line to 'None'
[0.381s] Level 5:colcon.colcon_core.verb:set package 'fast_lio' build argument 'cmake_target' from command line to 'None'
[0.381s] Level 5:colcon.colcon_core.verb:set package 'fast_lio' build argument 'cmake_target_skip_unavailable' from command line to 'False'
[0.381s] Level 5:colcon.colcon_core.verb:set package 'fast_lio' build argument 'cmake_clean_cache' from command line to 'False'
[0.381s] Level 5:colcon.colcon_core.verb:set package 'fast_lio' build argument 'cmake_clean_first' from command line to 'False'
[0.381s] Level 5:colcon.colcon_core.verb:set package 'fast_lio' build argument 'cmake_force_configure' from command line to 'False'
[0.381s] Level 5:colcon.colcon_core.verb:set package 'fast_lio' build argument 'ament_cmake_args' from command line to 'None'
[0.381s] Level 5:colcon.colcon_core.verb:set package 'fast_lio' build argument 'catkin_cmake_args' from command line to 'None'
[0.381s] Level 5:colcon.colcon_core.verb:set package 'fast_lio' build argument 'catkin_skip_building_tests' from command line to 'False'
[0.381s] DEBUG:colcon.colcon_core.verb:Building package 'fast_lio' with the following arguments: {'ament_cmake_args': None, 'build_base': '/home/ljhua/ROBOCON2026/lidar_test/CSU-RM-Sentry/build/fast_lio', 'catkin_cmake_args': None, 'catkin_skip_building_tests': False, 'cmake_args': None, 'cmake_clean_cache': False, 'cmake_clean_first': False, 'cmake_force_configure': False, 'cmake_target': None, 'cmake_target_skip_unavailable': False, 'install_base': '/home/ljhua/ROBOCON2026/lidar_test/CSU-RM-Sentry/install/fast_lio', 'merge_install': False, 'path': '/home/ljhua/ROBOCON2026/lidar_test/CSU-RM-Sentry/src/rm_localization/fast_lio', 'symlink_install': True, 'test_result_base': None}
[0.381s] Level 5:colcon.colcon_core.verb:set package 'linefit_ground_segmentation_ros' build argument 'cmake_args' from command line to 'None'
[0.381s] Level 5:colcon.colcon_core.verb:set package 'linefit_ground_segmentation_ros' build argument 'cmake_target' from command line to 'None'
[0.381s] Level 5:colcon.colcon_core.verb:set package 'linefit_ground_segmentation_ros' build argument 'cmake_target_skip_unavailable' from command line to 'False'
[0.381s] Level 5:colcon.colcon_core.verb:set package 'linefit_ground_segmentation_ros' build argument 'cmake_clean_cache' from command line to 'False'
[0.381s] Level 5:colcon.colcon_core.verb:set package 'linefit_ground_segmentation_ros' build argument 'cmake_clean_first' from command line to 'False'
[0.381s] Level 5:colcon.colcon_core.verb:set package 'linefit_ground_segmentation_ros' build argument 'cmake_force_configure' from command line to 'False'
[0.381s] Level 5:colcon.colcon_core.verb:set package 'linefit_ground_segmentation_ros' build argument 'ament_cmake_args' from command line to 'None'
[0.381s] Level 5:colcon.colcon_core.verb:set package 'linefit_ground_segmentation_ros' build argument 'catkin_cmake_args' from command line to 'None'
[0.381s] Level 5:colcon.colcon_core.verb:set package 'linefit_ground_segmentation_ros' build argument 'catkin_skip_building_tests' from command line to 'False'
[0.381s] DEBUG:colcon.colcon_core.verb:Building package 'linefit_ground_segmentation_ros' with the following arguments: {'ament_cmake_args': None, 'build_base': '/home/ljhua/ROBOCON2026/lidar_test/CSU-RM-Sentry/build/linefit_ground_segmentation_ros', 'catkin_cmake_args': None, 'catkin_skip_building_tests': False, 'cmake_args': None, 'cmake_clean_cache': False, 'cmake_clean_first': False, 'cmake_force_configure': False, 'cmake_target': None, 'cmake_target_skip_unavailable': False, 'install_base': '/home/ljhua/ROBOCON2026/lidar_test/CSU-RM-Sentry/install/linefit_ground_segmentation_ros', 'merge_install': False, 'path': '/home/ljhua/ROBOCON2026/lidar_test/CSU-RM-Sentry/src/rm_perception/linefit_ground_segementation_ros2/linefit_ground_segmentation_ros', 'symlink_install': True, 'test_result_base': None}
[0.381s] INFO:colcon.colcon_core.executor:Executing jobs using 'parallel' executor
[0.382s] DEBUG:colcon.colcon_parallel_executor.executor.parallel:run_until_complete
[0.383s] INFO:colcon.colcon_ros.task.ament_cmake.build:Building ROS package in '/home/ljhua/ROBOCON2026/lidar_test/CSU-RM-Sentry/src/rm_perception/linefit_ground_segementation_ros2/linefit_ground_segmentation' with build type 'ament_cmake'
[0.383s] INFO:colcon.colcon_cmake.task.cmake.build:Building CMake package in '/home/ljhua/ROBOCON2026/lidar_test/CSU-RM-Sentry/src/rm_perception/linefit_ground_segementation_ros2/linefit_ground_segmentation'
[0.385s] INFO:colcon.colcon_core.plugin_system:Skipping extension 'colcon_core.shell.bat': Not used on non-Windows systems
[0.385s] INFO:colcon.colcon_core.shell:Skip shell extension 'powershell' for command environment: Not usable outside of PowerShell
[0.385s] DEBUG:colcon.colcon_core.shell:Skip shell extension 'dsv' for command environment
[0.387s] INFO:colcon.colcon_ros.task.ament_cmake.build:Building ROS package in '/home/ljhua/ROBOCON2026/lidar_test/CSU-RM-Sentry/src/rm_sensors/livox_ros_driver2' with build type 'ament_cmake'
[0.387s] INFO:colcon.colcon_cmake.task.cmake.build:Building CMake package in '/home/ljhua/ROBOCON2026/lidar_test/CSU-RM-Sentry/src/rm_sensors/livox_ros_driver2'
[0.387s] INFO:colcon.colcon_core.shell:Skip shell extension 'powershell' for command environment: Not usable outside of PowerShell
[0.387s] DEBUG:colcon.colcon_core.shell:Skip shell extension 'dsv' for command environment
[0.391s] INFO:colcon.colcon_ros.task.ament_cmake.build:Building ROS package in '/home/ljhua/ROBOCON2026/lidar_test/CSU-RM-Sentry/src/rm_localization/icp_localization_ros2' with build type 'ament_cmake'
[0.391s] INFO:colcon.colcon_cmake.task.cmake.build:Building CMake package in '/home/ljhua/ROBOCON2026/lidar_test/CSU-RM-Sentry/src/rm_localization/icp_localization_ros2'
[0.391s] INFO:colcon.colcon_core.shell:Skip shell extension 'powershell' for command environment: Not usable outside of PowerShell
[0.391s] DEBUG:colcon.colcon_core.shell:Skip shell extension 'dsv' for command environment
[0.393s] INFO:colcon.colcon_ros.task.ament_cmake.build:Building ROS package in '/home/ljhua/ROBOCON2026/lidar_test/CSU-RM-Sentry/src/rm_perception/imu_complementary_filter' with build type 'ament_cmake'
[0.393s] INFO:colcon.colcon_cmake.task.cmake.build:Building CMake package in '/home/ljhua/ROBOCON2026/lidar_test/CSU-RM-Sentry/src/rm_perception/imu_complementary_filter'
[0.393s] INFO:colcon.colcon_core.shell:Skip shell extension 'powershell' for command environment: Not usable outside of PowerShell
[0.393s] DEBUG:colcon.colcon_core.shell:Skip shell extension 'dsv' for command environment
[0.395s] INFO:colcon.colcon_ros.task.ament_cmake.build:Building ROS package in '/home/ljhua/ROBOCON2026/lidar_test/CSU-RM-Sentry/src/rm_perception/pointcloud_to_laserscan' with build type 'ament_cmake'
[0.395s] INFO:colcon.colcon_cmake.task.cmake.build:Building CMake package in '/home/ljhua/ROBOCON2026/lidar_test/CSU-RM-Sentry/src/rm_perception/pointcloud_to_laserscan'
[0.395s] INFO:colcon.colcon_core.shell:Skip shell extension 'powershell' for command environment: Not usable outside of PowerShell
[0.395s] DEBUG:colcon.colcon_core.shell:Skip shell extension 'dsv' for command environment
[0.398s] INFO:colcon.colcon_ros.task.ament_cmake.build:Building ROS package in '/home/ljhua/ROBOCON2026/lidar_test/CSU-RM-Sentry/src/rc_serial_driver' with build type 'ament_cmake'
[0.398s] INFO:colcon.colcon_cmake.task.cmake.build:Building CMake package in '/home/ljhua/ROBOCON2026/lidar_test/CSU-RM-Sentry/src/rc_serial_driver'
[0.398s] INFO:colcon.colcon_core.shell:Skip shell extension 'powershell' for command environment: Not usable outside of PowerShell
[0.398s] DEBUG:colcon.colcon_core.shell:Skip shell extension 'dsv' for command environment
[0.401s] INFO:colcon.colcon_ros.task.ament_cmake.build:Building ROS package in '/home/ljhua/ROBOCON2026/lidar_test/CSU-RM-Sentry/src/rm_navigation' with build type 'ament_cmake'
[0.401s] INFO:colcon.colcon_cmake.task.cmake.build:Building CMake package in '/home/ljhua/ROBOCON2026/lidar_test/CSU-RM-Sentry/src/rm_navigation'
[0.401s] INFO:colcon.colcon_core.shell:Skip shell extension 'powershell' for command environment: Not usable outside of PowerShell
[0.401s] DEBUG:colcon.colcon_core.shell:Skip shell extension 'dsv' for command environment
[0.404s] INFO:colcon.colcon_ros.task.ament_cmake.build:Building ROS package in '/home/ljhua/ROBOCON2026/lidar_test/CSU-RM-Sentry/src/rm_sensors/rplidar_ros' with build type 'ament_cmake'
[0.404s] INFO:colcon.colcon_cmake.task.cmake.build:Building CMake package in '/home/ljhua/ROBOCON2026/lidar_test/CSU-RM-Sentry/src/rm_sensors/rplidar_ros'
[0.404s] INFO:colcon.colcon_core.shell:Skip shell extension 'powershell' for command environment: Not usable outside of PowerShell
[0.404s] DEBUG:colcon.colcon_core.shell:Skip shell extension 'dsv' for command environment
[0.411s] DEBUG:colcon.colcon_core.event_handler.log_command:Invoking command in '/home/ljhua/ROBOCON2026/lidar_test/CSU-RM-Sentry/build/linefit_ground_segmentation': CMAKE_PREFIX_PATH=/opt/ros/humble /usr/bin/cmake --build /home/ljhua/ROBOCON2026/lidar_test/CSU-RM-Sentry/build/linefit_ground_segmentation -- -j20 -l20
[0.413s] DEBUG:colcon.colcon_core.event_handler.log_command:Invoking command in '/home/ljhua/ROBOCON2026/lidar_test/CSU-RM-Sentry/build/livox_ros_driver2': CMAKE_PREFIX_PATH=/opt/ros/humble /usr/bin/cmake --build /home/ljhua/ROBOCON2026/lidar_test/CSU-RM-Sentry/build/livox_ros_driver2 -- -j20 -l20
[0.416s] DEBUG:colcon.colcon_core.event_handler.log_command:Invoking command in '/home/ljhua/ROBOCON2026/lidar_test/CSU-RM-Sentry/build/icp_localization_ros2': CMAKE_PREFIX_PATH=/opt/ros/humble /usr/bin/cmake --build /home/ljhua/ROBOCON2026/lidar_test/CSU-RM-Sentry/build/icp_localization_ros2 -- -j20 -l20
[0.418s] DEBUG:colcon.colcon_core.event_handler.log_command:Invoking command in '/home/ljhua/ROBOCON2026/lidar_test/CSU-RM-Sentry/build/imu_complementary_filter': CMAKE_PREFIX_PATH=/opt/ros/humble /usr/bin/cmake --build /home/ljhua/ROBOCON2026/lidar_test/CSU-RM-Sentry/build/imu_complementary_filter -- -j20 -l20
[0.419s] DEBUG:colcon.colcon_core.event_handler.log_command:Invoking command in '/home/ljhua/ROBOCON2026/lidar_test/CSU-RM-Sentry/build/pointcloud_to_laserscan': CMAKE_PREFIX_PATH=/opt/ros/humble /usr/bin/cmake --build /home/ljhua/ROBOCON2026/lidar_test/CSU-RM-Sentry/build/pointcloud_to_laserscan -- -j20 -l20
[0.422s] DEBUG:colcon.colcon_core.event_handler.log_command:Invoking command in '/home/ljhua/ROBOCON2026/lidar_test/CSU-RM-Sentry/build/rc_serial_driver': CMAKE_PREFIX_PATH=/opt/ros/humble /usr/bin/cmake --build /home/ljhua/ROBOCON2026/lidar_test/CSU-RM-Sentry/build/rc_serial_driver -- -j20 -l20
[0.427s] DEBUG:colcon.colcon_core.event_handler.log_command:Invoking command in '/home/ljhua/ROBOCON2026/lidar_test/CSU-RM-Sentry/build/rm_navigation': CMAKE_PREFIX_PATH=/opt/ros/humble /usr/bin/cmake --build /home/ljhua/ROBOCON2026/lidar_test/CSU-RM-Sentry/build/rm_navigation -- -j20 -l20
[0.431s] DEBUG:colcon.colcon_core.event_handler.log_command:Invoking command in '/home/ljhua/ROBOCON2026/lidar_test/CSU-RM-Sentry/build/rplidar_ros': CMAKE_PREFIX_PATH=/opt/ros/humble /usr/bin/cmake --build /home/ljhua/ROBOCON2026/lidar_test/CSU-RM-Sentry/build/rplidar_ros -- -j20 -l20
[0.462s] DEBUG:colcon.colcon_core.event_handler.log_command:Invoked command in '/home/ljhua/ROBOCON2026/lidar_test/CSU-RM-Sentry/build/rm_navigation' returned '0': CMAKE_PREFIX_PATH=/opt/ros/humble /usr/bin/cmake --build /home/ljhua/ROBOCON2026/lidar_test/CSU-RM-Sentry/build/rm_navigation -- -j20 -l20
[0.472s] DEBUG:colcon.colcon_core.event_handler.log_command:Invoking command in '/home/ljhua/ROBOCON2026/lidar_test/CSU-RM-Sentry/build/rm_navigation': CMAKE_PREFIX_PATH=/opt/ros/humble /usr/bin/cmake --install /home/ljhua/ROBOCON2026/lidar_test/CSU-RM-Sentry/build/rm_navigation
[0.496s] DEBUG:colcon.colcon_core.event_handler.log_command:Invoked command in '/home/ljhua/ROBOCON2026/lidar_test/CSU-RM-Sentry/build/linefit_ground_segmentation' returned '0': CMAKE_PREFIX_PATH=/opt/ros/humble /usr/bin/cmake --build /home/ljhua/ROBOCON2026/lidar_test/CSU-RM-Sentry/build/linefit_ground_segmentation -- -j20 -l20
[0.496s] DEBUG:colcon.colcon_core.event_handler.log_command:Invoking command in '/home/ljhua/ROBOCON2026/lidar_test/CSU-RM-Sentry/build/linefit_ground_segmentation': CMAKE_PREFIX_PATH=/opt/ros/humble /usr/bin/cmake --install /home/ljhua/ROBOCON2026/lidar_test/CSU-RM-Sentry/build/linefit_ground_segmentation
[0.504s] Level 1:colcon.colcon_core.environment:create_environment_scripts_only(rm_navigation)
[0.504s] DEBUG:colcon.colcon_core.event_handler.log_command:Invoked command in '/home/ljhua/ROBOCON2026/lidar_test/CSU-RM-Sentry/build/rm_navigation' returned '0': CMAKE_PREFIX_PATH=/opt/ros/humble /usr/bin/cmake --install /home/ljhua/ROBOCON2026/lidar_test/CSU-RM-Sentry/build/rm_navigation
[0.510s] Level 1:colcon.colcon_core.environment:checking '/home/ljhua/ROBOCON2026/lidar_test/CSU-RM-Sentry/install/rm_navigation' for CMake module files
[0.510s] Level 1:colcon.colcon_core.environment:checking '/home/ljhua/ROBOCON2026/lidar_test/CSU-RM-Sentry/install/rm_navigation' for CMake config files
[0.511s] Level 1:colcon.colcon_core.shell:create_environment_hook('rm_navigation', 'cmake_prefix_path')
[0.511s] INFO:colcon.colcon_core.shell:Creating environment hook '/home/ljhua/ROBOCON2026/lidar_test/CSU-RM-Sentry/install/rm_navigation/share/rm_navigation/hook/cmake_prefix_path.ps1'
[0.511s] INFO:colcon.colcon_core.shell:Creating environment descriptor '/home/ljhua/ROBOCON2026/lidar_test/CSU-RM-Sentry/install/rm_navigation/share/rm_navigation/hook/cmake_prefix_path.dsv'
[0.512s] INFO:colcon.colcon_core.shell:Creating environment hook '/home/ljhua/ROBOCON2026/lidar_test/CSU-RM-Sentry/install/rm_navigation/share/rm_navigation/hook/cmake_prefix_path.sh'
[0.513s] Level 1:colcon.colcon_core.environment:checking '/home/ljhua/ROBOCON2026/lidar_test/CSU-RM-Sentry/install/rm_navigation/bin'
[0.513s] Level 1:colcon.colcon_core.environment:checking '/home/ljhua/ROBOCON2026/lidar_test/CSU-RM-Sentry/install/rm_navigation/lib/pkgconfig/rm_navigation.pc'
[0.513s] Level 1:colcon.colcon_core.environment:checking '/home/ljhua/ROBOCON2026/lidar_test/CSU-RM-Sentry/install/rm_navigation/lib/python3.10/site-packages'
[0.513s] Level 1:colcon.colcon_core.environment:checking '/home/ljhua/ROBOCON2026/lidar_test/CSU-RM-Sentry/install/rm_navigation/bin'
[0.514s] INFO:colcon.colcon_core.shell:Creating package script '/home/ljhua/ROBOCON2026/lidar_test/CSU-RM-Sentry/install/rm_navigation/share/rm_navigation/package.ps1'
[0.516s] INFO:colcon.colcon_core.shell:Creating package descriptor '/home/ljhua/ROBOCON2026/lidar_test/CSU-RM-Sentry/install/rm_navigation/share/rm_navigation/package.dsv'
[0.516s] INFO:colcon.colcon_core.shell:Creating package script '/home/ljhua/ROBOCON2026/lidar_test/CSU-RM-Sentry/install/rm_navigation/share/rm_navigation/package.sh'
[0.517s] INFO:colcon.colcon_core.shell:Creating package script '/home/ljhua/ROBOCON2026/lidar_test/CSU-RM-Sentry/install/rm_navigation/share/rm_navigation/package.bash'
[0.519s] INFO:colcon.colcon_core.shell:Creating package script '/home/ljhua/ROBOCON2026/lidar_test/CSU-RM-Sentry/install/rm_navigation/share/rm_navigation/package.zsh'
[0.520s] Level 1:colcon.colcon_core.environment:create_file_with_runtime_dependencies(/home/ljhua/ROBOCON2026/lidar_test/CSU-RM-Sentry/install/rm_navigation/share/colcon-core/packages/rm_navigation)
[0.520s] Level 1:colcon.colcon_core.environment:create_environment_scripts_only(rm_navigation)
[0.520s] Level 1:colcon.colcon_core.environment:checking '/home/ljhua/ROBOCON2026/lidar_test/CSU-RM-Sentry/install/rm_navigation' for CMake module files
[0.521s] Level 1:colcon.colcon_core.environment:checking '/home/ljhua/ROBOCON2026/lidar_test/CSU-RM-Sentry/install/rm_navigation' for CMake config files
[0.521s] Level 1:colcon.colcon_core.shell:create_environment_hook('rm_navigation', 'cmake_prefix_path')
[0.521s] INFO:colcon.colcon_core.shell:Creating environment hook '/home/ljhua/ROBOCON2026/lidar_test/CSU-RM-Sentry/install/rm_navigation/share/rm_navigation/hook/cmake_prefix_path.ps1'
[0.522s] INFO:colcon.colcon_core.shell:Creating environment descriptor '/home/ljhua/ROBOCON2026/lidar_test/CSU-RM-Sentry/install/rm_navigation/share/rm_navigation/hook/cmake_prefix_path.dsv'
[0.522s] INFO:colcon.colcon_core.shell:Creating environment hook '/home/ljhua/ROBOCON2026/lidar_test/CSU-RM-Sentry/install/rm_navigation/share/rm_navigation/hook/cmake_prefix_path.sh'
[0.522s] Level 1:colcon.colcon_core.environment:checking '/home/ljhua/ROBOCON2026/lidar_test/CSU-RM-Sentry/install/rm_navigation/bin'
[0.522s] Level 1:colcon.colcon_core.environment:checking '/home/ljhua/ROBOCON2026/lidar_test/CSU-RM-Sentry/install/rm_navigation/lib/pkgconfig/rm_navigation.pc'
[0.523s] Level 1:colcon.colcon_core.environment:checking '/home/ljhua/ROBOCON2026/lidar_test/CSU-RM-Sentry/install/rm_navigation/lib/python3.10/site-packages'
[0.523s] Level 1:colcon.colcon_core.environment:checking '/home/ljhua/ROBOCON2026/lidar_test/CSU-RM-Sentry/install/rm_navigation/bin'
[0.523s] INFO:colcon.colcon_core.shell:Creating package script '/home/ljhua/ROBOCON2026/lidar_test/CSU-RM-Sentry/install/rm_navigation/share/rm_navigation/package.ps1'
[0.524s] INFO:colcon.colcon_core.shell:Creating package descriptor '/home/ljhua/ROBOCON2026/lidar_test/CSU-RM-Sentry/install/rm_navigation/share/rm_navigation/package.dsv'
[0.524s] INFO:colcon.colcon_core.shell:Creating package script '/home/ljhua/ROBOCON2026/lidar_test/CSU-RM-Sentry/install/rm_navigation/share/rm_navigation/package.sh'
[0.525s] INFO:colcon.colcon_core.shell:Creating package script '/home/ljhua/ROBOCON2026/lidar_test/CSU-RM-Sentry/install/rm_navigation/share/rm_navigation/package.bash'
[0.525s] INFO:colcon.colcon_core.shell:Creating package script '/home/ljhua/ROBOCON2026/lidar_test/CSU-RM-Sentry/install/rm_navigation/share/rm_navigation/package.zsh'
[0.526s] Level 1:colcon.colcon_core.environment:create_file_with_runtime_dependencies(/home/ljhua/ROBOCON2026/lidar_test/CSU-RM-Sentry/install/rm_navigation/share/colcon-core/packages/rm_navigation)
[0.528s] DEBUG:colcon.colcon_core.event_handler.log_command:Invoked command in '/home/ljhua/ROBOCON2026/lidar_test/CSU-RM-Sentry/build/imu_complementary_filter' returned '0': CMAKE_PREFIX_PATH=/opt/ros/humble /usr/bin/cmake --build /home/ljhua/ROBOCON2026/lidar_test/CSU-RM-Sentry/build/imu_complementary_filter -- -j20 -l20
[0.529s] DEBUG:colcon.colcon_core.event_handler.log_command:Invoking command in '/home/ljhua/ROBOCON2026/lidar_test/CSU-RM-Sentry/build/imu_complementary_filter': CMAKE_PREFIX_PATH=/opt/ros/humble /usr/bin/cmake --install /home/ljhua/ROBOCON2026/lidar_test/CSU-RM-Sentry/build/imu_complementary_filter
[0.530s] DEBUG:colcon.colcon_core.event_handler.log_command:Invoked command in '/home/ljhua/ROBOCON2026/lidar_test/CSU-RM-Sentry/build/rplidar_ros' returned '0': CMAKE_PREFIX_PATH=/opt/ros/humble /usr/bin/cmake --build /home/ljhua/ROBOCON2026/lidar_test/CSU-RM-Sentry/build/rplidar_ros -- -j20 -l20
[0.533s] Level 1:colcon.colcon_core.environment:create_environment_scripts_only(linefit_ground_segmentation)
[0.533s] Level 1:colcon.colcon_core.environment:checking '/home/ljhua/ROBOCON2026/lidar_test/CSU-RM-Sentry/install/linefit_ground_segmentation' for CMake module files
[0.533s] DEBUG:colcon.colcon_core.event_handler.log_command:Invoking command in '/home/ljhua/ROBOCON2026/lidar_test/CSU-RM-Sentry/build/rplidar_ros': CMAKE_PREFIX_PATH=/opt/ros/humble /usr/bin/cmake --install /home/ljhua/ROBOCON2026/lidar_test/CSU-RM-Sentry/build/rplidar_ros
[0.534s] DEBUG:colcon.colcon_core.event_handler.log_command:Invoked command in '/home/ljhua/ROBOCON2026/lidar_test/CSU-RM-Sentry/build/linefit_ground_segmentation' returned '0': CMAKE_PREFIX_PATH=/opt/ros/humble /usr/bin/cmake --install /home/ljhua/ROBOCON2026/lidar_test/CSU-RM-Sentry/build/linefit_ground_segmentation
[0.534s] Level 1:colcon.colcon_core.environment:checking '/home/ljhua/ROBOCON2026/lidar_test/CSU-RM-Sentry/install/linefit_ground_segmentation' for CMake config files
[0.534s] Level 1:colcon.colcon_core.shell:create_environment_hook('linefit_ground_segmentation', 'cmake_prefix_path')
[0.535s] INFO:colcon.colcon_core.shell:Creating environment hook '/home/ljhua/ROBOCON2026/lidar_test/CSU-RM-Sentry/install/linefit_ground_segmentation/share/linefit_ground_segmentation/hook/cmake_prefix_path.ps1'
[0.535s] INFO:colcon.colcon_core.shell:Creating environment descriptor '/home/ljhua/ROBOCON2026/lidar_test/CSU-RM-Sentry/install/linefit_ground_segmentation/share/linefit_ground_segmentation/hook/cmake_prefix_path.dsv'
[0.535s] INFO:colcon.colcon_core.shell:Creating environment hook '/home/ljhua/ROBOCON2026/lidar_test/CSU-RM-Sentry/install/linefit_ground_segmentation/share/linefit_ground_segmentation/hook/cmake_prefix_path.sh'
[0.536s] Level 1:colcon.colcon_core.environment:checking '/home/ljhua/ROBOCON2026/lidar_test/CSU-RM-Sentry/install/linefit_ground_segmentation/lib'
[0.536s] Level 1:colcon.colcon_core.shell:create_environment_hook('linefit_ground_segmentation', 'ld_library_path_lib')
[0.536s] INFO:colcon.colcon_core.shell:Creating environment hook '/home/ljhua/ROBOCON2026/lidar_test/CSU-RM-Sentry/install/linefit_ground_segmentation/share/linefit_ground_segmentation/hook/ld_library_path_lib.ps1'
[0.537s] INFO:colcon.colcon_core.shell:Creating environment descriptor '/home/ljhua/ROBOCON2026/lidar_test/CSU-RM-Sentry/install/linefit_ground_segmentation/share/linefit_ground_segmentation/hook/ld_library_path_lib.dsv'
[0.537s] INFO:colcon.colcon_core.shell:Creating environment hook '/home/ljhua/ROBOCON2026/lidar_test/CSU-RM-Sentry/install/linefit_ground_segmentation/share/linefit_ground_segmentation/hook/ld_library_path_lib.sh'
[0.537s] Level 1:colcon.colcon_core.environment:checking '/home/ljhua/ROBOCON2026/lidar_test/CSU-RM-Sentry/install/linefit_ground_segmentation/bin'
[0.537s] Level 1:colcon.colcon_core.environment:checking '/home/ljhua/ROBOCON2026/lidar_test/CSU-RM-Sentry/install/linefit_ground_segmentation/lib/pkgconfig/linefit_ground_segmentation.pc'
[0.537s] Level 1:colcon.colcon_core.environment:checking '/home/ljhua/ROBOCON2026/lidar_test/CSU-RM-Sentry/install/linefit_ground_segmentation/lib/python3.10/site-packages'
[0.538s] Level 1:colcon.colcon_core.environment:checking '/home/ljhua/ROBOCON2026/lidar_test/CSU-RM-Sentry/install/linefit_ground_segmentation/bin'
[0.538s] INFO:colcon.colcon_core.shell:Creating package script '/home/ljhua/ROBOCON2026/lidar_test/CSU-RM-Sentry/install/linefit_ground_segmentation/share/linefit_ground_segmentation/package.ps1'
[0.538s] INFO:colcon.colcon_core.shell:Creating package descriptor '/home/ljhua/ROBOCON2026/lidar_test/CSU-RM-Sentry/install/linefit_ground_segmentation/share/linefit_ground_segmentation/package.dsv'
[0.538s] INFO:colcon.colcon_core.shell:Creating package script '/home/ljhua/ROBOCON2026/lidar_test/CSU-RM-Sentry/install/linefit_ground_segmentation/share/linefit_ground_segmentation/package.sh'
[0.539s] INFO:colcon.colcon_core.shell:Creating package script '/home/ljhua/ROBOCON2026/lidar_test/CSU-RM-Sentry/install/linefit_ground_segmentation/share/linefit_ground_segmentation/package.bash'
[0.539s] INFO:colcon.colcon_core.shell:Creating package script '/home/ljhua/ROBOCON2026/lidar_test/CSU-RM-Sentry/install/linefit_ground_segmentation/share/linefit_ground_segmentation/package.zsh'
[0.539s] Level 1:colcon.colcon_core.environment:create_file_with_runtime_dependencies(/home/ljhua/ROBOCON2026/lidar_test/CSU-RM-Sentry/install/linefit_ground_segmentation/share/colcon-core/packages/linefit_ground_segmentation)
[0.539s] Level 1:colcon.colcon_core.environment:create_environment_scripts_only(linefit_ground_segmentation)
[0.539s] Level 1:colcon.colcon_core.environment:checking '/home/ljhua/ROBOCON2026/lidar_test/CSU-RM-Sentry/install/linefit_ground_segmentation' for CMake module files
[0.540s] Level 1:colcon.colcon_core.environment:checking '/home/ljhua/ROBOCON2026/lidar_test/CSU-RM-Sentry/install/linefit_ground_segmentation' for CMake config files
[0.540s] Level 1:colcon.colcon_core.shell:create_environment_hook('linefit_ground_segmentation', 'cmake_prefix_path')
[0.541s] INFO:colcon.colcon_core.shell:Creating environment hook '/home/ljhua/ROBOCON2026/lidar_test/CSU-RM-Sentry/install/linefit_ground_segmentation/share/linefit_ground_segmentation/hook/cmake_prefix_path.ps1'
[0.541s] INFO:colcon.colcon_core.shell:Creating environment descriptor '/home/ljhua/ROBOCON2026/lidar_test/CSU-RM-Sentry/install/linefit_ground_segmentation/share/linefit_ground_segmentation/hook/cmake_prefix_path.dsv'
[0.542s] INFO:colcon.colcon_core.shell:Creating environment hook '/home/ljhua/ROBOCON2026/lidar_test/CSU-RM-Sentry/install/linefit_ground_segmentation/share/linefit_ground_segmentation/hook/cmake_prefix_path.sh'
[0.542s] Level 1:colcon.colcon_core.environment:checking '/home/ljhua/ROBOCON2026/lidar_test/CSU-RM-Sentry/install/linefit_ground_segmentation/lib'
[0.542s] Level 1:colcon.colcon_core.shell:create_environment_hook('linefit_ground_segmentation', 'ld_library_path_lib')
[0.542s] INFO:colcon.colcon_core.shell:Creating environment hook '/home/ljhua/ROBOCON2026/lidar_test/CSU-RM-Sentry/install/linefit_ground_segmentation/share/linefit_ground_segmentation/hook/ld_library_path_lib.ps1'
[0.543s] INFO:colcon.colcon_core.shell:Creating environment descriptor '/home/ljhua/ROBOCON2026/lidar_test/CSU-RM-Sentry/install/linefit_ground_segmentation/share/linefit_ground_segmentation/hook/ld_library_path_lib.dsv'
[0.543s] INFO:colcon.colcon_core.shell:Creating environment hook '/home/ljhua/ROBOCON2026/lidar_test/CSU-RM-Sentry/install/linefit_ground_segmentation/share/linefit_ground_segmentation/hook/ld_library_path_lib.sh'
[0.543s] Level 1:colcon.colcon_core.environment:checking '/home/ljhua/ROBOCON2026/lidar_test/CSU-RM-Sentry/install/linefit_ground_segmentation/bin'
[0.543s] Level 1:colcon.colcon_core.environment:checking '/home/ljhua/ROBOCON2026/lidar_test/CSU-RM-Sentry/install/linefit_ground_segmentation/lib/pkgconfig/linefit_ground_segmentation.pc'
[0.543s] Level 1:colcon.colcon_core.environment:checking '/home/ljhua/ROBOCON2026/lidar_test/CSU-RM-Sentry/install/linefit_ground_segmentation/lib/python3.10/site-packages'
[0.544s] Level 1:colcon.colcon_core.environment:checking '/home/ljhua/ROBOCON2026/lidar_test/CSU-RM-Sentry/install/linefit_ground_segmentation/bin'
[0.544s] INFO:colcon.colcon_core.shell:Creating package script '/home/ljhua/ROBOCON2026/lidar_test/CSU-RM-Sentry/install/linefit_ground_segmentation/share/linefit_ground_segmentation/package.ps1'
[0.544s] INFO:colcon.colcon_core.shell:Creating package descriptor '/home/ljhua/ROBOCON2026/lidar_test/CSU-RM-Sentry/install/linefit_ground_segmentation/share/linefit_ground_segmentation/package.dsv'
[0.545s] INFO:colcon.colcon_core.shell:Creating package script '/home/ljhua/ROBOCON2026/lidar_test/CSU-RM-Sentry/install/linefit_ground_segmentation/share/linefit_ground_segmentation/package.sh'
[0.545s] INFO:colcon.colcon_core.shell:Creating package script '/home/ljhua/ROBOCON2026/lidar_test/CSU-RM-Sentry/install/linefit_ground_segmentation/share/linefit_ground_segmentation/package.bash'
[0.545s] INFO:colcon.colcon_core.shell:Creating package script '/home/ljhua/ROBOCON2026/lidar_test/CSU-RM-Sentry/install/linefit_ground_segmentation/share/linefit_ground_segmentation/package.zsh'
[0.546s] Level 1:colcon.colcon_core.environment:create_file_with_runtime_dependencies(/home/ljhua/ROBOCON2026/lidar_test/CSU-RM-Sentry/install/linefit_ground_segmentation/share/colcon-core/packages/linefit_ground_segmentation)
[0.547s] DEBUG:colcon.colcon_core.event_handler.log_command:Invoked command in '/home/ljhua/ROBOCON2026/lidar_test/CSU-RM-Sentry/build/rc_serial_driver' returned '0': CMAKE_PREFIX_PATH=/opt/ros/humble /usr/bin/cmake --build /home/ljhua/ROBOCON2026/lidar_test/CSU-RM-Sentry/build/rc_serial_driver -- -j20 -l20
[0.551s] INFO:colcon.colcon_ros.task.ament_cmake.build:Building ROS package in '/home/ljhua/ROBOCON2026/lidar_test/CSU-RM-Sentry/src/rm_perception/linefit_ground_segementation_ros2/linefit_ground_segmentation_ros' with build type 'ament_cmake'
[0.551s] INFO:colcon.colcon_cmake.task.cmake.build:Building CMake package in '/home/ljhua/ROBOCON2026/lidar_test/CSU-RM-Sentry/src/rm_perception/linefit_ground_segementation_ros2/linefit_ground_segmentation_ros'
[0.551s] INFO:colcon.colcon_core.shell:Skip shell extension 'powershell' for command environment: Not usable outside of PowerShell
[0.552s] DEBUG:colcon.colcon_core.shell:Skip shell extension 'dsv' for command environment
[0.556s] DEBUG:colcon.colcon_core.event_handler.log_command:Invoking command in '/home/ljhua/ROBOCON2026/lidar_test/CSU-RM-Sentry/build/rc_serial_driver': CMAKE_PREFIX_PATH=/opt/ros/humble /usr/bin/cmake --install /home/ljhua/ROBOCON2026/lidar_test/CSU-RM-Sentry/build/rc_serial_driver
[0.560s] DEBUG:colcon.colcon_core.event_handler.log_command:Invoked command in '/home/ljhua/ROBOCON2026/lidar_test/CSU-RM-Sentry/build/pointcloud_to_laserscan' returned '0': CMAKE_PREFIX_PATH=/opt/ros/humble /usr/bin/cmake --build /home/ljhua/ROBOCON2026/lidar_test/CSU-RM-Sentry/build/pointcloud_to_laserscan -- -j20 -l20
[0.562s] DEBUG:colcon.colcon_core.event_handler.log_command:Invoking command in '/home/ljhua/ROBOCON2026/lidar_test/CSU-RM-Sentry/build/pointcloud_to_laserscan': CMAKE_PREFIX_PATH=/opt/ros/humble /usr/bin/cmake --install /home/ljhua/ROBOCON2026/lidar_test/CSU-RM-Sentry/build/pointcloud_to_laserscan
[0.563s] Level 1:colcon.colcon_core.environment:create_environment_scripts_only(rplidar_ros)
[0.563s] Level 1:colcon.colcon_core.environment:checking '/home/ljhua/ROBOCON2026/lidar_test/CSU-RM-Sentry/install/rplidar_ros' for CMake module files
[0.563s] DEBUG:colcon.colcon_core.event_handler.log_command:Invoked command in '/home/ljhua/ROBOCON2026/lidar_test/CSU-RM-Sentry/build/rplidar_ros' returned '0': CMAKE_PREFIX_PATH=/opt/ros/humble /usr/bin/cmake --install /home/ljhua/ROBOCON2026/lidar_test/CSU-RM-Sentry/build/rplidar_ros
[0.564s] Level 1:colcon.colcon_core.environment:checking '/home/ljhua/ROBOCON2026/lidar_test/CSU-RM-Sentry/install/rplidar_ros' for CMake config files
[0.564s] Level 1:colcon.colcon_core.shell:create_environment_hook('rplidar_ros', 'cmake_prefix_path')
[0.565s] INFO:colcon.colcon_core.shell:Creating environment hook '/home/ljhua/ROBOCON2026/lidar_test/CSU-RM-Sentry/install/rplidar_ros/share/rplidar_ros/hook/cmake_prefix_path.ps1'
[0.566s] INFO:colcon.colcon_core.shell:Creating environment descriptor '/home/ljhua/ROBOCON2026/lidar_test/CSU-RM-Sentry/install/rplidar_ros/share/rplidar_ros/hook/cmake_prefix_path.dsv'
[0.566s] INFO:colcon.colcon_core.shell:Creating environment hook '/home/ljhua/ROBOCON2026/lidar_test/CSU-RM-Sentry/install/rplidar_ros/share/rplidar_ros/hook/cmake_prefix_path.sh'
[0.567s] Level 1:colcon.colcon_core.environment:checking '/home/ljhua/ROBOCON2026/lidar_test/CSU-RM-Sentry/install/rplidar_ros/lib'
[0.567s] Level 1:colcon.colcon_core.environment:checking '/home/ljhua/ROBOCON2026/lidar_test/CSU-RM-Sentry/install/rplidar_ros/bin'
[0.567s] Level 1:colcon.colcon_core.environment:checking '/home/ljhua/ROBOCON2026/lidar_test/CSU-RM-Sentry/install/rplidar_ros/lib/pkgconfig/rplidar_ros.pc'
[0.568s] Level 1:colcon.colcon_core.environment:checking '/home/ljhua/ROBOCON2026/lidar_test/CSU-RM-Sentry/install/rplidar_ros/lib/python3.10/site-packages'
[0.568s] Level 1:colcon.colcon_core.environment:checking '/home/ljhua/ROBOCON2026/lidar_test/CSU-RM-Sentry/install/rplidar_ros/bin'
[0.568s] INFO:colcon.colcon_core.shell:Creating package script '/home/ljhua/ROBOCON2026/lidar_test/CSU-RM-Sentry/install/rplidar_ros/share/rplidar_ros/package.ps1'
[0.569s] INFO:colcon.colcon_core.shell:Creating package descriptor '/home/ljhua/ROBOCON2026/lidar_test/CSU-RM-Sentry/install/rplidar_ros/share/rplidar_ros/package.dsv'
[0.569s] INFO:colcon.colcon_core.shell:Creating package script '/home/ljhua/ROBOCON2026/lidar_test/CSU-RM-Sentry/install/rplidar_ros/share/rplidar_ros/package.sh'
[0.570s] INFO:colcon.colcon_core.shell:Creating package script '/home/ljhua/ROBOCON2026/lidar_test/CSU-RM-Sentry/install/rplidar_ros/share/rplidar_ros/package.bash'
[0.571s] INFO:colcon.colcon_core.shell:Creating package script '/home/ljhua/ROBOCON2026/lidar_test/CSU-RM-Sentry/install/rplidar_ros/share/rplidar_ros/package.zsh'
[0.571s] Level 1:colcon.colcon_core.environment:create_file_with_runtime_dependencies(/home/ljhua/ROBOCON2026/lidar_test/CSU-RM-Sentry/install/rplidar_ros/share/colcon-core/packages/rplidar_ros)
[0.572s] Level 1:colcon.colcon_core.environment:create_environment_scripts_only(rplidar_ros)
[0.572s] Level 1:colcon.colcon_core.environment:checking '/home/ljhua/ROBOCON2026/lidar_test/CSU-RM-Sentry/install/rplidar_ros' for CMake module files
[0.573s] Level 1:colcon.colcon_core.environment:checking '/home/ljhua/ROBOCON2026/lidar_test/CSU-RM-Sentry/install/rplidar_ros' for CMake config files
[0.573s] Level 1:colcon.colcon_core.shell:create_environment_hook('rplidar_ros', 'cmake_prefix_path')
[0.574s] INFO:colcon.colcon_core.shell:Creating environment hook '/home/ljhua/ROBOCON2026/lidar_test/CSU-RM-Sentry/install/rplidar_ros/share/rplidar_ros/hook/cmake_prefix_path.ps1'
[0.574s] INFO:colcon.colcon_core.shell:Creating environment descriptor '/home/ljhua/ROBOCON2026/lidar_test/CSU-RM-Sentry/install/rplidar_ros/share/rplidar_ros/hook/cmake_prefix_path.dsv'
[0.575s] INFO:colcon.colcon_core.shell:Creating environment hook '/home/ljhua/ROBOCON2026/lidar_test/CSU-RM-Sentry/install/rplidar_ros/share/rplidar_ros/hook/cmake_prefix_path.sh'
[0.575s] Level 1:colcon.colcon_core.environment:checking '/home/ljhua/ROBOCON2026/lidar_test/CSU-RM-Sentry/install/rplidar_ros/lib'
[0.576s] Level 1:colcon.colcon_core.environment:checking '/home/ljhua/ROBOCON2026/lidar_test/CSU-RM-Sentry/install/rplidar_ros/bin'
[0.576s] Level 1:colcon.colcon_core.environment:checking '/home/ljhua/ROBOCON2026/lidar_test/CSU-RM-Sentry/install/rplidar_ros/lib/pkgconfig/rplidar_ros.pc'
[0.576s] Level 1:colcon.colcon_core.environment:checking '/home/ljhua/ROBOCON2026/lidar_test/CSU-RM-Sentry/install/rplidar_ros/lib/python3.10/site-packages'
[0.576s] Level 1:colcon.colcon_core.environment:checking '/home/ljhua/ROBOCON2026/lidar_test/CSU-RM-Sentry/install/rplidar_ros/bin'
[0.577s] INFO:colcon.colcon_core.shell:Creating package script '/home/ljhua/ROBOCON2026/lidar_test/CSU-RM-Sentry/install/rplidar_ros/share/rplidar_ros/package.ps1'
[0.577s] INFO:colcon.colcon_core.shell:Creating package descriptor '/home/ljhua/ROBOCON2026/lidar_test/CSU-RM-Sentry/install/rplidar_ros/share/rplidar_ros/package.dsv'
[0.578s] INFO:colcon.colcon_core.shell:Creating package script '/home/ljhua/ROBOCON2026/lidar_test/CSU-RM-Sentry/install/rplidar_ros/share/rplidar_ros/package.sh'
[0.578s] INFO:colcon.colcon_core.shell:Creating package script '/home/ljhua/ROBOCON2026/lidar_test/CSU-RM-Sentry/install/rplidar_ros/share/rplidar_ros/package.bash'
[0.579s] INFO:colcon.colcon_core.shell:Creating package script '/home/ljhua/ROBOCON2026/lidar_test/CSU-RM-Sentry/install/rplidar_ros/share/rplidar_ros/package.zsh'
[0.580s] Level 1:colcon.colcon_core.environment:create_file_with_runtime_dependencies(/home/ljhua/ROBOCON2026/lidar_test/CSU-RM-Sentry/install/rplidar_ros/share/colcon-core/packages/rplidar_ros)
[0.582s] Level 1:colcon.colcon_core.environment:create_environment_scripts_only(imu_complementary_filter)
[0.582s] Level 1:colcon.colcon_core.environment:checking '/home/ljhua/ROBOCON2026/lidar_test/CSU-RM-Sentry/install/imu_complementary_filter' for CMake module files
[0.583s] DEBUG:colcon.colcon_core.event_handler.log_command:Invoked command in '/home/ljhua/ROBOCON2026/lidar_test/CSU-RM-Sentry/build/imu_complementary_filter' returned '0': CMAKE_PREFIX_PATH=/opt/ros/humble /usr/bin/cmake --install /home/ljhua/ROBOCON2026/lidar_test/CSU-RM-Sentry/build/imu_complementary_filter
[0.586s] Level 1:colcon.colcon_core.environment:checking '/home/ljhua/ROBOCON2026/lidar_test/CSU-RM-Sentry/install/imu_complementary_filter' for CMake config files
[0.587s] Level 1:colcon.colcon_core.shell:create_environment_hook('imu_complementary_filter', 'cmake_prefix_path')
[0.588s] INFO:colcon.colcon_core.shell:Creating environment hook '/home/ljhua/ROBOCON2026/lidar_test/CSU-RM-Sentry/install/imu_complementary_filter/share/imu_complementary_filter/hook/cmake_prefix_path.ps1'
[0.589s] INFO:colcon.colcon_core.shell:Creating environment descriptor '/home/ljhua/ROBOCON2026/lidar_test/CSU-RM-Sentry/install/imu_complementary_filter/share/imu_complementary_filter/hook/cmake_prefix_path.dsv'
[0.589s] INFO:colcon.colcon_core.shell:Creating environment hook '/home/ljhua/ROBOCON2026/lidar_test/CSU-RM-Sentry/install/imu_complementary_filter/share/imu_complementary_filter/hook/cmake_prefix_path.sh'
[0.589s] Level 1:colcon.colcon_core.environment:checking '/home/ljhua/ROBOCON2026/lidar_test/CSU-RM-Sentry/install/imu_complementary_filter/lib'
[0.590s] Level 1:colcon.colcon_core.shell:create_environment_hook('imu_complementary_filter', 'ld_library_path_lib')
[0.590s] INFO:colcon.colcon_core.shell:Creating environment hook '/home/ljhua/ROBOCON2026/lidar_test/CSU-RM-Sentry/install/imu_complementary_filter/share/imu_complementary_filter/hook/ld_library_path_lib.ps1'
[0.590s] INFO:colcon.colcon_core.shell:Creating environment descriptor '/home/ljhua/ROBOCON2026/lidar_test/CSU-RM-Sentry/install/imu_complementary_filter/share/imu_complementary_filter/hook/ld_library_path_lib.dsv'
[0.590s] INFO:colcon.colcon_core.shell:Creating environment hook '/home/ljhua/ROBOCON2026/lidar_test/CSU-RM-Sentry/install/imu_complementary_filter/share/imu_complementary_filter/hook/ld_library_path_lib.sh'
[0.590s] Level 1:colcon.colcon_core.environment:checking '/home/ljhua/ROBOCON2026/lidar_test/CSU-RM-Sentry/install/imu_complementary_filter/bin'
[0.590s] Level 1:colcon.colcon_core.environment:checking '/home/ljhua/ROBOCON2026/lidar_test/CSU-RM-Sentry/install/imu_complementary_filter/lib/pkgconfig/imu_complementary_filter.pc'
[0.591s] Level 1:colcon.colcon_core.environment:checking '/home/ljhua/ROBOCON2026/lidar_test/CSU-RM-Sentry/install/imu_complementary_filter/lib/python3.10/site-packages'
[0.591s] Level 1:colcon.colcon_core.environment:checking '/home/ljhua/ROBOCON2026/lidar_test/CSU-RM-Sentry/install/imu_complementary_filter/bin'
[0.591s] INFO:colcon.colcon_core.shell:Creating package script '/home/ljhua/ROBOCON2026/lidar_test/CSU-RM-Sentry/install/imu_complementary_filter/share/imu_complementary_filter/package.ps1'
[0.591s] INFO:colcon.colcon_core.shell:Creating package descriptor '/home/ljhua/ROBOCON2026/lidar_test/CSU-RM-Sentry/install/imu_complementary_filter/share/imu_complementary_filter/package.dsv'
[0.592s] INFO:colcon.colcon_core.shell:Creating package script '/home/ljhua/ROBOCON2026/lidar_test/CSU-RM-Sentry/install/imu_complementary_filter/share/imu_complementary_filter/package.sh'
[0.592s] INFO:colcon.colcon_core.shell:Creating package script '/home/ljhua/ROBOCON2026/lidar_test/CSU-RM-Sentry/install/imu_complementary_filter/share/imu_complementary_filter/package.bash'
[0.592s] INFO:colcon.colcon_core.shell:Creating package script '/home/ljhua/ROBOCON2026/lidar_test/CSU-RM-Sentry/install/imu_complementary_filter/share/imu_complementary_filter/package.zsh'
[0.592s] Level 1:colcon.colcon_core.environment:create_file_with_runtime_dependencies(/home/ljhua/ROBOCON2026/lidar_test/CSU-RM-Sentry/install/imu_complementary_filter/share/colcon-core/packages/imu_complementary_filter)
[0.593s] Level 1:colcon.colcon_core.environment:create_environment_scripts_only(imu_complementary_filter)
[0.593s] Level 1:colcon.colcon_core.environment:checking '/home/ljhua/ROBOCON2026/lidar_test/CSU-RM-Sentry/install/imu_complementary_filter' for CMake module files
[0.593s] Level 1:colcon.colcon_core.environment:checking '/home/ljhua/ROBOCON2026/lidar_test/CSU-RM-Sentry/install/imu_complementary_filter' for CMake config files
[0.593s] Level 1:colcon.colcon_core.shell:create_environment_hook('imu_complementary_filter', 'cmake_prefix_path')
[0.594s] INFO:colcon.colcon_core.shell:Creating environment hook '/home/ljhua/ROBOCON2026/lidar_test/CSU-RM-Sentry/install/imu_complementary_filter/share/imu_complementary_filter/hook/cmake_prefix_path.ps1'
[0.594s] INFO:colcon.colcon_core.shell:Creating environment descriptor '/home/ljhua/ROBOCON2026/lidar_test/CSU-RM-Sentry/install/imu_complementary_filter/share/imu_complementary_filter/hook/cmake_prefix_path.dsv'
[0.594s] INFO:colcon.colcon_core.shell:Creating environment hook '/home/ljhua/ROBOCON2026/lidar_test/CSU-RM-Sentry/install/imu_complementary_filter/share/imu_complementary_filter/hook/cmake_prefix_path.sh'
[0.594s] Level 1:colcon.colcon_core.environment:checking '/home/ljhua/ROBOCON2026/lidar_test/CSU-RM-Sentry/install/imu_complementary_filter/lib'
[0.594s] Level 1:colcon.colcon_core.shell:create_environment_hook('imu_complementary_filter', 'ld_library_path_lib')
[0.595s] INFO:colcon.colcon_core.shell:Creating environment hook '/home/ljhua/ROBOCON2026/lidar_test/CSU-RM-Sentry/install/imu_complementary_filter/share/imu_complementary_filter/hook/ld_library_path_lib.ps1'
[0.595s] INFO:colcon.colcon_core.shell:Creating environment descriptor '/home/ljhua/ROBOCON2026/lidar_test/CSU-RM-Sentry/install/imu_complementary_filter/share/imu_complementary_filter/hook/ld_library_path_lib.dsv'
[0.595s] INFO:colcon.colcon_core.shell:Creating environment hook '/home/ljhua/ROBOCON2026/lidar_test/CSU-RM-Sentry/install/imu_complementary_filter/share/imu_complementary_filter/hook/ld_library_path_lib.sh'
[0.595s] Level 1:colcon.colcon_core.environment:checking '/home/ljhua/ROBOCON2026/lidar_test/CSU-RM-Sentry/install/imu_complementary_filter/bin'
[0.595s] Level 1:colcon.colcon_core.environment:checking '/home/ljhua/ROBOCON2026/lidar_test/CSU-RM-Sentry/install/imu_complementary_filter/lib/pkgconfig/imu_complementary_filter.pc'
[0.596s] Level 1:colcon.colcon_core.environment:checking '/home/ljhua/ROBOCON2026/lidar_test/CSU-RM-Sentry/install/imu_complementary_filter/lib/python3.10/site-packages'
[0.596s] Level 1:colcon.colcon_core.environment:checking '/home/ljhua/ROBOCON2026/lidar_test/CSU-RM-Sentry/install/imu_complementary_filter/bin'
[0.596s] INFO:colcon.colcon_core.shell:Creating package script '/home/ljhua/ROBOCON2026/lidar_test/CSU-RM-Sentry/install/imu_complementary_filter/share/imu_complementary_filter/package.ps1'
[0.596s] INFO:colcon.colcon_core.shell:Creating package descriptor '/home/ljhua/ROBOCON2026/lidar_test/CSU-RM-Sentry/install/imu_complementary_filter/share/imu_complementary_filter/package.dsv'
[0.597s] INFO:colcon.colcon_core.shell:Creating package script '/home/ljhua/ROBOCON2026/lidar_test/CSU-RM-Sentry/install/imu_complementary_filter/share/imu_complementary_filter/package.sh'
[0.597s] INFO:colcon.colcon_core.shell:Creating package script '/home/ljhua/ROBOCON2026/lidar_test/CSU-RM-Sentry/install/imu_complementary_filter/share/imu_complementary_filter/package.bash'
[0.597s] INFO:colcon.colcon_core.shell:Creating package script '/home/ljhua/ROBOCON2026/lidar_test/CSU-RM-Sentry/install/imu_complementary_filter/share/imu_complementary_filter/package.zsh'
[0.598s] Level 1:colcon.colcon_core.environment:create_file_with_runtime_dependencies(/home/ljhua/ROBOCON2026/lidar_test/CSU-RM-Sentry/install/imu_complementary_filter/share/colcon-core/packages/imu_complementary_filter)
[0.601s] Level 1:colcon.colcon_core.environment:create_environment_scripts_only(rc_serial_driver)
[0.601s] Level 1:colcon.colcon_core.environment:checking '/home/ljhua/ROBOCON2026/lidar_test/CSU-RM-Sentry/install/rc_serial_driver' for CMake module files
[0.601s] DEBUG:colcon.colcon_core.event_handler.log_command:Invoking command in '/home/ljhua/ROBOCON2026/lidar_test/CSU-RM-Sentry/build/linefit_ground_segmentation_ros': AMENT_PREFIX_PATH=/home/ljhua/ROBOCON2026/lidar_test/CSU-RM-Sentry/install/linefit_ground_segmentation:${AMENT_PREFIX_PATH} CMAKE_PREFIX_PATH=/home/ljhua/ROBOCON2026/lidar_test/CSU-RM-Sentry/install/linefit_ground_segmentation:/opt/ros/humble LD_LIBRARY_PATH=/home/ljhua/ROBOCON2026/lidar_test/CSU-RM-Sentry/install/linefit_ground_segmentation/lib:${LD_LIBRARY_PATH} /usr/bin/cmake --build /home/ljhua/ROBOCON2026/lidar_test/CSU-RM-Sentry/build/linefit_ground_segmentation_ros -- -j20 -l20
[0.602s] DEBUG:colcon.colcon_core.event_handler.log_command:Invoked command in '/home/ljhua/ROBOCON2026/lidar_test/CSU-RM-Sentry/build/rc_serial_driver' returned '0': CMAKE_PREFIX_PATH=/opt/ros/humble /usr/bin/cmake --install /home/ljhua/ROBOCON2026/lidar_test/CSU-RM-Sentry/build/rc_serial_driver
[0.602s] Level 1:colcon.colcon_core.environment:checking '/home/ljhua/ROBOCON2026/lidar_test/CSU-RM-Sentry/install/rc_serial_driver' for CMake config files
[0.602s] Level 1:colcon.colcon_core.shell:create_environment_hook('rc_serial_driver', 'cmake_prefix_path')
[0.602s] INFO:colcon.colcon_core.shell:Creating environment hook '/home/ljhua/ROBOCON2026/lidar_test/CSU-RM-Sentry/install/rc_serial_driver/share/rc_serial_driver/hook/cmake_prefix_path.ps1'
[0.602s] INFO:colcon.colcon_core.shell:Creating environment descriptor '/home/ljhua/ROBOCON2026/lidar_test/CSU-RM-Sentry/install/rc_serial_driver/share/rc_serial_driver/hook/cmake_prefix_path.dsv'
[0.603s] INFO:colcon.colcon_core.shell:Creating environment hook '/home/ljhua/ROBOCON2026/lidar_test/CSU-RM-Sentry/install/rc_serial_driver/share/rc_serial_driver/hook/cmake_prefix_path.sh'
[0.603s] Level 1:colcon.colcon_core.environment:checking '/home/ljhua/ROBOCON2026/lidar_test/CSU-RM-Sentry/install/rc_serial_driver/lib'
[0.603s] Level 1:colcon.colcon_core.environment:checking '/home/ljhua/ROBOCON2026/lidar_test/CSU-RM-Sentry/install/rc_serial_driver/bin'
[0.603s] Level 1:colcon.colcon_core.environment:checking '/home/ljhua/ROBOCON2026/lidar_test/CSU-RM-Sentry/install/rc_serial_driver/lib/pkgconfig/rc_serial_driver.pc'
[0.604s] Level 1:colcon.colcon_core.environment:checking '/home/ljhua/ROBOCON2026/lidar_test/CSU-RM-Sentry/install/rc_serial_driver/lib/python3.10/site-packages'
[0.604s] Level 1:colcon.colcon_core.environment:checking '/home/ljhua/ROBOCON2026/lidar_test/CSU-RM-Sentry/install/rc_serial_driver/bin'
[0.604s] INFO:colcon.colcon_core.shell:Creating package script '/home/ljhua/ROBOCON2026/lidar_test/CSU-RM-Sentry/install/rc_serial_driver/share/rc_serial_driver/package.ps1'
[0.604s] INFO:colcon.colcon_core.shell:Creating package descriptor '/home/ljhua/ROBOCON2026/lidar_test/CSU-RM-Sentry/install/rc_serial_driver/share/rc_serial_driver/package.dsv'
[0.605s] INFO:colcon.colcon_core.shell:Creating package script '/home/ljhua/ROBOCON2026/lidar_test/CSU-RM-Sentry/install/rc_serial_driver/share/rc_serial_driver/package.sh'
[0.605s] INFO:colcon.colcon_core.shell:Creating package script '/home/ljhua/ROBOCON2026/lidar_test/CSU-RM-Sentry/install/rc_serial_driver/share/rc_serial_driver/package.bash'
[0.605s] INFO:colcon.colcon_core.shell:Creating package script '/home/ljhua/ROBOCON2026/lidar_test/CSU-RM-Sentry/install/rc_serial_driver/share/rc_serial_driver/package.zsh'
[0.605s] Level 1:colcon.colcon_core.environment:create_file_with_runtime_dependencies(/home/ljhua/ROBOCON2026/lidar_test/CSU-RM-Sentry/install/rc_serial_driver/share/colcon-core/packages/rc_serial_driver)
[0.606s] Level 1:colcon.colcon_core.environment:create_environment_scripts_only(rc_serial_driver)
[0.606s] Level 1:colcon.colcon_core.environment:checking '/home/ljhua/ROBOCON2026/lidar_test/CSU-RM-Sentry/install/rc_serial_driver' for CMake module files
[0.606s] Level 1:colcon.colcon_core.environment:checking '/home/ljhua/ROBOCON2026/lidar_test/CSU-RM-Sentry/install/rc_serial_driver' for CMake config files
[0.606s] Level 1:colcon.colcon_core.shell:create_environment_hook('rc_serial_driver', 'cmake_prefix_path')
[0.607s] INFO:colcon.colcon_core.shell:Creating environment hook '/home/ljhua/ROBOCON2026/lidar_test/CSU-RM-Sentry/install/rc_serial_driver/share/rc_serial_driver/hook/cmake_prefix_path.ps1'
[0.607s] INFO:colcon.colcon_core.shell:Creating environment descriptor '/home/ljhua/ROBOCON2026/lidar_test/CSU-RM-Sentry/install/rc_serial_driver/share/rc_serial_driver/hook/cmake_prefix_path.dsv'
[0.607s] INFO:colcon.colcon_core.shell:Creating environment hook '/home/ljhua/ROBOCON2026/lidar_test/CSU-RM-Sentry/install/rc_serial_driver/share/rc_serial_driver/hook/cmake_prefix_path.sh'
[0.607s] Level 1:colcon.colcon_core.environment:checking '/home/ljhua/ROBOCON2026/lidar_test/CSU-RM-Sentry/install/rc_serial_driver/lib'
[0.607s] Level 1:colcon.colcon_core.environment:checking '/home/ljhua/ROBOCON2026/lidar_test/CSU-RM-Sentry/install/rc_serial_driver/bin'
[0.607s] Level 1:colcon.colcon_core.environment:checking '/home/ljhua/ROBOCON2026/lidar_test/CSU-RM-Sentry/install/rc_serial_driver/lib/pkgconfig/rc_serial_driver.pc'
[0.608s] Level 1:colcon.colcon_core.environment:checking '/home/ljhua/ROBOCON2026/lidar_test/CSU-RM-Sentry/install/rc_serial_driver/lib/python3.10/site-packages'
[0.608s] Level 1:colcon.colcon_core.environment:checking '/home/ljhua/ROBOCON2026/lidar_test/CSU-RM-Sentry/install/rc_serial_driver/bin'
[0.608s] INFO:colcon.colcon_core.shell:Creating package script '/home/ljhua/ROBOCON2026/lidar_test/CSU-RM-Sentry/install/rc_serial_driver/share/rc_serial_driver/package.ps1'
[0.608s] INFO:colcon.colcon_core.shell:Creating package descriptor '/home/ljhua/ROBOCON2026/lidar_test/CSU-RM-Sentry/install/rc_serial_driver/share/rc_serial_driver/package.dsv'
[0.608s] INFO:colcon.colcon_core.shell:Creating package script '/home/ljhua/ROBOCON2026/lidar_test/CSU-RM-Sentry/install/rc_serial_driver/share/rc_serial_driver/package.sh'
[0.609s] INFO:colcon.colcon_core.shell:Creating package script '/home/ljhua/ROBOCON2026/lidar_test/CSU-RM-Sentry/install/rc_serial_driver/share/rc_serial_driver/package.bash'
[0.609s] INFO:colcon.colcon_core.shell:Creating package script '/home/ljhua/ROBOCON2026/lidar_test/CSU-RM-Sentry/install/rc_serial_driver/share/rc_serial_driver/package.zsh'
[0.609s] Level 1:colcon.colcon_core.environment:create_file_with_runtime_dependencies(/home/ljhua/ROBOCON2026/lidar_test/CSU-RM-Sentry/install/rc_serial_driver/share/colcon-core/packages/rc_serial_driver)
[0.610s] Level 1:colcon.colcon_core.environment:create_environment_scripts_only(pointcloud_to_laserscan)
[0.610s] Level 1:colcon.colcon_core.environment:checking '/home/ljhua/ROBOCON2026/lidar_test/CSU-RM-Sentry/install/pointcloud_to_laserscan' for CMake module files
[0.610s] DEBUG:colcon.colcon_core.event_handler.log_command:Invoked command in '/home/ljhua/ROBOCON2026/lidar_test/CSU-RM-Sentry/build/pointcloud_to_laserscan' returned '0': CMAKE_PREFIX_PATH=/opt/ros/humble /usr/bin/cmake --install /home/ljhua/ROBOCON2026/lidar_test/CSU-RM-Sentry/build/pointcloud_to_laserscan
[0.610s] Level 1:colcon.colcon_core.environment:checking '/home/ljhua/ROBOCON2026/lidar_test/CSU-RM-Sentry/install/pointcloud_to_laserscan' for CMake config files
[0.611s] Level 1:colcon.colcon_core.shell:create_environment_hook('pointcloud_to_laserscan', 'cmake_prefix_path')
[0.611s] INFO:colcon.colcon_core.shell:Creating environment hook '/home/ljhua/ROBOCON2026/lidar_test/CSU-RM-Sentry/install/pointcloud_to_laserscan/share/pointcloud_to_laserscan/hook/cmake_prefix_path.ps1'
[0.611s] INFO:colcon.colcon_core.shell:Creating environment descriptor '/home/ljhua/ROBOCON2026/lidar_test/CSU-RM-Sentry/install/pointcloud_to_laserscan/share/pointcloud_to_laserscan/hook/cmake_prefix_path.dsv'
[0.611s] INFO:colcon.colcon_core.shell:Creating environment hook '/home/ljhua/ROBOCON2026/lidar_test/CSU-RM-Sentry/install/pointcloud_to_laserscan/share/pointcloud_to_laserscan/hook/cmake_prefix_path.sh'
[0.612s] Level 1:colcon.colcon_core.environment:checking '/home/ljhua/ROBOCON2026/lidar_test/CSU-RM-Sentry/install/pointcloud_to_laserscan/lib'
[0.612s] Level 1:colcon.colcon_core.shell:create_environment_hook('pointcloud_to_laserscan', 'ld_library_path_lib')
[0.612s] INFO:colcon.colcon_core.shell:Creating environment hook '/home/ljhua/ROBOCON2026/lidar_test/CSU-RM-Sentry/install/pointcloud_to_laserscan/share/pointcloud_to_laserscan/hook/ld_library_path_lib.ps1'
[0.612s] INFO:colcon.colcon_core.shell:Creating environment descriptor '/home/ljhua/ROBOCON2026/lidar_test/CSU-RM-Sentry/install/pointcloud_to_laserscan/share/pointcloud_to_laserscan/hook/ld_library_path_lib.dsv'
[0.612s] INFO:colcon.colcon_core.shell:Creating environment hook '/home/ljhua/ROBOCON2026/lidar_test/CSU-RM-Sentry/install/pointcloud_to_laserscan/share/pointcloud_to_laserscan/hook/ld_library_path_lib.sh'
[0.613s] Level 1:colcon.colcon_core.environment:checking '/home/ljhua/ROBOCON2026/lidar_test/CSU-RM-Sentry/install/pointcloud_to_laserscan/bin'
[0.613s] Level 1:colcon.colcon_core.environment:checking '/home/ljhua/ROBOCON2026/lidar_test/CSU-RM-Sentry/install/pointcloud_to_laserscan/lib/pkgconfig/pointcloud_to_laserscan.pc'
[0.613s] Level 1:colcon.colcon_core.environment:checking '/home/ljhua/ROBOCON2026/lidar_test/CSU-RM-Sentry/install/pointcloud_to_laserscan/lib/python3.10/site-packages'
[0.613s] Level 1:colcon.colcon_core.environment:checking '/home/ljhua/ROBOCON2026/lidar_test/CSU-RM-Sentry/install/pointcloud_to_laserscan/bin'
[0.613s] INFO:colcon.colcon_core.shell:Creating package script '/home/ljhua/ROBOCON2026/lidar_test/CSU-RM-Sentry/install/pointcloud_to_laserscan/share/pointcloud_to_laserscan/package.ps1'
[0.614s] INFO:colcon.colcon_core.shell:Creating package descriptor '/home/ljhua/ROBOCON2026/lidar_test/CSU-RM-Sentry/install/pointcloud_to_laserscan/share/pointcloud_to_laserscan/package.dsv'
[0.614s] INFO:colcon.colcon_core.shell:Creating package script '/home/ljhua/ROBOCON2026/lidar_test/CSU-RM-Sentry/install/pointcloud_to_laserscan/share/pointcloud_to_laserscan/package.sh'
[0.614s] INFO:colcon.colcon_core.shell:Creating package script '/home/ljhua/ROBOCON2026/lidar_test/CSU-RM-Sentry/install/pointcloud_to_laserscan/share/pointcloud_to_laserscan/package.bash'
[0.614s] INFO:colcon.colcon_core.shell:Creating package script '/home/ljhua/ROBOCON2026/lidar_test/CSU-RM-Sentry/install/pointcloud_to_laserscan/share/pointcloud_to_laserscan/package.zsh'
[0.615s] Level 1:colcon.colcon_core.environment:create_file_with_runtime_dependencies(/home/ljhua/ROBOCON2026/lidar_test/CSU-RM-Sentry/install/pointcloud_to_laserscan/share/colcon-core/packages/pointcloud_to_laserscan)
[0.615s] Level 1:colcon.colcon_core.environment:create_environment_scripts_only(pointcloud_to_laserscan)
[0.615s] Level 1:colcon.colcon_core.environment:checking '/home/ljhua/ROBOCON2026/lidar_test/CSU-RM-Sentry/install/pointcloud_to_laserscan' for CMake module files
[0.616s] Level 1:colcon.colcon_core.environment:checking '/home/ljhua/ROBOCON2026/lidar_test/CSU-RM-Sentry/install/pointcloud_to_laserscan' for CMake config files
[0.616s] Level 1:colcon.colcon_core.shell:create_environment_hook('pointcloud_to_laserscan', 'cmake_prefix_path')
[0.616s] INFO:colcon.colcon_core.shell:Creating environment hook '/home/ljhua/ROBOCON2026/lidar_test/CSU-RM-Sentry/install/pointcloud_to_laserscan/share/pointcloud_to_laserscan/hook/cmake_prefix_path.ps1'
[0.616s] INFO:colcon.colcon_core.shell:Creating environment descriptor '/home/ljhua/ROBOCON2026/lidar_test/CSU-RM-Sentry/install/pointcloud_to_laserscan/share/pointcloud_to_laserscan/hook/cmake_prefix_path.dsv'
[0.616s] INFO:colcon.colcon_core.shell:Creating environment hook '/home/ljhua/ROBOCON2026/lidar_test/CSU-RM-Sentry/install/pointcloud_to_laserscan/share/pointcloud_to_laserscan/hook/cmake_prefix_path.sh'
[0.617s] Level 1:colcon.colcon_core.environment:checking '/home/ljhua/ROBOCON2026/lidar_test/CSU-RM-Sentry/install/pointcloud_to_laserscan/lib'
[0.617s] Level 1:colcon.colcon_core.shell:create_environment_hook('pointcloud_to_laserscan', 'ld_library_path_lib')
[0.617s] INFO:colcon.colcon_core.shell:Creating environment hook '/home/ljhua/ROBOCON2026/lidar_test/CSU-RM-Sentry/install/pointcloud_to_laserscan/share/pointcloud_to_laserscan/hook/ld_library_path_lib.ps1'
[0.617s] INFO:colcon.colcon_core.shell:Creating environment descriptor '/home/ljhua/ROBOCON2026/lidar_test/CSU-RM-Sentry/install/pointcloud_to_laserscan/share/pointcloud_to_laserscan/hook/ld_library_path_lib.dsv'
[0.617s] INFO:colcon.colcon_core.shell:Creating environment hook '/home/ljhua/ROBOCON2026/lidar_test/CSU-RM-Sentry/install/pointcloud_to_laserscan/share/pointcloud_to_laserscan/hook/ld_library_path_lib.sh'
[0.618s] Level 1:colcon.colcon_core.environment:checking '/home/ljhua/ROBOCON2026/lidar_test/CSU-RM-Sentry/install/pointcloud_to_laserscan/bin'
[0.618s] Level 1:colcon.colcon_core.environment:checking '/home/ljhua/ROBOCON2026/lidar_test/CSU-RM-Sentry/install/pointcloud_to_laserscan/lib/pkgconfig/pointcloud_to_laserscan.pc'
[0.618s] Level 1:colcon.colcon_core.environment:checking '/home/ljhua/ROBOCON2026/lidar_test/CSU-RM-Sentry/install/pointcloud_to_laserscan/lib/python3.10/site-packages'
[0.618s] Level 1:colcon.colcon_core.environment:checking '/home/ljhua/ROBOCON2026/lidar_test/CSU-RM-Sentry/install/pointcloud_to_laserscan/bin'
[0.618s] INFO:colcon.colcon_core.shell:Creating package script '/home/ljhua/ROBOCON2026/lidar_test/CSU-RM-Sentry/install/pointcloud_to_laserscan/share/pointcloud_to_laserscan/package.ps1'
[0.619s] INFO:colcon.colcon_core.shell:Creating package descriptor '/home/ljhua/ROBOCON2026/lidar_test/CSU-RM-Sentry/install/pointcloud_to_laserscan/share/pointcloud_to_laserscan/package.dsv'
[0.619s] INFO:colcon.colcon_core.shell:Creating package script '/home/ljhua/ROBOCON2026/lidar_test/CSU-RM-Sentry/install/pointcloud_to_laserscan/share/pointcloud_to_laserscan/package.sh'
[0.619s] INFO:colcon.colcon_core.shell:Creating package script '/home/ljhua/ROBOCON2026/lidar_test/CSU-RM-Sentry/install/pointcloud_to_laserscan/share/pointcloud_to_laserscan/package.bash'
[0.620s] INFO:colcon.colcon_core.shell:Creating package script '/home/ljhua/ROBOCON2026/lidar_test/CSU-RM-Sentry/install/pointcloud_to_laserscan/share/pointcloud_to_laserscan/package.zsh'
[0.620s] Level 1:colcon.colcon_core.environment:create_file_with_runtime_dependencies(/home/ljhua/ROBOCON2026/lidar_test/CSU-RM-Sentry/install/pointcloud_to_laserscan/share/colcon-core/packages/pointcloud_to_laserscan)
[0.621s] DEBUG:colcon.colcon_core.event_handler.log_command:Invoked command in '/home/ljhua/ROBOCON2026/lidar_test/CSU-RM-Sentry/build/icp_localization_ros2' returned '0': CMAKE_PREFIX_PATH=/opt/ros/humble /usr/bin/cmake --build /home/ljhua/ROBOCON2026/lidar_test/CSU-RM-Sentry/build/icp_localization_ros2 -- -j20 -l20
[0.623s] DEBUG:colcon.colcon_core.event_handler.log_command:Invoking command in '/home/ljhua/ROBOCON2026/lidar_test/CSU-RM-Sentry/build/icp_localization_ros2': CMAKE_PREFIX_PATH=/opt/ros/humble /usr/bin/cmake --install /home/ljhua/ROBOCON2026/lidar_test/CSU-RM-Sentry/build/icp_localization_ros2
[0.640s] Level 1:colcon.colcon_core.environment:create_environment_scripts_only(icp_localization_ros2)
[0.641s] Level 1:colcon.colcon_core.environment:checking '/home/ljhua/ROBOCON2026/lidar_test/CSU-RM-Sentry/install/icp_localization_ros2' for CMake module files
[0.641s] DEBUG:colcon.colcon_core.event_handler.log_command:Invoked command in '/home/ljhua/ROBOCON2026/lidar_test/CSU-RM-Sentry/build/icp_localization_ros2' returned '0': CMAKE_PREFIX_PATH=/opt/ros/humble /usr/bin/cmake --install /home/ljhua/ROBOCON2026/lidar_test/CSU-RM-Sentry/build/icp_localization_ros2
[0.642s] Level 1:colcon.colcon_core.environment:checking '/home/ljhua/ROBOCON2026/lidar_test/CSU-RM-Sentry/install/icp_localization_ros2' for CMake config files
[0.643s] Level 1:colcon.colcon_core.shell:create_environment_hook('icp_localization_ros2', 'cmake_prefix_path')
[0.643s] INFO:colcon.colcon_core.shell:Creating environment hook '/home/ljhua/ROBOCON2026/lidar_test/CSU-RM-Sentry/install/icp_localization_ros2/share/icp_localization_ros2/hook/cmake_prefix_path.ps1'
[0.644s] INFO:colcon.colcon_core.shell:Creating environment descriptor '/home/ljhua/ROBOCON2026/lidar_test/CSU-RM-Sentry/install/icp_localization_ros2/share/icp_localization_ros2/hook/cmake_prefix_path.dsv'
[0.644s] INFO:colcon.colcon_core.shell:Creating environment hook '/home/ljhua/ROBOCON2026/lidar_test/CSU-RM-Sentry/install/icp_localization_ros2/share/icp_localization_ros2/hook/cmake_prefix_path.sh'
[0.645s] Level 1:colcon.colcon_core.environment:checking '/home/ljhua/ROBOCON2026/lidar_test/CSU-RM-Sentry/install/icp_localization_ros2/lib'
[0.645s] Level 1:colcon.colcon_core.environment:checking '/home/ljhua/ROBOCON2026/lidar_test/CSU-RM-Sentry/install/icp_localization_ros2/bin'
[0.645s] Level 1:colcon.colcon_core.environment:checking '/home/ljhua/ROBOCON2026/lidar_test/CSU-RM-Sentry/install/icp_localization_ros2/lib/pkgconfig/icp_localization_ros2.pc'
[0.645s] Level 1:colcon.colcon_core.environment:checking '/home/ljhua/ROBOCON2026/lidar_test/CSU-RM-Sentry/install/icp_localization_ros2/lib/python3.10/site-packages'
[0.645s] Level 1:colcon.colcon_core.environment:checking '/home/ljhua/ROBOCON2026/lidar_test/CSU-RM-Sentry/install/icp_localization_ros2/bin'
[0.646s] INFO:colcon.colcon_core.shell:Creating package script '/home/ljhua/ROBOCON2026/lidar_test/CSU-RM-Sentry/install/icp_localization_ros2/share/icp_localization_ros2/package.ps1'
[0.646s] INFO:colcon.colcon_core.shell:Creating package descriptor '/home/ljhua/ROBOCON2026/lidar_test/CSU-RM-Sentry/install/icp_localization_ros2/share/icp_localization_ros2/package.dsv'
[0.647s] INFO:colcon.colcon_core.shell:Creating package script '/home/ljhua/ROBOCON2026/lidar_test/CSU-RM-Sentry/install/icp_localization_ros2/share/icp_localization_ros2/package.sh'
[0.647s] INFO:colcon.colcon_core.shell:Creating package script '/home/ljhua/ROBOCON2026/lidar_test/CSU-RM-Sentry/install/icp_localization_ros2/share/icp_localization_ros2/package.bash'
[0.648s] INFO:colcon.colcon_core.shell:Creating package script '/home/ljhua/ROBOCON2026/lidar_test/CSU-RM-Sentry/install/icp_localization_ros2/share/icp_localization_ros2/package.zsh'
[0.648s] Level 1:colcon.colcon_core.environment:create_file_with_runtime_dependencies(/home/ljhua/ROBOCON2026/lidar_test/CSU-RM-Sentry/install/icp_localization_ros2/share/colcon-core/packages/icp_localization_ros2)
[0.648s] Level 1:colcon.colcon_core.environment:create_environment_scripts_only(icp_localization_ros2)
[0.649s] Level 1:colcon.colcon_core.environment:checking '/home/ljhua/ROBOCON2026/lidar_test/CSU-RM-Sentry/install/icp_localization_ros2' for CMake module files
[0.649s] Level 1:colcon.colcon_core.environment:checking '/home/ljhua/ROBOCON2026/lidar_test/CSU-RM-Sentry/install/icp_localization_ros2' for CMake config files
[0.649s] Level 1:colcon.colcon_core.shell:create_environment_hook('icp_localization_ros2', 'cmake_prefix_path')
[0.649s] INFO:colcon.colcon_core.shell:Creating environment hook '/home/ljhua/ROBOCON2026/lidar_test/CSU-RM-Sentry/install/icp_localization_ros2/share/icp_localization_ros2/hook/cmake_prefix_path.ps1'
[0.650s] INFO:colcon.colcon_core.shell:Creating environment descriptor '/home/ljhua/ROBOCON2026/lidar_test/CSU-RM-Sentry/install/icp_localization_ros2/share/icp_localization_ros2/hook/cmake_prefix_path.dsv'
[0.650s] INFO:colcon.colcon_core.shell:Creating environment hook '/home/ljhua/ROBOCON2026/lidar_test/CSU-RM-Sentry/install/icp_localization_ros2/share/icp_localization_ros2/hook/cmake_prefix_path.sh'
[0.650s] Level 1:colcon.colcon_core.environment:checking '/home/ljhua/ROBOCON2026/lidar_test/CSU-RM-Sentry/install/icp_localization_ros2/lib'
[0.650s] Level 1:colcon.colcon_core.environment:checking '/home/ljhua/ROBOCON2026/lidar_test/CSU-RM-Sentry/install/icp_localization_ros2/bin'
[0.650s] Level 1:colcon.colcon_core.environment:checking '/home/ljhua/ROBOCON2026/lidar_test/CSU-RM-Sentry/install/icp_localization_ros2/lib/pkgconfig/icp_localization_ros2.pc'
[0.650s] Level 1:colcon.colcon_core.environment:checking '/home/ljhua/ROBOCON2026/lidar_test/CSU-RM-Sentry/install/icp_localization_ros2/lib/python3.10/site-packages'
[0.650s] Level 1:colcon.colcon_core.environment:checking '/home/ljhua/ROBOCON2026/lidar_test/CSU-RM-Sentry/install/icp_localization_ros2/bin'
[0.651s] INFO:colcon.colcon_core.shell:Creating package script '/home/ljhua/ROBOCON2026/lidar_test/CSU-RM-Sentry/install/icp_localization_ros2/share/icp_localization_ros2/package.ps1'
[0.651s] INFO:colcon.colcon_core.shell:Creating package descriptor '/home/ljhua/ROBOCON2026/lidar_test/CSU-RM-Sentry/install/icp_localization_ros2/share/icp_localization_ros2/package.dsv'
[0.651s] INFO:colcon.colcon_core.shell:Creating package script '/home/ljhua/ROBOCON2026/lidar_test/CSU-RM-Sentry/install/icp_localization_ros2/share/icp_localization_ros2/package.sh'
[0.651s] INFO:colcon.colcon_core.shell:Creating package script '/home/ljhua/ROBOCON2026/lidar_test/CSU-RM-Sentry/install/icp_localization_ros2/share/icp_localization_ros2/package.bash'
[0.652s] INFO:colcon.colcon_core.shell:Creating package script '/home/ljhua/ROBOCON2026/lidar_test/CSU-RM-Sentry/install/icp_localization_ros2/share/icp_localization_ros2/package.zsh'
[0.652s] Level 1:colcon.colcon_core.environment:create_file_with_runtime_dependencies(/home/ljhua/ROBOCON2026/lidar_test/CSU-RM-Sentry/install/icp_localization_ros2/share/colcon-core/packages/icp_localization_ros2)
[0.679s] DEBUG:colcon.colcon_core.event_handler.log_command:Invoked command in '/home/ljhua/ROBOCON2026/lidar_test/CSU-RM-Sentry/build/linefit_ground_segmentation_ros' returned '0': AMENT_PREFIX_PATH=/home/ljhua/ROBOCON2026/lidar_test/CSU-RM-Sentry/install/linefit_ground_segmentation:${AMENT_PREFIX_PATH} CMAKE_PREFIX_PATH=/home/ljhua/ROBOCON2026/lidar_test/CSU-RM-Sentry/install/linefit_ground_segmentation:/opt/ros/humble LD_LIBRARY_PATH=/home/ljhua/ROBOCON2026/lidar_test/CSU-RM-Sentry/install/linefit_ground_segmentation/lib:${LD_LIBRARY_PATH} /usr/bin/cmake --build /home/ljhua/ROBOCON2026/lidar_test/CSU-RM-Sentry/build/linefit_ground_segmentation_ros -- -j20 -l20
[0.681s] DEBUG:colcon.colcon_core.event_handler.log_command:Invoking command in '/home/ljhua/ROBOCON2026/lidar_test/CSU-RM-Sentry/build/linefit_ground_segmentation_ros': AMENT_PREFIX_PATH=/home/ljhua/ROBOCON2026/lidar_test/CSU-RM-Sentry/install/linefit_ground_segmentation:${AMENT_PREFIX_PATH} CMAKE_PREFIX_PATH=/home/ljhua/ROBOCON2026/lidar_test/CSU-RM-Sentry/install/linefit_ground_segmentation:/opt/ros/humble LD_LIBRARY_PATH=/home/ljhua/ROBOCON2026/lidar_test/CSU-RM-Sentry/install/linefit_ground_segmentation/lib:${LD_LIBRARY_PATH} /usr/bin/cmake --install /home/ljhua/ROBOCON2026/lidar_test/CSU-RM-Sentry/build/linefit_ground_segmentation_ros
[0.701s] Level 1:colcon.colcon_core.environment:create_environment_scripts_only(linefit_ground_segmentation_ros)
[0.701s] Level 1:colcon.colcon_core.environment:checking '/home/ljhua/ROBOCON2026/lidar_test/CSU-RM-Sentry/install/linefit_ground_segmentation_ros' for CMake module files
[0.702s] DEBUG:colcon.colcon_core.event_handler.log_command:Invoked command in '/home/ljhua/ROBOCON2026/lidar_test/CSU-RM-Sentry/build/linefit_ground_segmentation_ros' returned '0': AMENT_PREFIX_PATH=/home/ljhua/ROBOCON2026/lidar_test/CSU-RM-Sentry/install/linefit_ground_segmentation:${AMENT_PREFIX_PATH} CMAKE_PREFIX_PATH=/home/ljhua/ROBOCON2026/lidar_test/CSU-RM-Sentry/install/linefit_ground_segmentation:/opt/ros/humble LD_LIBRARY_PATH=/home/ljhua/ROBOCON2026/lidar_test/CSU-RM-Sentry/install/linefit_ground_segmentation/lib:${LD_LIBRARY_PATH} /usr/bin/cmake --install /home/ljhua/ROBOCON2026/lidar_test/CSU-RM-Sentry/build/linefit_ground_segmentation_ros
[0.702s] Level 1:colcon.colcon_core.environment:checking '/home/ljhua/ROBOCON2026/lidar_test/CSU-RM-Sentry/install/linefit_ground_segmentation_ros' for CMake config files
[0.702s] Level 1:colcon.colcon_core.shell:create_environment_hook('linefit_ground_segmentation_ros', 'cmake_prefix_path')
[0.702s] INFO:colcon.colcon_core.shell:Creating environment hook '/home/ljhua/ROBOCON2026/lidar_test/CSU-RM-Sentry/install/linefit_ground_segmentation_ros/share/linefit_ground_segmentation_ros/hook/cmake_prefix_path.ps1'
[0.702s] INFO:colcon.colcon_core.shell:Creating environment descriptor '/home/ljhua/ROBOCON2026/lidar_test/CSU-RM-Sentry/install/linefit_ground_segmentation_ros/share/linefit_ground_segmentation_ros/hook/cmake_prefix_path.dsv'
[0.703s] INFO:colcon.colcon_core.shell:Creating environment hook '/home/ljhua/ROBOCON2026/lidar_test/CSU-RM-Sentry/install/linefit_ground_segmentation_ros/share/linefit_ground_segmentation_ros/hook/cmake_prefix_path.sh'
[0.703s] Level 1:colcon.colcon_core.environment:checking '/home/ljhua/ROBOCON2026/lidar_test/CSU-RM-Sentry/install/linefit_ground_segmentation_ros/lib'
[0.703s] Level 1:colcon.colcon_core.environment:checking '/home/ljhua/ROBOCON2026/lidar_test/CSU-RM-Sentry/install/linefit_ground_segmentation_ros/bin'
[0.703s] Level 1:colcon.colcon_core.environment:checking '/home/ljhua/ROBOCON2026/lidar_test/CSU-RM-Sentry/install/linefit_ground_segmentation_ros/lib/pkgconfig/linefit_ground_segmentation_ros.pc'
[0.704s] Level 1:colcon.colcon_core.environment:checking '/home/ljhua/ROBOCON2026/lidar_test/CSU-RM-Sentry/install/linefit_ground_segmentation_ros/lib/python3.10/site-packages'
[0.704s] Level 1:colcon.colcon_core.environment:checking '/home/ljhua/ROBOCON2026/lidar_test/CSU-RM-Sentry/install/linefit_ground_segmentation_ros/bin'
[0.704s] INFO:colcon.colcon_core.shell:Creating package script '/home/ljhua/ROBOCON2026/lidar_test/CSU-RM-Sentry/install/linefit_ground_segmentation_ros/share/linefit_ground_segmentation_ros/package.ps1'
[0.705s] INFO:colcon.colcon_core.shell:Creating package descriptor '/home/ljhua/ROBOCON2026/lidar_test/CSU-RM-Sentry/install/linefit_ground_segmentation_ros/share/linefit_ground_segmentation_ros/package.dsv'
[0.705s] INFO:colcon.colcon_core.shell:Creating package script '/home/ljhua/ROBOCON2026/lidar_test/CSU-RM-Sentry/install/linefit_ground_segmentation_ros/share/linefit_ground_segmentation_ros/package.sh'
[0.706s] INFO:colcon.colcon_core.shell:Creating package script '/home/ljhua/ROBOCON2026/lidar_test/CSU-RM-Sentry/install/linefit_ground_segmentation_ros/share/linefit_ground_segmentation_ros/package.bash'
[0.706s] INFO:colcon.colcon_core.shell:Creating package script '/home/ljhua/ROBOCON2026/lidar_test/CSU-RM-Sentry/install/linefit_ground_segmentation_ros/share/linefit_ground_segmentation_ros/package.zsh'
[0.706s] Level 1:colcon.colcon_core.environment:create_file_with_runtime_dependencies(/home/ljhua/ROBOCON2026/lidar_test/CSU-RM-Sentry/install/linefit_ground_segmentation_ros/share/colcon-core/packages/linefit_ground_segmentation_ros)
[0.706s] Level 1:colcon.colcon_core.environment:create_environment_scripts_only(linefit_ground_segmentation_ros)
[0.706s] Level 1:colcon.colcon_core.environment:checking '/home/ljhua/ROBOCON2026/lidar_test/CSU-RM-Sentry/install/linefit_ground_segmentation_ros' for CMake module files
[0.707s] Level 1:colcon.colcon_core.environment:checking '/home/ljhua/ROBOCON2026/lidar_test/CSU-RM-Sentry/install/linefit_ground_segmentation_ros' for CMake config files
[0.707s] Level 1:colcon.colcon_core.shell:create_environment_hook('linefit_ground_segmentation_ros', 'cmake_prefix_path')
[0.707s] INFO:colcon.colcon_core.shell:Creating environment hook '/home/ljhua/ROBOCON2026/lidar_test/CSU-RM-Sentry/install/linefit_ground_segmentation_ros/share/linefit_ground_segmentation_ros/hook/cmake_prefix_path.ps1'
[0.707s] INFO:colcon.colcon_core.shell:Creating environment descriptor '/home/ljhua/ROBOCON2026/lidar_test/CSU-RM-Sentry/install/linefit_ground_segmentation_ros/share/linefit_ground_segmentation_ros/hook/cmake_prefix_path.dsv'
[0.707s] INFO:colcon.colcon_core.shell:Creating environment hook '/home/ljhua/ROBOCON2026/lidar_test/CSU-RM-Sentry/install/linefit_ground_segmentation_ros/share/linefit_ground_segmentation_ros/hook/cmake_prefix_path.sh'
[0.708s] Level 1:colcon.colcon_core.environment:checking '/home/ljhua/ROBOCON2026/lidar_test/CSU-RM-Sentry/install/linefit_ground_segmentation_ros/lib'
[0.708s] Level 1:colcon.colcon_core.environment:checking '/home/ljhua/ROBOCON2026/lidar_test/CSU-RM-Sentry/install/linefit_ground_segmentation_ros/bin'
[0.708s] Level 1:colcon.colcon_core.environment:checking '/home/ljhua/ROBOCON2026/lidar_test/CSU-RM-Sentry/install/linefit_ground_segmentation_ros/lib/pkgconfig/linefit_ground_segmentation_ros.pc'
[0.708s] Level 1:colcon.colcon_core.environment:checking '/home/ljhua/ROBOCON2026/lidar_test/CSU-RM-Sentry/install/linefit_ground_segmentation_ros/lib/python3.10/site-packages'
[0.708s] Level 1:colcon.colcon_core.environment:checking '/home/ljhua/ROBOCON2026/lidar_test/CSU-RM-Sentry/install/linefit_ground_segmentation_ros/bin'
[0.708s] INFO:colcon.colcon_core.shell:Creating package script '/home/ljhua/ROBOCON2026/lidar_test/CSU-RM-Sentry/install/linefit_ground_segmentation_ros/share/linefit_ground_segmentation_ros/package.ps1'
[0.709s] INFO:colcon.colcon_core.shell:Creating package descriptor '/home/ljhua/ROBOCON2026/lidar_test/CSU-RM-Sentry/install/linefit_ground_segmentation_ros/share/linefit_ground_segmentation_ros/package.dsv'
[0.709s] INFO:colcon.colcon_core.shell:Creating package script '/home/ljhua/ROBOCON2026/lidar_test/CSU-RM-Sentry/install/linefit_ground_segmentation_ros/share/linefit_ground_segmentation_ros/package.sh'
[0.709s] INFO:colcon.colcon_core.shell:Creating package script '/home/ljhua/ROBOCON2026/lidar_test/CSU-RM-Sentry/install/linefit_ground_segmentation_ros/share/linefit_ground_segmentation_ros/package.bash'
[0.709s] INFO:colcon.colcon_core.shell:Creating package script '/home/ljhua/ROBOCON2026/lidar_test/CSU-RM-Sentry/install/linefit_ground_segmentation_ros/share/linefit_ground_segmentation_ros/package.zsh'
[0.709s] Level 1:colcon.colcon_core.environment:create_file_with_runtime_dependencies(/home/ljhua/ROBOCON2026/lidar_test/CSU-RM-Sentry/install/linefit_ground_segmentation_ros/share/colcon-core/packages/linefit_ground_segmentation_ros)
[0.889s] DEBUG:colcon.colcon_core.event_handler.log_command:Invoked command in '/home/ljhua/ROBOCON2026/lidar_test/CSU-RM-Sentry/build/livox_ros_driver2' returned '0': CMAKE_PREFIX_PATH=/opt/ros/humble /usr/bin/cmake --build /home/ljhua/ROBOCON2026/lidar_test/CSU-RM-Sentry/build/livox_ros_driver2 -- -j20 -l20
[0.891s] DEBUG:colcon.colcon_core.event_handler.log_command:Invoking command in '/home/ljhua/ROBOCON2026/lidar_test/CSU-RM-Sentry/build/livox_ros_driver2': CMAKE_PREFIX_PATH=/opt/ros/humble /usr/bin/cmake --install /home/ljhua/ROBOCON2026/lidar_test/CSU-RM-Sentry/build/livox_ros_driver2
[0.957s] Level 1:colcon.colcon_core.environment:create_environment_scripts_only(livox_ros_driver2)
[0.958s] Level 1:colcon.colcon_core.environment:checking '/home/ljhua/ROBOCON2026/lidar_test/CSU-RM-Sentry/install/livox_ros_driver2' for CMake module files
[0.958s] DEBUG:colcon.colcon_core.event_handler.log_command:Invoked command in '/home/ljhua/ROBOCON2026/lidar_test/CSU-RM-Sentry/build/livox_ros_driver2' returned '0': CMAKE_PREFIX_PATH=/opt/ros/humble /usr/bin/cmake --install /home/ljhua/ROBOCON2026/lidar_test/CSU-RM-Sentry/build/livox_ros_driver2
[0.958s] Level 1:colcon.colcon_core.environment:checking '/home/ljhua/ROBOCON2026/lidar_test/CSU-RM-Sentry/install/livox_ros_driver2' for CMake config files
[0.959s] Level 1:colcon.colcon_core.shell:create_environment_hook('livox_ros_driver2', 'cmake_prefix_path')
[0.959s] INFO:colcon.colcon_core.shell:Creating environment hook '/home/ljhua/ROBOCON2026/lidar_test/CSU-RM-Sentry/install/livox_ros_driver2/share/livox_ros_driver2/hook/cmake_prefix_path.ps1'
[0.960s] INFO:colcon.colcon_core.shell:Creating environment descriptor '/home/ljhua/ROBOCON2026/lidar_test/CSU-RM-Sentry/install/livox_ros_driver2/share/livox_ros_driver2/hook/cmake_prefix_path.dsv'
[0.960s] INFO:colcon.colcon_core.shell:Creating environment hook '/home/ljhua/ROBOCON2026/lidar_test/CSU-RM-Sentry/install/livox_ros_driver2/share/livox_ros_driver2/hook/cmake_prefix_path.sh'
[0.960s] Level 1:colcon.colcon_core.environment:checking '/home/ljhua/ROBOCON2026/lidar_test/CSU-RM-Sentry/install/livox_ros_driver2/lib'
[0.960s] Level 1:colcon.colcon_core.shell:create_environment_hook('livox_ros_driver2', 'ld_library_path_lib')
[0.961s] INFO:colcon.colcon_core.shell:Creating environment hook '/home/ljhua/ROBOCON2026/lidar_test/CSU-RM-Sentry/install/livox_ros_driver2/share/livox_ros_driver2/hook/ld_library_path_lib.ps1'
[0.961s] INFO:colcon.colcon_core.shell:Creating environment descriptor '/home/ljhua/ROBOCON2026/lidar_test/CSU-RM-Sentry/install/livox_ros_driver2/share/livox_ros_driver2/hook/ld_library_path_lib.dsv'
[0.961s] INFO:colcon.colcon_core.shell:Creating environment hook '/home/ljhua/ROBOCON2026/lidar_test/CSU-RM-Sentry/install/livox_ros_driver2/share/livox_ros_driver2/hook/ld_library_path_lib.sh'
[0.961s] Level 1:colcon.colcon_core.environment:checking '/home/ljhua/ROBOCON2026/lidar_test/CSU-RM-Sentry/install/livox_ros_driver2/bin'
[0.961s] Level 1:colcon.colcon_core.environment:checking '/home/ljhua/ROBOCON2026/lidar_test/CSU-RM-Sentry/install/livox_ros_driver2/lib/pkgconfig/livox_ros_driver2.pc'
[0.962s] Level 1:colcon.colcon_core.environment:checking '/home/ljhua/ROBOCON2026/lidar_test/CSU-RM-Sentry/install/livox_ros_driver2/lib/python3.10/site-packages'
[0.962s] Level 1:colcon.colcon_core.environment:checking '/home/ljhua/ROBOCON2026/lidar_test/CSU-RM-Sentry/install/livox_ros_driver2/bin'
[0.962s] INFO:colcon.colcon_core.shell:Creating package script '/home/ljhua/ROBOCON2026/lidar_test/CSU-RM-Sentry/install/livox_ros_driver2/share/livox_ros_driver2/package.ps1'
[0.962s] INFO:colcon.colcon_core.shell:Creating package descriptor '/home/ljhua/ROBOCON2026/lidar_test/CSU-RM-Sentry/install/livox_ros_driver2/share/livox_ros_driver2/package.dsv'
[0.962s] INFO:colcon.colcon_core.shell:Creating package script '/home/ljhua/ROBOCON2026/lidar_test/CSU-RM-Sentry/install/livox_ros_driver2/share/livox_ros_driver2/package.sh'
[0.963s] INFO:colcon.colcon_core.shell:Creating package script '/home/ljhua/ROBOCON2026/lidar_test/CSU-RM-Sentry/install/livox_ros_driver2/share/livox_ros_driver2/package.bash'
[0.963s] INFO:colcon.colcon_core.shell:Creating package script '/home/ljhua/ROBOCON2026/lidar_test/CSU-RM-Sentry/install/livox_ros_driver2/share/livox_ros_driver2/package.zsh'
[0.963s] Level 1:colcon.colcon_core.environment:create_file_with_runtime_dependencies(/home/ljhua/ROBOCON2026/lidar_test/CSU-RM-Sentry/install/livox_ros_driver2/share/colcon-core/packages/livox_ros_driver2)
[0.963s] Level 1:colcon.colcon_core.environment:create_environment_scripts_only(livox_ros_driver2)
[0.964s] Level 1:colcon.colcon_core.environment:checking '/home/ljhua/ROBOCON2026/lidar_test/CSU-RM-Sentry/install/livox_ros_driver2' for CMake module files
[0.964s] Level 1:colcon.colcon_core.environment:checking '/home/ljhua/ROBOCON2026/lidar_test/CSU-RM-Sentry/install/livox_ros_driver2' for CMake config files
[0.964s] Level 1:colcon.colcon_core.shell:create_environment_hook('livox_ros_driver2', 'cmake_prefix_path')
[0.965s] INFO:colcon.colcon_core.shell:Creating environment hook '/home/ljhua/ROBOCON2026/lidar_test/CSU-RM-Sentry/install/livox_ros_driver2/share/livox_ros_driver2/hook/cmake_prefix_path.ps1'
[0.965s] INFO:colcon.colcon_core.shell:Creating environment descriptor '/home/ljhua/ROBOCON2026/lidar_test/CSU-RM-Sentry/install/livox_ros_driver2/share/livox_ros_driver2/hook/cmake_prefix_path.dsv'
[0.965s] INFO:colcon.colcon_core.shell:Creating environment hook '/home/ljhua/ROBOCON2026/lidar_test/CSU-RM-Sentry/install/livox_ros_driver2/share/livox_ros_driver2/hook/cmake_prefix_path.sh'
[0.965s] Level 1:colcon.colcon_core.environment:checking '/home/ljhua/ROBOCON2026/lidar_test/CSU-RM-Sentry/install/livox_ros_driver2/lib'
[0.965s] Level 1:colcon.colcon_core.shell:create_environment_hook('livox_ros_driver2', 'ld_library_path_lib')
[0.965s] INFO:colcon.colcon_core.shell:Creating environment hook '/home/ljhua/ROBOCON2026/lidar_test/CSU-RM-Sentry/install/livox_ros_driver2/share/livox_ros_driver2/hook/ld_library_path_lib.ps1'
[0.966s] INFO:colcon.colcon_core.shell:Creating environment descriptor '/home/ljhua/ROBOCON2026/lidar_test/CSU-RM-Sentry/install/livox_ros_driver2/share/livox_ros_driver2/hook/ld_library_path_lib.dsv'
[0.966s] INFO:colcon.colcon_core.shell:Creating environment hook '/home/ljhua/ROBOCON2026/lidar_test/CSU-RM-Sentry/install/livox_ros_driver2/share/livox_ros_driver2/hook/ld_library_path_lib.sh'
[0.966s] Level 1:colcon.colcon_core.environment:checking '/home/ljhua/ROBOCON2026/lidar_test/CSU-RM-Sentry/install/livox_ros_driver2/bin'
[0.966s] Level 1:colcon.colcon_core.environment:checking '/home/ljhua/ROBOCON2026/lidar_test/CSU-RM-Sentry/install/livox_ros_driver2/lib/pkgconfig/livox_ros_driver2.pc'
[0.966s] Level 1:colcon.colcon_core.environment:checking '/home/ljhua/ROBOCON2026/lidar_test/CSU-RM-Sentry/install/livox_ros_driver2/lib/python3.10/site-packages'
[0.966s] Level 1:colcon.colcon_core.environment:checking '/home/ljhua/ROBOCON2026/lidar_test/CSU-RM-Sentry/install/livox_ros_driver2/bin'
[0.967s] INFO:colcon.colcon_core.shell:Creating package script '/home/ljhua/ROBOCON2026/lidar_test/CSU-RM-Sentry/install/livox_ros_driver2/share/livox_ros_driver2/package.ps1'
[0.967s] INFO:colcon.colcon_core.shell:Creating package descriptor '/home/ljhua/ROBOCON2026/lidar_test/CSU-RM-Sentry/install/livox_ros_driver2/share/livox_ros_driver2/package.dsv'
[0.967s] INFO:colcon.colcon_core.shell:Creating package script '/home/ljhua/ROBOCON2026/lidar_test/CSU-RM-Sentry/install/livox_ros_driver2/share/livox_ros_driver2/package.sh'
[0.968s] INFO:colcon.colcon_core.shell:Creating package script '/home/ljhua/ROBOCON2026/lidar_test/CSU-RM-Sentry/install/livox_ros_driver2/share/livox_ros_driver2/package.bash'
[0.969s] INFO:colcon.colcon_core.shell:Creating package script '/home/ljhua/ROBOCON2026/lidar_test/CSU-RM-Sentry/install/livox_ros_driver2/share/livox_ros_driver2/package.zsh'
[0.969s] Level 1:colcon.colcon_core.environment:create_file_with_runtime_dependencies(/home/ljhua/ROBOCON2026/lidar_test/CSU-RM-Sentry/install/livox_ros_driver2/share/colcon-core/packages/livox_ros_driver2)
[0.970s] INFO:colcon.colcon_ros.task.ament_cmake.build:Building ROS package in '/home/ljhua/ROBOCON2026/lidar_test/CSU-RM-Sentry/src/rm_localization/fast_lio' with build type 'ament_cmake'
[0.970s] INFO:colcon.colcon_cmake.task.cmake.build:Building CMake package in '/home/ljhua/ROBOCON2026/lidar_test/CSU-RM-Sentry/src/rm_localization/fast_lio'
[0.970s] INFO:colcon.colcon_core.shell:Skip shell extension 'powershell' for command environment: Not usable outside of PowerShell
[0.970s] DEBUG:colcon.colcon_core.shell:Skip shell extension 'dsv' for command environment
[0.979s] DEBUG:colcon.colcon_core.event_handler.log_command:Invoking command in '/home/ljhua/ROBOCON2026/lidar_test/CSU-RM-Sentry/build/fast_lio': AMENT_PREFIX_PATH=/home/ljhua/ROBOCON2026/lidar_test/CSU-RM-Sentry/install/livox_ros_driver2:${AMENT_PREFIX_PATH} CMAKE_PREFIX_PATH=/home/ljhua/ROBOCON2026/lidar_test/CSU-RM-Sentry/install/livox_ros_driver2:/opt/ros/humble LD_LIBRARY_PATH=/home/ljhua/ROBOCON2026/lidar_test/CSU-RM-Sentry/install/livox_ros_driver2/lib:${LD_LIBRARY_PATH} PYTHONPATH=/home/ljhua/ROBOCON2026/lidar_test/CSU-RM-Sentry/install/livox_ros_driver2/local/lib/python3.10/dist-packages:${PYTHONPATH} /usr/bin/cmake --build /home/ljhua/ROBOCON2026/lidar_test/CSU-RM-Sentry/build/fast_lio -- -j20 -l20
[1.378s] DEBUG:colcon.colcon_core.event_handler.log_command:Invoked command in '/home/ljhua/ROBOCON2026/lidar_test/CSU-RM-Sentry/build/fast_lio' returned '0': AMENT_PREFIX_PATH=/home/ljhua/ROBOCON2026/lidar_test/CSU-RM-Sentry/install/livox_ros_driver2:${AMENT_PREFIX_PATH} CMAKE_PREFIX_PATH=/home/ljhua/ROBOCON2026/lidar_test/CSU-RM-Sentry/install/livox_ros_driver2:/opt/ros/humble LD_LIBRARY_PATH=/home/ljhua/ROBOCON2026/lidar_test/CSU-RM-Sentry/install/livox_ros_driver2/lib:${LD_LIBRARY_PATH} PYTHONPATH=/home/ljhua/ROBOCON2026/lidar_test/CSU-RM-Sentry/install/livox_ros_driver2/local/lib/python3.10/dist-packages:${PYTHONPATH} /usr/bin/cmake --build /home/ljhua/ROBOCON2026/lidar_test/CSU-RM-Sentry/build/fast_lio -- -j20 -l20
[1.380s] DEBUG:colcon.colcon_core.event_handler.log_command:Invoking command in '/home/ljhua/ROBOCON2026/lidar_test/CSU-RM-Sentry/build/fast_lio': AMENT_PREFIX_PATH=/home/ljhua/ROBOCON2026/lidar_test/CSU-RM-Sentry/install/livox_ros_driver2:${AMENT_PREFIX_PATH} CMAKE_PREFIX_PATH=/home/ljhua/ROBOCON2026/lidar_test/CSU-RM-Sentry/install/livox_ros_driver2:/opt/ros/humble LD_LIBRARY_PATH=/home/ljhua/ROBOCON2026/lidar_test/CSU-RM-Sentry/install/livox_ros_driver2/lib:${LD_LIBRARY_PATH} PYTHONPATH=/home/ljhua/ROBOCON2026/lidar_test/CSU-RM-Sentry/install/livox_ros_driver2/local/lib/python3.10/dist-packages:${PYTHONPATH} /usr/bin/cmake --install /home/ljhua/ROBOCON2026/lidar_test/CSU-RM-Sentry/build/fast_lio
[1.440s] Level 1:colcon.colcon_core.environment:create_environment_scripts_only(fast_lio)
[1.440s] DEBUG:colcon.colcon_core.event_handler.log_command:Invoked command in '/home/ljhua/ROBOCON2026/lidar_test/CSU-RM-Sentry/build/fast_lio' returned '0': AMENT_PREFIX_PATH=/home/ljhua/ROBOCON2026/lidar_test/CSU-RM-Sentry/install/livox_ros_driver2:${AMENT_PREFIX_PATH} CMAKE_PREFIX_PATH=/home/ljhua/ROBOCON2026/lidar_test/CSU-RM-Sentry/install/livox_ros_driver2:/opt/ros/humble LD_LIBRARY_PATH=/home/ljhua/ROBOCON2026/lidar_test/CSU-RM-Sentry/install/livox_ros_driver2/lib:${LD_LIBRARY_PATH} PYTHONPATH=/home/ljhua/ROBOCON2026/lidar_test/CSU-RM-Sentry/install/livox_ros_driver2/local/lib/python3.10/dist-packages:${PYTHONPATH} /usr/bin/cmake --install /home/ljhua/ROBOCON2026/lidar_test/CSU-RM-Sentry/build/fast_lio
[1.441s] Level 1:colcon.colcon_core.environment:checking '/home/ljhua/ROBOCON2026/lidar_test/CSU-RM-Sentry/install/fast_lio' for CMake module files
[1.441s] Level 1:colcon.colcon_core.environment:checking '/home/ljhua/ROBOCON2026/lidar_test/CSU-RM-Sentry/install/fast_lio' for CMake config files
[1.442s] Level 1:colcon.colcon_core.shell:create_environment_hook('fast_lio', 'cmake_prefix_path')
[1.443s] INFO:colcon.colcon_core.shell:Creating environment hook '/home/ljhua/ROBOCON2026/lidar_test/CSU-RM-Sentry/install/fast_lio/share/fast_lio/hook/cmake_prefix_path.ps1'
[1.443s] INFO:colcon.colcon_core.shell:Creating environment descriptor '/home/ljhua/ROBOCON2026/lidar_test/CSU-RM-Sentry/install/fast_lio/share/fast_lio/hook/cmake_prefix_path.dsv'
[1.443s] INFO:colcon.colcon_core.shell:Creating environment hook '/home/ljhua/ROBOCON2026/lidar_test/CSU-RM-Sentry/install/fast_lio/share/fast_lio/hook/cmake_prefix_path.sh'
[1.444s] Level 1:colcon.colcon_core.environment:checking '/home/ljhua/ROBOCON2026/lidar_test/CSU-RM-Sentry/install/fast_lio/lib'
[1.444s] Level 1:colcon.colcon_core.shell:create_environment_hook('fast_lio', 'ld_library_path_lib')
[1.444s] INFO:colcon.colcon_core.shell:Creating environment hook '/home/ljhua/ROBOCON2026/lidar_test/CSU-RM-Sentry/install/fast_lio/share/fast_lio/hook/ld_library_path_lib.ps1'
[1.444s] INFO:colcon.colcon_core.shell:Creating environment descriptor '/home/ljhua/ROBOCON2026/lidar_test/CSU-RM-Sentry/install/fast_lio/share/fast_lio/hook/ld_library_path_lib.dsv'
[1.444s] INFO:colcon.colcon_core.shell:Creating environment hook '/home/ljhua/ROBOCON2026/lidar_test/CSU-RM-Sentry/install/fast_lio/share/fast_lio/hook/ld_library_path_lib.sh'
[1.445s] Level 1:colcon.colcon_core.environment:checking '/home/ljhua/ROBOCON2026/lidar_test/CSU-RM-Sentry/install/fast_lio/bin'
[1.445s] Level 1:colcon.colcon_core.environment:checking '/home/ljhua/ROBOCON2026/lidar_test/CSU-RM-Sentry/install/fast_lio/lib/pkgconfig/fast_lio.pc'
[1.445s] Level 1:colcon.colcon_core.environment:checking '/home/ljhua/ROBOCON2026/lidar_test/CSU-RM-Sentry/install/fast_lio/lib/python3.10/site-packages'
[1.445s] Level 1:colcon.colcon_core.environment:checking '/home/ljhua/ROBOCON2026/lidar_test/CSU-RM-Sentry/install/fast_lio/bin'
[1.445s] INFO:colcon.colcon_core.shell:Creating package script '/home/ljhua/ROBOCON2026/lidar_test/CSU-RM-Sentry/install/fast_lio/share/fast_lio/package.ps1'
[1.445s] INFO:colcon.colcon_core.shell:Creating package descriptor '/home/ljhua/ROBOCON2026/lidar_test/CSU-RM-Sentry/install/fast_lio/share/fast_lio/package.dsv'
[1.446s] INFO:colcon.colcon_core.shell:Creating package script '/home/ljhua/ROBOCON2026/lidar_test/CSU-RM-Sentry/install/fast_lio/share/fast_lio/package.sh'
[1.446s] INFO:colcon.colcon_core.shell:Creating package script '/home/ljhua/ROBOCON2026/lidar_test/CSU-RM-Sentry/install/fast_lio/share/fast_lio/package.bash'
[1.446s] INFO:colcon.colcon_core.shell:Creating package script '/home/ljhua/ROBOCON2026/lidar_test/CSU-RM-Sentry/install/fast_lio/share/fast_lio/package.zsh'
[1.446s] Level 1:colcon.colcon_core.environment:create_file_with_runtime_dependencies(/home/ljhua/ROBOCON2026/lidar_test/CSU-RM-Sentry/install/fast_lio/share/colcon-core/packages/fast_lio)
[1.447s] Level 1:colcon.colcon_core.environment:create_environment_scripts_only(fast_lio)
[1.447s] Level 1:colcon.colcon_core.environment:checking '/home/ljhua/ROBOCON2026/lidar_test/CSU-RM-Sentry/install/fast_lio' for CMake module files
[1.447s] Level 1:colcon.colcon_core.environment:checking '/home/ljhua/ROBOCON2026/lidar_test/CSU-RM-Sentry/install/fast_lio' for CMake config files
[1.448s] Level 1:colcon.colcon_core.shell:create_environment_hook('fast_lio', 'cmake_prefix_path')
[1.448s] INFO:colcon.colcon_core.shell:Creating environment hook '/home/ljhua/ROBOCON2026/lidar_test/CSU-RM-Sentry/install/fast_lio/share/fast_lio/hook/cmake_prefix_path.ps1'
[1.448s] INFO:colcon.colcon_core.shell:Creating environment descriptor '/home/ljhua/ROBOCON2026/lidar_test/CSU-RM-Sentry/install/fast_lio/share/fast_lio/hook/cmake_prefix_path.dsv'
[1.449s] INFO:colcon.colcon_core.shell:Creating environment hook '/home/ljhua/ROBOCON2026/lidar_test/CSU-RM-Sentry/install/fast_lio/share/fast_lio/hook/cmake_prefix_path.sh'
[1.449s] Level 1:colcon.colcon_core.environment:checking '/home/ljhua/ROBOCON2026/lidar_test/CSU-RM-Sentry/install/fast_lio/lib'
[1.449s] Level 1:colcon.colcon_core.shell:create_environment_hook('fast_lio', 'ld_library_path_lib')
[1.449s] INFO:colcon.colcon_core.shell:Creating environment hook '/home/ljhua/ROBOCON2026/lidar_test/CSU-RM-Sentry/install/fast_lio/share/fast_lio/hook/ld_library_path_lib.ps1'
[1.449s] INFO:colcon.colcon_core.shell:Creating environment descriptor '/home/ljhua/ROBOCON2026/lidar_test/CSU-RM-Sentry/install/fast_lio/share/fast_lio/hook/ld_library_path_lib.dsv'
[1.450s] INFO:colcon.colcon_core.shell:Creating environment hook '/home/ljhua/ROBOCON2026/lidar_test/CSU-RM-Sentry/install/fast_lio/share/fast_lio/hook/ld_library_path_lib.sh'
[1.450s] Level 1:colcon.colcon_core.environment:checking '/home/ljhua/ROBOCON2026/lidar_test/CSU-RM-Sentry/install/fast_lio/bin'
[1.450s] Level 1:colcon.colcon_core.environment:checking '/home/ljhua/ROBOCON2026/lidar_test/CSU-RM-Sentry/install/fast_lio/lib/pkgconfig/fast_lio.pc'
[1.450s] Level 1:colcon.colcon_core.environment:checking '/home/ljhua/ROBOCON2026/lidar_test/CSU-RM-Sentry/install/fast_lio/lib/python3.10/site-packages'
[1.450s] Level 1:colcon.colcon_core.environment:checking '/home/ljhua/ROBOCON2026/lidar_test/CSU-RM-Sentry/install/fast_lio/bin'
[1.450s] INFO:colcon.colcon_core.shell:Creating package script '/home/ljhua/ROBOCON2026/lidar_test/CSU-RM-Sentry/install/fast_lio/share/fast_lio/package.ps1'
[1.451s] INFO:colcon.colcon_core.shell:Creating package descriptor '/home/ljhua/ROBOCON2026/lidar_test/CSU-RM-Sentry/install/fast_lio/share/fast_lio/package.dsv'
[1.451s] INFO:colcon.colcon_core.shell:Creating package script '/home/ljhua/ROBOCON2026/lidar_test/CSU-RM-Sentry/install/fast_lio/share/fast_lio/package.sh'
[1.451s] INFO:colcon.colcon_core.shell:Creating package script '/home/ljhua/ROBOCON2026/lidar_test/CSU-RM-Sentry/install/fast_lio/share/fast_lio/package.bash'
[1.452s] INFO:colcon.colcon_core.shell:Creating package script '/home/ljhua/ROBOCON2026/lidar_test/CSU-RM-Sentry/install/fast_lio/share/fast_lio/package.zsh'
[1.452s] Level 1:colcon.colcon_core.environment:create_file_with_runtime_dependencies(/home/ljhua/ROBOCON2026/lidar_test/CSU-RM-Sentry/install/fast_lio/share/colcon-core/packages/fast_lio)
[1.452s] DEBUG:colcon.colcon_parallel_executor.executor.parallel:closing loop
[1.452s] DEBUG:colcon.colcon_parallel_executor.executor.parallel:loop closed
[1.452s] DEBUG:colcon.colcon_parallel_executor.executor.parallel:run_until_complete finished with '0'
[1.452s] DEBUG:colcon.colcon_core.event_reactor:joining thread
[1.457s] INFO:colcon.colcon_core.plugin_system:Skipping extension 'colcon_notification.desktop_notification.terminal_notifier': Not used on non-Darwin systems
[1.457s] INFO:colcon.colcon_core.plugin_system:Skipping extension 'colcon_notification.desktop_notification.win32': Not used on non-Windows systems
[1.457s] INFO:colcon.colcon_notification.desktop_notification:Sending desktop notification using 'notify2'
[1.469s] DEBUG:colcon.colcon_core.event_reactor:joined thread
[1.469s] INFO:colcon.colcon_core.shell:Creating prefix script '/home/ljhua/ROBOCON2026/lidar_test/CSU-RM-Sentry/install/local_setup.ps1'
[1.470s] INFO:colcon.colcon_core.shell:Creating prefix util module '/home/ljhua/ROBOCON2026/lidar_test/CSU-RM-Sentry/install/_local_setup_util_ps1.py'
[1.471s] INFO:colcon.colcon_core.shell:Creating prefix chain script '/home/ljhua/ROBOCON2026/lidar_test/CSU-RM-Sentry/install/setup.ps1'
[1.471s] INFO:colcon.colcon_core.shell:Creating prefix script '/home/ljhua/ROBOCON2026/lidar_test/CSU-RM-Sentry/install/local_setup.sh'
[1.472s] INFO:colcon.colcon_core.shell:Creating prefix util module '/home/ljhua/ROBOCON2026/lidar_test/CSU-RM-Sentry/install/_local_setup_util_sh.py'
[1.472s] INFO:colcon.colcon_core.shell:Creating prefix chain script '/home/ljhua/ROBOCON2026/lidar_test/CSU-RM-Sentry/install/setup.sh'
[1.472s] INFO:colcon.colcon_core.shell:Creating prefix script '/home/ljhua/ROBOCON2026/lidar_test/CSU-RM-Sentry/install/local_setup.bash'
[1.473s] INFO:colcon.colcon_core.shell:Creating prefix chain script '/home/ljhua/ROBOCON2026/lidar_test/CSU-RM-Sentry/install/setup.bash'
[1.473s] INFO:colcon.colcon_core.shell:Creating prefix script '/home/ljhua/ROBOCON2026/lidar_test/CSU-RM-Sentry/install/local_setup.zsh'
[1.474s] INFO:colcon.colcon_core.shell:Creating prefix chain script '/home/ljhua/ROBOCON2026/lidar_test/CSU-RM-Sentry/install/setup.zsh'
