[0.069s] DEBUG:colcon:Command line arguments: ['/usr/bin/colcon', 'build', '--symlink-install']
[0.069s] DEBUG:colcon:Parsed command line arguments: Namespace(log_base=None, log_level=None, verb_name='build', build_base='build', install_base='install', merge_install=False, symlink_install=True, test_result_base=None, continue_on_error=False, executor='parallel', parallel_workers=20, event_handlers=None, ignore_user_meta=False, metas=['./colcon.meta'], base_paths=['.'], packages_ignore=None, packages_ignore_regex=None, paths=None, packages_up_to=None, packages_up_to_regex=None, packages_above=None, packages_above_and_dependencies=None, packages_above_depth=None, packages_select_by_dep=None, packages_skip_by_dep=None, packages_skip_up_to=None, packages_select_build_failed=False, packages_skip_build_finished=False, packages_select_test_failures=False, packages_skip_test_passed=False, packages_select=None, packages_skip=None, packages_select_regex=None, packages_skip_regex=None, packages_start=None, packages_end=None, allow_overriding=[], cmake_args=None, cmake_target=None, cmake_target_skip_unavailable=False, cmake_clean_cache=False, cmake_clean_first=False, cmake_force_configure=False, ament_cmake_args=None, catkin_cmake_args=None, catkin_skip_building_tests=False, verb_parser=<colcon_defaults.argument_parser.defaults.DefaultArgumentsDecorator object at 0x752811462350>, verb_extension=<colcon_core.verb.build.BuildVerb object at 0x7528115e7130>, main=<bound method BuildVerb.main of <colcon_core.verb.build.BuildVerb object at 0x7528115e7130>>)
[0.240s] Level 1:colcon.colcon_core.package_discovery:discover_packages(colcon_meta) check parameters
[0.240s] Level 1:colcon.colcon_core.package_discovery:discover_packages(recursive) check parameters
[0.240s] Level 1:colcon.colcon_core.package_discovery:discover_packages(ignore) check parameters
[0.240s] Level 1:colcon.colcon_core.package_discovery:discover_packages(path) check parameters
[0.240s] Level 1:colcon.colcon_core.package_discovery:discover_packages(colcon_meta) discover
[0.240s] Level 1:colcon.colcon_core.package_discovery:discover_packages(recursive) discover
[0.240s] INFO:colcon.colcon_core.package_discovery:Crawling recursively for packages in '/home/ljhua/ROBOCON2026/lidar_test/CSU-RM-Sentry'
[0.240s] Level 1:colcon.colcon_core.package_identification:_identify(.) by extensions ['ignore', 'ignore_ament_install']
[0.240s] Level 1:colcon.colcon_core.package_identification:_identify(.) by extension 'ignore'
[0.240s] Level 1:colcon.colcon_core.package_identification:_identify(.) by extension 'ignore_ament_install'
[0.240s] Level 1:colcon.colcon_core.package_identification:_identify(.) by extensions ['colcon_pkg']
[0.240s] Level 1:colcon.colcon_core.package_identification:_identify(.) by extension 'colcon_pkg'
[0.240s] Level 1:colcon.colcon_core.package_identification:_identify(.) by extensions ['colcon_meta']
[0.240s] Level 1:colcon.colcon_core.package_identification:_identify(.) by extension 'colcon_meta'
[0.240s] Level 1:colcon.colcon_core.package_identification:_identify(.) by extensions ['ros']
[0.240s] Level 1:colcon.colcon_core.package_identification:_identify(.) by extension 'ros'
[0.250s] Level 1:colcon.colcon_core.package_identification:_identify(.) by extensions ['cmake', 'python']
[0.250s] Level 1:colcon.colcon_core.package_identification:_identify(.) by extension 'cmake'
[0.250s] Level 1:colcon.colcon_core.package_identification:_identify(.) by extension 'python'
[0.250s] Level 1:colcon.colcon_core.package_identification:_identify(.) by extensions ['python_setup_py']
[0.250s] Level 1:colcon.colcon_core.package_identification:_identify(.) by extension 'python_setup_py'
[0.250s] Level 1:colcon.colcon_core.package_identification:_identify(129) by extensions ['ignore', 'ignore_ament_install']
[0.250s] Level 1:colcon.colcon_core.package_identification:_identify(129) by extension 'ignore'
[0.250s] Level 1:colcon.colcon_core.package_identification:_identify(129) by extension 'ignore_ament_install'
[0.250s] Level 1:colcon.colcon_core.package_identification:_identify(129) by extensions ['colcon_pkg']
[0.250s] Level 1:colcon.colcon_core.package_identification:_identify(129) by extension 'colcon_pkg'
[0.250s] Level 1:colcon.colcon_core.package_identification:_identify(129) by extensions ['colcon_meta']
[0.250s] Level 1:colcon.colcon_core.package_identification:_identify(129) by extension 'colcon_meta'
[0.250s] Level 1:colcon.colcon_core.package_identification:_identify(129) by extensions ['ros']
[0.250s] Level 1:colcon.colcon_core.package_identification:_identify(129) by extension 'ros'
[0.250s] Level 1:colcon.colcon_core.package_identification:_identify(129) by extensions ['cmake', 'python']
[0.250s] Level 1:colcon.colcon_core.package_identification:_identify(129) by extension 'cmake'
[0.250s] Level 1:colcon.colcon_core.package_identification:_identify(129) by extension 'python'
[0.250s] Level 1:colcon.colcon_core.package_identification:_identify(129) by extensions ['python_setup_py']
[0.250s] Level 1:colcon.colcon_core.package_identification:_identify(129) by extension 'python_setup_py'
[0.250s] Level 1:colcon.colcon_core.package_identification:_identify(assets) by extensions ['ignore', 'ignore_ament_install']
[0.251s] Level 1:colcon.colcon_core.package_identification:_identify(assets) by extension 'ignore'
[0.251s] Level 1:colcon.colcon_core.package_identification:_identify(assets) by extension 'ignore_ament_install'
[0.251s] Level 1:colcon.colcon_core.package_identification:_identify(assets) by extensions ['colcon_pkg']
[0.251s] Level 1:colcon.colcon_core.package_identification:_identify(assets) by extension 'colcon_pkg'
[0.251s] Level 1:colcon.colcon_core.package_identification:_identify(assets) by extensions ['colcon_meta']
[0.251s] Level 1:colcon.colcon_core.package_identification:_identify(assets) by extension 'colcon_meta'
[0.251s] Level 1:colcon.colcon_core.package_identification:_identify(assets) by extensions ['ros']
[0.251s] Level 1:colcon.colcon_core.package_identification:_identify(assets) by extension 'ros'
[0.251s] Level 1:colcon.colcon_core.package_identification:_identify(assets) by extensions ['cmake', 'python']
[0.251s] Level 1:colcon.colcon_core.package_identification:_identify(assets) by extension 'cmake'
[0.251s] Level 1:colcon.colcon_core.package_identification:_identify(assets) by extension 'python'
[0.251s] Level 1:colcon.colcon_core.package_identification:_identify(assets) by extensions ['python_setup_py']
[0.251s] Level 1:colcon.colcon_core.package_identification:_identify(assets) by extension 'python_setup_py'
[0.251s] Level 1:colcon.colcon_core.package_identification:_identify(build) by extensions ['ignore', 'ignore_ament_install']
[0.251s] Level 1:colcon.colcon_core.package_identification:_identify(build) by extension 'ignore'
[0.251s] Level 1:colcon.colcon_core.package_identification:_identify(build) ignored
[0.251s] Level 1:colcon.colcon_core.package_identification:_identify(install) by extensions ['ignore', 'ignore_ament_install']
[0.251s] Level 1:colcon.colcon_core.package_identification:_identify(install) by extension 'ignore'
[0.251s] Level 1:colcon.colcon_core.package_identification:_identify(install) ignored
[0.251s] Level 1:colcon.colcon_core.package_identification:_identify(launch_log) by extensions ['ignore', 'ignore_ament_install']
[0.251s] Level 1:colcon.colcon_core.package_identification:_identify(launch_log) by extension 'ignore'
[0.251s] Level 1:colcon.colcon_core.package_identification:_identify(launch_log) by extension 'ignore_ament_install'
[0.251s] Level 1:colcon.colcon_core.package_identification:_identify(launch_log) by extensions ['colcon_pkg']
[0.251s] Level 1:colcon.colcon_core.package_identification:_identify(launch_log) by extension 'colcon_pkg'
[0.251s] Level 1:colcon.colcon_core.package_identification:_identify(launch_log) by extensions ['colcon_meta']
[0.251s] Level 1:colcon.colcon_core.package_identification:_identify(launch_log) by extension 'colcon_meta'
[0.251s] Level 1:colcon.colcon_core.package_identification:_identify(launch_log) by extensions ['ros']
[0.251s] Level 1:colcon.colcon_core.package_identification:_identify(launch_log) by extension 'ros'
[0.251s] Level 1:colcon.colcon_core.package_identification:_identify(launch_log) by extensions ['cmake', 'python']
[0.251s] Level 1:colcon.colcon_core.package_identification:_identify(launch_log) by extension 'cmake'
[0.251s] Level 1:colcon.colcon_core.package_identification:_identify(launch_log) by extension 'python'
[0.251s] Level 1:colcon.colcon_core.package_identification:_identify(launch_log) by extensions ['python_setup_py']
[0.251s] Level 1:colcon.colcon_core.package_identification:_identify(launch_log) by extension 'python_setup_py'
[0.252s] Level 1:colcon.colcon_core.package_identification:_identify(log) by extensions ['ignore', 'ignore_ament_install']
[0.252s] Level 1:colcon.colcon_core.package_identification:_identify(log) by extension 'ignore'
[0.252s] Level 1:colcon.colcon_core.package_identification:_identify(log) ignored
[0.252s] Level 1:colcon.colcon_core.package_identification:_identify(src) by extensions ['ignore', 'ignore_ament_install']
[0.252s] Level 1:colcon.colcon_core.package_identification:_identify(src) by extension 'ignore'
[0.252s] Level 1:colcon.colcon_core.package_identification:_identify(src) by extension 'ignore_ament_install'
[0.252s] Level 1:colcon.colcon_core.package_identification:_identify(src) by extensions ['colcon_pkg']
[0.252s] Level 1:colcon.colcon_core.package_identification:_identify(src) by extension 'colcon_pkg'
[0.252s] Level 1:colcon.colcon_core.package_identification:_identify(src) by extensions ['colcon_meta']
[0.252s] Level 1:colcon.colcon_core.package_identification:_identify(src) by extension 'colcon_meta'
[0.252s] Level 1:colcon.colcon_core.package_identification:_identify(src) by extensions ['ros']
[0.252s] Level 1:colcon.colcon_core.package_identification:_identify(src) by extension 'ros'
[0.252s] Level 1:colcon.colcon_core.package_identification:_identify(src) by extensions ['cmake', 'python']
[0.252s] Level 1:colcon.colcon_core.package_identification:_identify(src) by extension 'cmake'
[0.252s] Level 1:colcon.colcon_core.package_identification:_identify(src) by extension 'python'
[0.252s] Level 1:colcon.colcon_core.package_identification:_identify(src) by extensions ['python_setup_py']
[0.252s] Level 1:colcon.colcon_core.package_identification:_identify(src) by extension 'python_setup_py'
[0.252s] Level 1:colcon.colcon_core.package_identification:_identify(src/rc_serial_driver) by extensions ['ignore', 'ignore_ament_install']
[0.252s] Level 1:colcon.colcon_core.package_identification:_identify(src/rc_serial_driver) by extension 'ignore'
[0.252s] Level 1:colcon.colcon_core.package_identification:_identify(src/rc_serial_driver) by extension 'ignore_ament_install'
[0.252s] Level 1:colcon.colcon_core.package_identification:_identify(src/rc_serial_driver) by extensions ['colcon_pkg']
[0.252s] Level 1:colcon.colcon_core.package_identification:_identify(src/rc_serial_driver) by extension 'colcon_pkg'
[0.252s] Level 1:colcon.colcon_core.package_identification:_identify(src/rc_serial_driver) by extensions ['colcon_meta']
[0.252s] Level 1:colcon.colcon_core.package_identification:_identify(src/rc_serial_driver) by extension 'colcon_meta'
[0.252s] Level 1:colcon.colcon_core.package_identification:_identify(src/rc_serial_driver) by extensions ['ros']
[0.252s] Level 1:colcon.colcon_core.package_identification:_identify(src/rc_serial_driver) by extension 'ros'
[0.254s] DEBUG:colcon.colcon_core.package_identification:Package 'src/rc_serial_driver' with type 'ros.ament_cmake' and name 'rm_serial_driver'
[0.254s] Level 1:colcon.colcon_core.package_identification:_identify(src/rm_localization) by extensions ['ignore', 'ignore_ament_install']
[0.254s] Level 1:colcon.colcon_core.package_identification:_identify(src/rm_localization) by extension 'ignore'
[0.254s] Level 1:colcon.colcon_core.package_identification:_identify(src/rm_localization) by extension 'ignore_ament_install'
[0.254s] Level 1:colcon.colcon_core.package_identification:_identify(src/rm_localization) by extensions ['colcon_pkg']
[0.254s] Level 1:colcon.colcon_core.package_identification:_identify(src/rm_localization) by extension 'colcon_pkg'
[0.254s] Level 1:colcon.colcon_core.package_identification:_identify(src/rm_localization) by extensions ['colcon_meta']
[0.254s] Level 1:colcon.colcon_core.package_identification:_identify(src/rm_localization) by extension 'colcon_meta'
[0.254s] Level 1:colcon.colcon_core.package_identification:_identify(src/rm_localization) by extensions ['ros']
[0.254s] Level 1:colcon.colcon_core.package_identification:_identify(src/rm_localization) by extension 'ros'
[0.254s] Level 1:colcon.colcon_core.package_identification:_identify(src/rm_localization) by extensions ['cmake', 'python']
[0.254s] Level 1:colcon.colcon_core.package_identification:_identify(src/rm_localization) by extension 'cmake'
[0.254s] Level 1:colcon.colcon_core.package_identification:_identify(src/rm_localization) by extension 'python'
[0.254s] Level 1:colcon.colcon_core.package_identification:_identify(src/rm_localization) by extensions ['python_setup_py']
[0.254s] Level 1:colcon.colcon_core.package_identification:_identify(src/rm_localization) by extension 'python_setup_py'
[0.255s] Level 1:colcon.colcon_core.package_identification:_identify(src/rm_localization/fast_lio) by extensions ['ignore', 'ignore_ament_install']
[0.255s] Level 1:colcon.colcon_core.package_identification:_identify(src/rm_localization/fast_lio) by extension 'ignore'
[0.255s] Level 1:colcon.colcon_core.package_identification:_identify(src/rm_localization/fast_lio) by extension 'ignore_ament_install'
[0.255s] Level 1:colcon.colcon_core.package_identification:_identify(src/rm_localization/fast_lio) by extensions ['colcon_pkg']
[0.255s] Level 1:colcon.colcon_core.package_identification:_identify(src/rm_localization/fast_lio) by extension 'colcon_pkg'
[0.255s] Level 1:colcon.colcon_core.package_identification:_identify(src/rm_localization/fast_lio) by extensions ['colcon_meta']
[0.255s] Level 1:colcon.colcon_core.package_identification:_identify(src/rm_localization/fast_lio) by extension 'colcon_meta'
[0.255s] Level 1:colcon.colcon_core.package_identification:_identify(src/rm_localization/fast_lio) by extensions ['ros']
[0.255s] Level 1:colcon.colcon_core.package_identification:_identify(src/rm_localization/fast_lio) by extension 'ros'
[0.256s] DEBUG:colcon.colcon_core.package_identification:Package 'src/rm_localization/fast_lio' with type 'ros.ament_cmake' and name 'fast_lio'
[0.256s] Level 1:colcon.colcon_core.package_identification:_identify(src/rm_localization/icp_localization_ros2) by extensions ['ignore', 'ignore_ament_install']
[0.256s] Level 1:colcon.colcon_core.package_identification:_identify(src/rm_localization/icp_localization_ros2) by extension 'ignore'
[0.256s] Level 1:colcon.colcon_core.package_identification:_identify(src/rm_localization/icp_localization_ros2) by extension 'ignore_ament_install'
[0.256s] Level 1:colcon.colcon_core.package_identification:_identify(src/rm_localization/icp_localization_ros2) by extensions ['colcon_pkg']
[0.256s] Level 1:colcon.colcon_core.package_identification:_identify(src/rm_localization/icp_localization_ros2) by extension 'colcon_pkg'
[0.256s] Level 1:colcon.colcon_core.package_identification:_identify(src/rm_localization/icp_localization_ros2) by extensions ['colcon_meta']
[0.256s] Level 1:colcon.colcon_core.package_identification:_identify(src/rm_localization/icp_localization_ros2) by extension 'colcon_meta'
[0.256s] Level 1:colcon.colcon_core.package_identification:_identify(src/rm_localization/icp_localization_ros2) by extensions ['ros']
[0.256s] Level 1:colcon.colcon_core.package_identification:_identify(src/rm_localization/icp_localization_ros2) by extension 'ros'
[0.257s] DEBUG:colcon.colcon_core.package_identification:Package 'src/rm_localization/icp_localization_ros2' with type 'ros.ament_cmake' and name 'icp_localization_ros2'
[0.257s] Level 1:colcon.colcon_core.package_identification:_identify(src/rm_navigation) by extensions ['ignore', 'ignore_ament_install']
[0.257s] Level 1:colcon.colcon_core.package_identification:_identify(src/rm_navigation) by extension 'ignore'
[0.257s] Level 1:colcon.colcon_core.package_identification:_identify(src/rm_navigation) by extension 'ignore_ament_install'
[0.257s] Level 1:colcon.colcon_core.package_identification:_identify(src/rm_navigation) by extensions ['colcon_pkg']
[0.257s] Level 1:colcon.colcon_core.package_identification:_identify(src/rm_navigation) by extension 'colcon_pkg'
[0.257s] Level 1:colcon.colcon_core.package_identification:_identify(src/rm_navigation) by extensions ['colcon_meta']
[0.257s] Level 1:colcon.colcon_core.package_identification:_identify(src/rm_navigation) by extension 'colcon_meta'
[0.257s] Level 1:colcon.colcon_core.package_identification:_identify(src/rm_navigation) by extensions ['ros']
[0.257s] Level 1:colcon.colcon_core.package_identification:_identify(src/rm_navigation) by extension 'ros'
[0.258s] DEBUG:colcon.colcon_core.package_identification:Package 'src/rm_navigation' with type 'ros.ament_cmake' and name 'rm_navigation'
[0.258s] Level 1:colcon.colcon_core.package_identification:_identify(src/rm_perception) by extensions ['ignore', 'ignore_ament_install']
[0.258s] Level 1:colcon.colcon_core.package_identification:_identify(src/rm_perception) by extension 'ignore'
[0.258s] Level 1:colcon.colcon_core.package_identification:_identify(src/rm_perception) by extension 'ignore_ament_install'
[0.258s] Level 1:colcon.colcon_core.package_identification:_identify(src/rm_perception) by extensions ['colcon_pkg']
[0.258s] Level 1:colcon.colcon_core.package_identification:_identify(src/rm_perception) by extension 'colcon_pkg'
[0.258s] Level 1:colcon.colcon_core.package_identification:_identify(src/rm_perception) by extensions ['colcon_meta']
[0.258s] Level 1:colcon.colcon_core.package_identification:_identify(src/rm_perception) by extension 'colcon_meta'
[0.258s] Level 1:colcon.colcon_core.package_identification:_identify(src/rm_perception) by extensions ['ros']
[0.258s] Level 1:colcon.colcon_core.package_identification:_identify(src/rm_perception) by extension 'ros'
[0.258s] Level 1:colcon.colcon_core.package_identification:_identify(src/rm_perception) by extensions ['cmake', 'python']
[0.258s] Level 1:colcon.colcon_core.package_identification:_identify(src/rm_perception) by extension 'cmake'
[0.258s] Level 1:colcon.colcon_core.package_identification:_identify(src/rm_perception) by extension 'python'
[0.258s] Level 1:colcon.colcon_core.package_identification:_identify(src/rm_perception) by extensions ['python_setup_py']
[0.258s] Level 1:colcon.colcon_core.package_identification:_identify(src/rm_perception) by extension 'python_setup_py'
[0.258s] Level 1:colcon.colcon_core.package_identification:_identify(src/rm_perception/imu_complementary_filter) by extensions ['ignore', 'ignore_ament_install']
[0.258s] Level 1:colcon.colcon_core.package_identification:_identify(src/rm_perception/imu_complementary_filter) by extension 'ignore'
[0.258s] Level 1:colcon.colcon_core.package_identification:_identify(src/rm_perception/imu_complementary_filter) by extension 'ignore_ament_install'
[0.258s] Level 1:colcon.colcon_core.package_identification:_identify(src/rm_perception/imu_complementary_filter) by extensions ['colcon_pkg']
[0.258s] Level 1:colcon.colcon_core.package_identification:_identify(src/rm_perception/imu_complementary_filter) by extension 'colcon_pkg'
[0.258s] Level 1:colcon.colcon_core.package_identification:_identify(src/rm_perception/imu_complementary_filter) by extensions ['colcon_meta']
[0.258s] Level 1:colcon.colcon_core.package_identification:_identify(src/rm_perception/imu_complementary_filter) by extension 'colcon_meta'
[0.258s] Level 1:colcon.colcon_core.package_identification:_identify(src/rm_perception/imu_complementary_filter) by extensions ['ros']
[0.258s] Level 1:colcon.colcon_core.package_identification:_identify(src/rm_perception/imu_complementary_filter) by extension 'ros'
[0.259s] DEBUG:colcon.colcon_core.package_identification:Package 'src/rm_perception/imu_complementary_filter' with type 'ros.ament_cmake' and name 'imu_complementary_filter'
[0.259s] Level 1:colcon.colcon_core.package_identification:_identify(src/rm_perception/linefit_ground_segementation_ros2) by extensions ['ignore', 'ignore_ament_install']
[0.259s] Level 1:colcon.colcon_core.package_identification:_identify(src/rm_perception/linefit_ground_segementation_ros2) by extension 'ignore'
[0.259s] Level 1:colcon.colcon_core.package_identification:_identify(src/rm_perception/linefit_ground_segementation_ros2) by extension 'ignore_ament_install'
[0.259s] Level 1:colcon.colcon_core.package_identification:_identify(src/rm_perception/linefit_ground_segementation_ros2) by extensions ['colcon_pkg']
[0.259s] Level 1:colcon.colcon_core.package_identification:_identify(src/rm_perception/linefit_ground_segementation_ros2) by extension 'colcon_pkg'
[0.259s] Level 1:colcon.colcon_core.package_identification:_identify(src/rm_perception/linefit_ground_segementation_ros2) by extensions ['colcon_meta']
[0.259s] Level 1:colcon.colcon_core.package_identification:_identify(src/rm_perception/linefit_ground_segementation_ros2) by extension 'colcon_meta'
[0.259s] Level 1:colcon.colcon_core.package_identification:_identify(src/rm_perception/linefit_ground_segementation_ros2) by extensions ['ros']
[0.259s] Level 1:colcon.colcon_core.package_identification:_identify(src/rm_perception/linefit_ground_segementation_ros2) by extension 'ros'
[0.259s] Level 1:colcon.colcon_core.package_identification:_identify(src/rm_perception/linefit_ground_segementation_ros2) by extensions ['cmake', 'python']
[0.259s] Level 1:colcon.colcon_core.package_identification:_identify(src/rm_perception/linefit_ground_segementation_ros2) by extension 'cmake'
[0.259s] Level 1:colcon.colcon_core.package_identification:_identify(src/rm_perception/linefit_ground_segementation_ros2) by extension 'python'
[0.259s] Level 1:colcon.colcon_core.package_identification:_identify(src/rm_perception/linefit_ground_segementation_ros2) by extensions ['python_setup_py']
[0.259s] Level 1:colcon.colcon_core.package_identification:_identify(src/rm_perception/linefit_ground_segementation_ros2) by extension 'python_setup_py'
[0.259s] Level 1:colcon.colcon_core.package_identification:_identify(src/rm_perception/linefit_ground_segementation_ros2/doc) by extensions ['ignore', 'ignore_ament_install']
[0.259s] Level 1:colcon.colcon_core.package_identification:_identify(src/rm_perception/linefit_ground_segementation_ros2/doc) by extension 'ignore'
[0.259s] Level 1:colcon.colcon_core.package_identification:_identify(src/rm_perception/linefit_ground_segementation_ros2/doc) by extension 'ignore_ament_install'
[0.259s] Level 1:colcon.colcon_core.package_identification:_identify(src/rm_perception/linefit_ground_segementation_ros2/doc) by extensions ['colcon_pkg']
[0.259s] Level 1:colcon.colcon_core.package_identification:_identify(src/rm_perception/linefit_ground_segementation_ros2/doc) by extension 'colcon_pkg'
[0.259s] Level 1:colcon.colcon_core.package_identification:_identify(src/rm_perception/linefit_ground_segementation_ros2/doc) by extensions ['colcon_meta']
[0.259s] Level 1:colcon.colcon_core.package_identification:_identify(src/rm_perception/linefit_ground_segementation_ros2/doc) by extension 'colcon_meta'
[0.259s] Level 1:colcon.colcon_core.package_identification:_identify(src/rm_perception/linefit_ground_segementation_ros2/doc) by extensions ['ros']
[0.259s] Level 1:colcon.colcon_core.package_identification:_identify(src/rm_perception/linefit_ground_segementation_ros2/doc) by extension 'ros'
[0.260s] Level 1:colcon.colcon_core.package_identification:_identify(src/rm_perception/linefit_ground_segementation_ros2/doc) by extensions ['cmake', 'python']
[0.260s] Level 1:colcon.colcon_core.package_identification:_identify(src/rm_perception/linefit_ground_segementation_ros2/doc) by extension 'cmake'
[0.260s] Level 1:colcon.colcon_core.package_identification:_identify(src/rm_perception/linefit_ground_segementation_ros2/doc) by extension 'python'
[0.260s] Level 1:colcon.colcon_core.package_identification:_identify(src/rm_perception/linefit_ground_segementation_ros2/doc) by extensions ['python_setup_py']
[0.260s] Level 1:colcon.colcon_core.package_identification:_identify(src/rm_perception/linefit_ground_segementation_ros2/doc) by extension 'python_setup_py'
[0.260s] Level 1:colcon.colcon_core.package_identification:_identify(src/rm_perception/linefit_ground_segementation_ros2/linefit_ground_segmentation) by extensions ['ignore', 'ignore_ament_install']
[0.260s] Level 1:colcon.colcon_core.package_identification:_identify(src/rm_perception/linefit_ground_segementation_ros2/linefit_ground_segmentation) by extension 'ignore'
[0.260s] Level 1:colcon.colcon_core.package_identification:_identify(src/rm_perception/linefit_ground_segementation_ros2/linefit_ground_segmentation) by extension 'ignore_ament_install'
[0.260s] Level 1:colcon.colcon_core.package_identification:_identify(src/rm_perception/linefit_ground_segementation_ros2/linefit_ground_segmentation) by extensions ['colcon_pkg']
[0.260s] Level 1:colcon.colcon_core.package_identification:_identify(src/rm_perception/linefit_ground_segementation_ros2/linefit_ground_segmentation) by extension 'colcon_pkg'
[0.260s] Level 1:colcon.colcon_core.package_identification:_identify(src/rm_perception/linefit_ground_segementation_ros2/linefit_ground_segmentation) by extensions ['colcon_meta']
[0.260s] Level 1:colcon.colcon_core.package_identification:_identify(src/rm_perception/linefit_ground_segementation_ros2/linefit_ground_segmentation) by extension 'colcon_meta'
[0.260s] Level 1:colcon.colcon_core.package_identification:_identify(src/rm_perception/linefit_ground_segementation_ros2/linefit_ground_segmentation) by extensions ['ros']
[0.260s] Level 1:colcon.colcon_core.package_identification:_identify(src/rm_perception/linefit_ground_segementation_ros2/linefit_ground_segmentation) by extension 'ros'
[0.260s] DEBUG:colcon.colcon_core.package_identification:Package 'src/rm_perception/linefit_ground_segementation_ros2/linefit_ground_segmentation' with type 'ros.ament_cmake' and name 'linefit_ground_segmentation'
[0.260s] Level 1:colcon.colcon_core.package_identification:_identify(src/rm_perception/linefit_ground_segementation_ros2/linefit_ground_segmentation_ros) by extensions ['ignore', 'ignore_ament_install']
[0.260s] Level 1:colcon.colcon_core.package_identification:_identify(src/rm_perception/linefit_ground_segementation_ros2/linefit_ground_segmentation_ros) by extension 'ignore'
[0.260s] Level 1:colcon.colcon_core.package_identification:_identify(src/rm_perception/linefit_ground_segementation_ros2/linefit_ground_segmentation_ros) by extension 'ignore_ament_install'
[0.260s] Level 1:colcon.colcon_core.package_identification:_identify(src/rm_perception/linefit_ground_segementation_ros2/linefit_ground_segmentation_ros) by extensions ['colcon_pkg']
[0.260s] Level 1:colcon.colcon_core.package_identification:_identify(src/rm_perception/linefit_ground_segementation_ros2/linefit_ground_segmentation_ros) by extension 'colcon_pkg'
[0.260s] Level 1:colcon.colcon_core.package_identification:_identify(src/rm_perception/linefit_ground_segementation_ros2/linefit_ground_segmentation_ros) by extensions ['colcon_meta']
[0.260s] Level 1:colcon.colcon_core.package_identification:_identify(src/rm_perception/linefit_ground_segementation_ros2/linefit_ground_segmentation_ros) by extension 'colcon_meta'
[0.261s] Level 1:colcon.colcon_core.package_identification:_identify(src/rm_perception/linefit_ground_segementation_ros2/linefit_ground_segmentation_ros) by extensions ['ros']
[0.261s] Level 1:colcon.colcon_core.package_identification:_identify(src/rm_perception/linefit_ground_segementation_ros2/linefit_ground_segmentation_ros) by extension 'ros'
[0.261s] DEBUG:colcon.colcon_core.package_identification:Package 'src/rm_perception/linefit_ground_segementation_ros2/linefit_ground_segmentation_ros' with type 'ros.ament_cmake' and name 'linefit_ground_segmentation_ros'
[0.261s] Level 1:colcon.colcon_core.package_identification:_identify(src/rm_perception/pointcloud_to_laserscan) by extensions ['ignore', 'ignore_ament_install']
[0.261s] Level 1:colcon.colcon_core.package_identification:_identify(src/rm_perception/pointcloud_to_laserscan) by extension 'ignore'
[0.261s] Level 1:colcon.colcon_core.package_identification:_identify(src/rm_perception/pointcloud_to_laserscan) by extension 'ignore_ament_install'
[0.261s] Level 1:colcon.colcon_core.package_identification:_identify(src/rm_perception/pointcloud_to_laserscan) by extensions ['colcon_pkg']
[0.261s] Level 1:colcon.colcon_core.package_identification:_identify(src/rm_perception/pointcloud_to_laserscan) by extension 'colcon_pkg'
[0.261s] Level 1:colcon.colcon_core.package_identification:_identify(src/rm_perception/pointcloud_to_laserscan) by extensions ['colcon_meta']
[0.261s] Level 1:colcon.colcon_core.package_identification:_identify(src/rm_perception/pointcloud_to_laserscan) by extension 'colcon_meta'
[0.261s] Level 1:colcon.colcon_core.package_identification:_identify(src/rm_perception/pointcloud_to_laserscan) by extensions ['ros']
[0.261s] Level 1:colcon.colcon_core.package_identification:_identify(src/rm_perception/pointcloud_to_laserscan) by extension 'ros'
[0.262s] DEBUG:colcon.colcon_core.package_identification:Package 'src/rm_perception/pointcloud_to_laserscan' with type 'ros.ament_cmake' and name 'pointcloud_to_laserscan'
[0.262s] Level 1:colcon.colcon_core.package_identification:_identify(src/rm_sensors) by extensions ['ignore', 'ignore_ament_install']
[0.262s] Level 1:colcon.colcon_core.package_identification:_identify(src/rm_sensors) by extension 'ignore'
[0.262s] Level 1:colcon.colcon_core.package_identification:_identify(src/rm_sensors) by extension 'ignore_ament_install'
[0.262s] Level 1:colcon.colcon_core.package_identification:_identify(src/rm_sensors) by extensions ['colcon_pkg']
[0.262s] Level 1:colcon.colcon_core.package_identification:_identify(src/rm_sensors) by extension 'colcon_pkg'
[0.263s] Level 1:colcon.colcon_core.package_identification:_identify(src/rm_sensors) by extensions ['colcon_meta']
[0.263s] Level 1:colcon.colcon_core.package_identification:_identify(src/rm_sensors) by extension 'colcon_meta'
[0.263s] Level 1:colcon.colcon_core.package_identification:_identify(src/rm_sensors) by extensions ['ros']
[0.263s] Level 1:colcon.colcon_core.package_identification:_identify(src/rm_sensors) by extension 'ros'
[0.263s] Level 1:colcon.colcon_core.package_identification:_identify(src/rm_sensors) by extensions ['cmake', 'python']
[0.263s] Level 1:colcon.colcon_core.package_identification:_identify(src/rm_sensors) by extension 'cmake'
[0.263s] Level 1:colcon.colcon_core.package_identification:_identify(src/rm_sensors) by extension 'python'
[0.263s] Level 1:colcon.colcon_core.package_identification:_identify(src/rm_sensors) by extensions ['python_setup_py']
[0.263s] Level 1:colcon.colcon_core.package_identification:_identify(src/rm_sensors) by extension 'python_setup_py'
[0.263s] Level 1:colcon.colcon_core.package_identification:_identify(src/rm_sensors/livox_ros_driver2) by extensions ['ignore', 'ignore_ament_install']
[0.263s] Level 1:colcon.colcon_core.package_identification:_identify(src/rm_sensors/livox_ros_driver2) by extension 'ignore'
[0.263s] Level 1:colcon.colcon_core.package_identification:_identify(src/rm_sensors/livox_ros_driver2) by extension 'ignore_ament_install'
[0.263s] Level 1:colcon.colcon_core.package_identification:_identify(src/rm_sensors/livox_ros_driver2) by extensions ['colcon_pkg']
[0.263s] Level 1:colcon.colcon_core.package_identification:_identify(src/rm_sensors/livox_ros_driver2) by extension 'colcon_pkg'
[0.263s] Level 1:colcon.colcon_core.package_identification:_identify(src/rm_sensors/livox_ros_driver2) by extensions ['colcon_meta']
[0.263s] Level 1:colcon.colcon_core.package_identification:_identify(src/rm_sensors/livox_ros_driver2) by extension 'colcon_meta'
[0.263s] Level 1:colcon.colcon_core.package_identification:_identify(src/rm_sensors/livox_ros_driver2) by extensions ['ros']
[0.263s] Level 1:colcon.colcon_core.package_identification:_identify(src/rm_sensors/livox_ros_driver2) by extension 'ros'
[0.264s] DEBUG:colcon.colcon_core.package_identification:Package 'src/rm_sensors/livox_ros_driver2' with type 'ros.ament_cmake' and name 'livox_ros_driver2'
[0.264s] Level 1:colcon.colcon_core.package_identification:_identify(src/rm_sensors/rplidar_ros) by extensions ['ignore', 'ignore_ament_install']
[0.264s] Level 1:colcon.colcon_core.package_identification:_identify(src/rm_sensors/rplidar_ros) by extension 'ignore'
[0.264s] Level 1:colcon.colcon_core.package_identification:_identify(src/rm_sensors/rplidar_ros) by extension 'ignore_ament_install'
[0.264s] Level 1:colcon.colcon_core.package_identification:_identify(src/rm_sensors/rplidar_ros) by extensions ['colcon_pkg']
[0.264s] Level 1:colcon.colcon_core.package_identification:_identify(src/rm_sensors/rplidar_ros) by extension 'colcon_pkg'
[0.264s] Level 1:colcon.colcon_core.package_identification:_identify(src/rm_sensors/rplidar_ros) by extensions ['colcon_meta']
[0.264s] Level 1:colcon.colcon_core.package_identification:_identify(src/rm_sensors/rplidar_ros) by extension 'colcon_meta'
[0.264s] Level 1:colcon.colcon_core.package_identification:_identify(src/rm_sensors/rplidar_ros) by extensions ['ros']
[0.264s] Level 1:colcon.colcon_core.package_identification:_identify(src/rm_sensors/rplidar_ros) by extension 'ros'
[0.265s] DEBUG:colcon.colcon_core.package_identification:Package 'src/rm_sensors/rplidar_ros' with type 'ros.ament_cmake' and name 'rplidar_ros'
[0.265s] Level 1:colcon.colcon_core.package_discovery:discover_packages(recursive) using defaults
[0.265s] Level 1:colcon.colcon_core.package_discovery:discover_packages(ignore) discover
[0.265s] Level 1:colcon.colcon_core.package_discovery:discover_packages(ignore) using defaults
[0.265s] Level 1:colcon.colcon_core.package_discovery:discover_packages(path) discover
[0.265s] Level 1:colcon.colcon_core.package_discovery:discover_packages(path) using defaults
[0.280s] Level 1:colcon.colcon_core.package_discovery:discover_packages(prefix_path) check parameters
[0.280s] Level 1:colcon.colcon_core.package_discovery:discover_packages(prefix_path) discover
[0.281s] DEBUG:colcon.colcon_installed_package_information.package_discovery:Found 407 installed packages in /opt/ros/humble
[0.283s] Level 1:colcon.colcon_core.package_discovery:discover_packages(prefix_path) using defaults
[0.311s] Level 5:colcon.colcon_core.verb:set package 'icp_localization_ros2' build argument 'cmake_args' from command line to 'None'
[0.311s] Level 5:colcon.colcon_core.verb:set package 'icp_localization_ros2' build argument 'cmake_target' from command line to 'None'
[0.311s] Level 5:colcon.colcon_core.verb:set package 'icp_localization_ros2' build argument 'cmake_target_skip_unavailable' from command line to 'False'
[0.311s] Level 5:colcon.colcon_core.verb:set package 'icp_localization_ros2' build argument 'cmake_clean_cache' from command line to 'False'
[0.311s] Level 5:colcon.colcon_core.verb:set package 'icp_localization_ros2' build argument 'cmake_clean_first' from command line to 'False'
[0.311s] Level 5:colcon.colcon_core.verb:set package 'icp_localization_ros2' build argument 'cmake_force_configure' from command line to 'False'
[0.311s] Level 5:colcon.colcon_core.verb:set package 'icp_localization_ros2' build argument 'ament_cmake_args' from command line to 'None'
[0.311s] Level 5:colcon.colcon_core.verb:set package 'icp_localization_ros2' build argument 'catkin_cmake_args' from command line to 'None'
[0.311s] Level 5:colcon.colcon_core.verb:set package 'icp_localization_ros2' build argument 'catkin_skip_building_tests' from command line to 'False'
[0.311s] DEBUG:colcon.colcon_core.verb:Building package 'icp_localization_ros2' with the following arguments: {'ament_cmake_args': None, 'build_base': '/home/ljhua/ROBOCON2026/lidar_test/CSU-RM-Sentry/build/icp_localization_ros2', 'catkin_cmake_args': None, 'catkin_skip_building_tests': False, 'cmake_args': None, 'cmake_clean_cache': False, 'cmake_clean_first': False, 'cmake_force_configure': False, 'cmake_target': None, 'cmake_target_skip_unavailable': False, 'install_base': '/home/ljhua/ROBOCON2026/lidar_test/CSU-RM-Sentry/install/icp_localization_ros2', 'merge_install': False, 'path': '/home/ljhua/ROBOCON2026/lidar_test/CSU-RM-Sentry/src/rm_localization/icp_localization_ros2', 'symlink_install': True, 'test_result_base': None}
[0.312s] Level 5:colcon.colcon_core.verb:set package 'imu_complementary_filter' build argument 'cmake_args' from command line to 'None'
[0.312s] Level 5:colcon.colcon_core.verb:set package 'imu_complementary_filter' build argument 'cmake_target' from command line to 'None'
[0.312s] Level 5:colcon.colcon_core.verb:set package 'imu_complementary_filter' build argument 'cmake_target_skip_unavailable' from command line to 'False'
[0.312s] Level 5:colcon.colcon_core.verb:set package 'imu_complementary_filter' build argument 'cmake_clean_cache' from command line to 'False'
[0.312s] Level 5:colcon.colcon_core.verb:set package 'imu_complementary_filter' build argument 'cmake_clean_first' from command line to 'False'
[0.312s] Level 5:colcon.colcon_core.verb:set package 'imu_complementary_filter' build argument 'cmake_force_configure' from command line to 'False'
[0.312s] Level 5:colcon.colcon_core.verb:set package 'imu_complementary_filter' build argument 'ament_cmake_args' from command line to 'None'
[0.312s] Level 5:colcon.colcon_core.verb:set package 'imu_complementary_filter' build argument 'catkin_cmake_args' from command line to 'None'
[0.312s] Level 5:colcon.colcon_core.verb:set package 'imu_complementary_filter' build argument 'catkin_skip_building_tests' from command line to 'False'
[0.312s] DEBUG:colcon.colcon_core.verb:Building package 'imu_complementary_filter' with the following arguments: {'ament_cmake_args': None, 'build_base': '/home/ljhua/ROBOCON2026/lidar_test/CSU-RM-Sentry/build/imu_complementary_filter', 'catkin_cmake_args': None, 'catkin_skip_building_tests': False, 'cmake_args': None, 'cmake_clean_cache': False, 'cmake_clean_first': False, 'cmake_force_configure': False, 'cmake_target': None, 'cmake_target_skip_unavailable': False, 'install_base': '/home/ljhua/ROBOCON2026/lidar_test/CSU-RM-Sentry/install/imu_complementary_filter', 'merge_install': False, 'path': '/home/ljhua/ROBOCON2026/lidar_test/CSU-RM-Sentry/src/rm_perception/imu_complementary_filter', 'symlink_install': True, 'test_result_base': None}
[0.312s] Level 5:colcon.colcon_core.verb:set package 'linefit_ground_segmentation' build argument 'cmake_args' from command line to 'None'
[0.312s] Level 5:colcon.colcon_core.verb:set package 'linefit_ground_segmentation' build argument 'cmake_target' from command line to 'None'
[0.312s] Level 5:colcon.colcon_core.verb:set package 'linefit_ground_segmentation' build argument 'cmake_target_skip_unavailable' from command line to 'False'
[0.312s] Level 5:colcon.colcon_core.verb:set package 'linefit_ground_segmentation' build argument 'cmake_clean_cache' from command line to 'False'
[0.312s] Level 5:colcon.colcon_core.verb:set package 'linefit_ground_segmentation' build argument 'cmake_clean_first' from command line to 'False'
[0.312s] Level 5:colcon.colcon_core.verb:set package 'linefit_ground_segmentation' build argument 'cmake_force_configure' from command line to 'False'
[0.312s] Level 5:colcon.colcon_core.verb:set package 'linefit_ground_segmentation' build argument 'ament_cmake_args' from command line to 'None'
[0.312s] Level 5:colcon.colcon_core.verb:set package 'linefit_ground_segmentation' build argument 'catkin_cmake_args' from command line to 'None'
[0.312s] Level 5:colcon.colcon_core.verb:set package 'linefit_ground_segmentation' build argument 'catkin_skip_building_tests' from command line to 'False'
[0.312s] DEBUG:colcon.colcon_core.verb:Building package 'linefit_ground_segmentation' with the following arguments: {'ament_cmake_args': None, 'build_base': '/home/ljhua/ROBOCON2026/lidar_test/CSU-RM-Sentry/build/linefit_ground_segmentation', 'catkin_cmake_args': None, 'catkin_skip_building_tests': False, 'cmake_args': None, 'cmake_clean_cache': False, 'cmake_clean_first': False, 'cmake_force_configure': False, 'cmake_target': None, 'cmake_target_skip_unavailable': False, 'install_base': '/home/ljhua/ROBOCON2026/lidar_test/CSU-RM-Sentry/install/linefit_ground_segmentation', 'merge_install': False, 'path': '/home/ljhua/ROBOCON2026/lidar_test/CSU-RM-Sentry/src/rm_perception/linefit_ground_segementation_ros2/linefit_ground_segmentation', 'symlink_install': True, 'test_result_base': None}
[0.312s] Level 5:colcon.colcon_core.verb:set package 'livox_ros_driver2' build argument 'cmake_args' from command line to 'None'
[0.312s] Level 5:colcon.colcon_core.verb:set package 'livox_ros_driver2' build argument 'cmake_target' from command line to 'None'
[0.312s] Level 5:colcon.colcon_core.verb:set package 'livox_ros_driver2' build argument 'cmake_target_skip_unavailable' from command line to 'False'
[0.312s] Level 5:colcon.colcon_core.verb:set package 'livox_ros_driver2' build argument 'cmake_clean_cache' from command line to 'False'
[0.312s] Level 5:colcon.colcon_core.verb:set package 'livox_ros_driver2' build argument 'cmake_clean_first' from command line to 'False'
[0.312s] Level 5:colcon.colcon_core.verb:set package 'livox_ros_driver2' build argument 'cmake_force_configure' from command line to 'False'
[0.312s] Level 5:colcon.colcon_core.verb:set package 'livox_ros_driver2' build argument 'ament_cmake_args' from command line to 'None'
[0.312s] Level 5:colcon.colcon_core.verb:set package 'livox_ros_driver2' build argument 'catkin_cmake_args' from command line to 'None'
[0.312s] Level 5:colcon.colcon_core.verb:set package 'livox_ros_driver2' build argument 'catkin_skip_building_tests' from command line to 'False'
[0.312s] DEBUG:colcon.colcon_core.verb:Building package 'livox_ros_driver2' with the following arguments: {'ament_cmake_args': None, 'build_base': '/home/ljhua/ROBOCON2026/lidar_test/CSU-RM-Sentry/build/livox_ros_driver2', 'catkin_cmake_args': None, 'catkin_skip_building_tests': False, 'cmake_args': None, 'cmake_clean_cache': False, 'cmake_clean_first': False, 'cmake_force_configure': False, 'cmake_target': None, 'cmake_target_skip_unavailable': False, 'install_base': '/home/ljhua/ROBOCON2026/lidar_test/CSU-RM-Sentry/install/livox_ros_driver2', 'merge_install': False, 'path': '/home/ljhua/ROBOCON2026/lidar_test/CSU-RM-Sentry/src/rm_sensors/livox_ros_driver2', 'symlink_install': True, 'test_result_base': None}
[0.313s] Level 5:colcon.colcon_core.verb:set package 'pointcloud_to_laserscan' build argument 'cmake_args' from command line to 'None'
[0.313s] Level 5:colcon.colcon_core.verb:set package 'pointcloud_to_laserscan' build argument 'cmake_target' from command line to 'None'
[0.313s] Level 5:colcon.colcon_core.verb:set package 'pointcloud_to_laserscan' build argument 'cmake_target_skip_unavailable' from command line to 'False'
[0.313s] Level 5:colcon.colcon_core.verb:set package 'pointcloud_to_laserscan' build argument 'cmake_clean_cache' from command line to 'False'
[0.313s] Level 5:colcon.colcon_core.verb:set package 'pointcloud_to_laserscan' build argument 'cmake_clean_first' from command line to 'False'
[0.313s] Level 5:colcon.colcon_core.verb:set package 'pointcloud_to_laserscan' build argument 'cmake_force_configure' from command line to 'False'
[0.313s] Level 5:colcon.colcon_core.verb:set package 'pointcloud_to_laserscan' build argument 'ament_cmake_args' from command line to 'None'
[0.313s] Level 5:colcon.colcon_core.verb:set package 'pointcloud_to_laserscan' build argument 'catkin_cmake_args' from command line to 'None'
[0.313s] Level 5:colcon.colcon_core.verb:set package 'pointcloud_to_laserscan' build argument 'catkin_skip_building_tests' from command line to 'False'
[0.313s] DEBUG:colcon.colcon_core.verb:Building package 'pointcloud_to_laserscan' with the following arguments: {'ament_cmake_args': None, 'build_base': '/home/ljhua/ROBOCON2026/lidar_test/CSU-RM-Sentry/build/pointcloud_to_laserscan', 'catkin_cmake_args': None, 'catkin_skip_building_tests': False, 'cmake_args': None, 'cmake_clean_cache': False, 'cmake_clean_first': False, 'cmake_force_configure': False, 'cmake_target': None, 'cmake_target_skip_unavailable': False, 'install_base': '/home/ljhua/ROBOCON2026/lidar_test/CSU-RM-Sentry/install/pointcloud_to_laserscan', 'merge_install': False, 'path': '/home/ljhua/ROBOCON2026/lidar_test/CSU-RM-Sentry/src/rm_perception/pointcloud_to_laserscan', 'symlink_install': True, 'test_result_base': None}
[0.313s] Level 5:colcon.colcon_core.verb:set package 'rm_navigation' build argument 'cmake_args' from command line to 'None'
[0.313s] Level 5:colcon.colcon_core.verb:set package 'rm_navigation' build argument 'cmake_target' from command line to 'None'
[0.313s] Level 5:colcon.colcon_core.verb:set package 'rm_navigation' build argument 'cmake_target_skip_unavailable' from command line to 'False'
[0.313s] Level 5:colcon.colcon_core.verb:set package 'rm_navigation' build argument 'cmake_clean_cache' from command line to 'False'
[0.313s] Level 5:colcon.colcon_core.verb:set package 'rm_navigation' build argument 'cmake_clean_first' from command line to 'False'
[0.313s] Level 5:colcon.colcon_core.verb:set package 'rm_navigation' build argument 'cmake_force_configure' from command line to 'False'
[0.313s] Level 5:colcon.colcon_core.verb:set package 'rm_navigation' build argument 'ament_cmake_args' from command line to 'None'
[0.313s] Level 5:colcon.colcon_core.verb:set package 'rm_navigation' build argument 'catkin_cmake_args' from command line to 'None'
[0.313s] Level 5:colcon.colcon_core.verb:set package 'rm_navigation' build argument 'catkin_skip_building_tests' from command line to 'False'
[0.313s] DEBUG:colcon.colcon_core.verb:Building package 'rm_navigation' with the following arguments: {'ament_cmake_args': None, 'build_base': '/home/ljhua/ROBOCON2026/lidar_test/CSU-RM-Sentry/build/rm_navigation', 'catkin_cmake_args': None, 'catkin_skip_building_tests': False, 'cmake_args': None, 'cmake_clean_cache': False, 'cmake_clean_first': False, 'cmake_force_configure': False, 'cmake_target': None, 'cmake_target_skip_unavailable': False, 'install_base': '/home/ljhua/ROBOCON2026/lidar_test/CSU-RM-Sentry/install/rm_navigation', 'merge_install': False, 'path': '/home/ljhua/ROBOCON2026/lidar_test/CSU-RM-Sentry/src/rm_navigation', 'symlink_install': True, 'test_result_base': None}
[0.313s] Level 5:colcon.colcon_core.verb:set package 'rm_serial_driver' build argument 'cmake_args' from command line to 'None'
[0.313s] Level 5:colcon.colcon_core.verb:set package 'rm_serial_driver' build argument 'cmake_target' from command line to 'None'
[0.313s] Level 5:colcon.colcon_core.verb:set package 'rm_serial_driver' build argument 'cmake_target_skip_unavailable' from command line to 'False'
[0.313s] Level 5:colcon.colcon_core.verb:set package 'rm_serial_driver' build argument 'cmake_clean_cache' from command line to 'False'
[0.313s] Level 5:colcon.colcon_core.verb:set package 'rm_serial_driver' build argument 'cmake_clean_first' from command line to 'False'
[0.313s] Level 5:colcon.colcon_core.verb:set package 'rm_serial_driver' build argument 'cmake_force_configure' from command line to 'False'
[0.313s] Level 5:colcon.colcon_core.verb:set package 'rm_serial_driver' build argument 'ament_cmake_args' from command line to 'None'
[0.313s] Level 5:colcon.colcon_core.verb:set package 'rm_serial_driver' build argument 'catkin_cmake_args' from command line to 'None'
[0.313s] Level 5:colcon.colcon_core.verb:set package 'rm_serial_driver' build argument 'catkin_skip_building_tests' from command line to 'False'
[0.313s] DEBUG:colcon.colcon_core.verb:Building package 'rm_serial_driver' with the following arguments: {'ament_cmake_args': None, 'build_base': '/home/ljhua/ROBOCON2026/lidar_test/CSU-RM-Sentry/build/rm_serial_driver', 'catkin_cmake_args': None, 'catkin_skip_building_tests': False, 'cmake_args': None, 'cmake_clean_cache': False, 'cmake_clean_first': False, 'cmake_force_configure': False, 'cmake_target': None, 'cmake_target_skip_unavailable': False, 'install_base': '/home/ljhua/ROBOCON2026/lidar_test/CSU-RM-Sentry/install/rm_serial_driver', 'merge_install': False, 'path': '/home/ljhua/ROBOCON2026/lidar_test/CSU-RM-Sentry/src/rc_serial_driver', 'symlink_install': True, 'test_result_base': None}
[0.314s] Level 5:colcon.colcon_core.verb:set package 'rplidar_ros' build argument 'cmake_args' from command line to 'None'
[0.314s] Level 5:colcon.colcon_core.verb:set package 'rplidar_ros' build argument 'cmake_target' from command line to 'None'
[0.314s] Level 5:colcon.colcon_core.verb:set package 'rplidar_ros' build argument 'cmake_target_skip_unavailable' from command line to 'False'
[0.314s] Level 5:colcon.colcon_core.verb:set package 'rplidar_ros' build argument 'cmake_clean_cache' from command line to 'False'
[0.314s] Level 5:colcon.colcon_core.verb:set package 'rplidar_ros' build argument 'cmake_clean_first' from command line to 'False'
[0.314s] Level 5:colcon.colcon_core.verb:set package 'rplidar_ros' build argument 'cmake_force_configure' from command line to 'False'
[0.314s] Level 5:colcon.colcon_core.verb:set package 'rplidar_ros' build argument 'ament_cmake_args' from command line to 'None'
[0.314s] Level 5:colcon.colcon_core.verb:set package 'rplidar_ros' build argument 'catkin_cmake_args' from command line to 'None'
[0.314s] Level 5:colcon.colcon_core.verb:set package 'rplidar_ros' build argument 'catkin_skip_building_tests' from command line to 'False'
[0.314s] DEBUG:colcon.colcon_core.verb:Building package 'rplidar_ros' with the following arguments: {'ament_cmake_args': None, 'build_base': '/home/ljhua/ROBOCON2026/lidar_test/CSU-RM-Sentry/build/rplidar_ros', 'catkin_cmake_args': None, 'catkin_skip_building_tests': False, 'cmake_args': None, 'cmake_clean_cache': False, 'cmake_clean_first': False, 'cmake_force_configure': False, 'cmake_target': None, 'cmake_target_skip_unavailable': False, 'install_base': '/home/ljhua/ROBOCON2026/lidar_test/CSU-RM-Sentry/install/rplidar_ros', 'merge_install': False, 'path': '/home/ljhua/ROBOCON2026/lidar_test/CSU-RM-Sentry/src/rm_sensors/rplidar_ros', 'symlink_install': True, 'test_result_base': None}
[0.314s] Level 5:colcon.colcon_core.verb:set package 'fast_lio' build argument 'cmake_args' from command line to 'None'
[0.314s] Level 5:colcon.colcon_core.verb:set package 'fast_lio' build argument 'cmake_target' from command line to 'None'
[0.314s] Level 5:colcon.colcon_core.verb:set package 'fast_lio' build argument 'cmake_target_skip_unavailable' from command line to 'False'
[0.314s] Level 5:colcon.colcon_core.verb:set package 'fast_lio' build argument 'cmake_clean_cache' from command line to 'False'
[0.314s] Level 5:colcon.colcon_core.verb:set package 'fast_lio' build argument 'cmake_clean_first' from command line to 'False'
[0.314s] Level 5:colcon.colcon_core.verb:set package 'fast_lio' build argument 'cmake_force_configure' from command line to 'False'
[0.314s] Level 5:colcon.colcon_core.verb:set package 'fast_lio' build argument 'ament_cmake_args' from command line to 'None'
[0.314s] Level 5:colcon.colcon_core.verb:set package 'fast_lio' build argument 'catkin_cmake_args' from command line to 'None'
[0.314s] Level 5:colcon.colcon_core.verb:set package 'fast_lio' build argument 'catkin_skip_building_tests' from command line to 'False'
[0.314s] DEBUG:colcon.colcon_core.verb:Building package 'fast_lio' with the following arguments: {'ament_cmake_args': None, 'build_base': '/home/ljhua/ROBOCON2026/lidar_test/CSU-RM-Sentry/build/fast_lio', 'catkin_cmake_args': None, 'catkin_skip_building_tests': False, 'cmake_args': None, 'cmake_clean_cache': False, 'cmake_clean_first': False, 'cmake_force_configure': False, 'cmake_target': None, 'cmake_target_skip_unavailable': False, 'install_base': '/home/ljhua/ROBOCON2026/lidar_test/CSU-RM-Sentry/install/fast_lio', 'merge_install': False, 'path': '/home/ljhua/ROBOCON2026/lidar_test/CSU-RM-Sentry/src/rm_localization/fast_lio', 'symlink_install': True, 'test_result_base': None}
[0.314s] Level 5:colcon.colcon_core.verb:set package 'linefit_ground_segmentation_ros' build argument 'cmake_args' from command line to 'None'
[0.314s] Level 5:colcon.colcon_core.verb:set package 'linefit_ground_segmentation_ros' build argument 'cmake_target' from command line to 'None'
[0.314s] Level 5:colcon.colcon_core.verb:set package 'linefit_ground_segmentation_ros' build argument 'cmake_target_skip_unavailable' from command line to 'False'
[0.314s] Level 5:colcon.colcon_core.verb:set package 'linefit_ground_segmentation_ros' build argument 'cmake_clean_cache' from command line to 'False'
[0.314s] Level 5:colcon.colcon_core.verb:set package 'linefit_ground_segmentation_ros' build argument 'cmake_clean_first' from command line to 'False'
[0.314s] Level 5:colcon.colcon_core.verb:set package 'linefit_ground_segmentation_ros' build argument 'cmake_force_configure' from command line to 'False'
[0.314s] Level 5:colcon.colcon_core.verb:set package 'linefit_ground_segmentation_ros' build argument 'ament_cmake_args' from command line to 'None'
[0.314s] Level 5:colcon.colcon_core.verb:set package 'linefit_ground_segmentation_ros' build argument 'catkin_cmake_args' from command line to 'None'
[0.314s] Level 5:colcon.colcon_core.verb:set package 'linefit_ground_segmentation_ros' build argument 'catkin_skip_building_tests' from command line to 'False'
[0.314s] DEBUG:colcon.colcon_core.verb:Building package 'linefit_ground_segmentation_ros' with the following arguments: {'ament_cmake_args': None, 'build_base': '/home/ljhua/ROBOCON2026/lidar_test/CSU-RM-Sentry/build/linefit_ground_segmentation_ros', 'catkin_cmake_args': None, 'catkin_skip_building_tests': False, 'cmake_args': None, 'cmake_clean_cache': False, 'cmake_clean_first': False, 'cmake_force_configure': False, 'cmake_target': None, 'cmake_target_skip_unavailable': False, 'install_base': '/home/ljhua/ROBOCON2026/lidar_test/CSU-RM-Sentry/install/linefit_ground_segmentation_ros', 'merge_install': False, 'path': '/home/ljhua/ROBOCON2026/lidar_test/CSU-RM-Sentry/src/rm_perception/linefit_ground_segementation_ros2/linefit_ground_segmentation_ros', 'symlink_install': True, 'test_result_base': None}
[0.314s] INFO:colcon.colcon_core.executor:Executing jobs using 'parallel' executor
[0.315s] DEBUG:colcon.colcon_parallel_executor.executor.parallel:run_until_complete
[0.315s] INFO:colcon.colcon_ros.task.ament_cmake.build:Building ROS package in '/home/ljhua/ROBOCON2026/lidar_test/CSU-RM-Sentry/src/rm_perception/linefit_ground_segementation_ros2/linefit_ground_segmentation' with build type 'ament_cmake'
[0.315s] INFO:colcon.colcon_cmake.task.cmake.build:Building CMake package in '/home/ljhua/ROBOCON2026/lidar_test/CSU-RM-Sentry/src/rm_perception/linefit_ground_segementation_ros2/linefit_ground_segmentation'
[0.317s] INFO:colcon.colcon_core.plugin_system:Skipping extension 'colcon_core.shell.bat': Not used on non-Windows systems
[0.317s] INFO:colcon.colcon_core.shell:Skip shell extension 'powershell' for command environment: Not usable outside of PowerShell
[0.317s] DEBUG:colcon.colcon_core.shell:Skip shell extension 'dsv' for command environment
[0.319s] INFO:colcon.colcon_ros.task.ament_cmake.build:Building ROS package in '/home/ljhua/ROBOCON2026/lidar_test/CSU-RM-Sentry/src/rm_sensors/livox_ros_driver2' with build type 'ament_cmake'
[0.319s] INFO:colcon.colcon_cmake.task.cmake.build:Building CMake package in '/home/ljhua/ROBOCON2026/lidar_test/CSU-RM-Sentry/src/rm_sensors/livox_ros_driver2'
[0.319s] INFO:colcon.colcon_core.shell:Skip shell extension 'powershell' for command environment: Not usable outside of PowerShell
[0.319s] DEBUG:colcon.colcon_core.shell:Skip shell extension 'dsv' for command environment
[0.321s] INFO:colcon.colcon_ros.task.ament_cmake.build:Building ROS package in '/home/ljhua/ROBOCON2026/lidar_test/CSU-RM-Sentry/src/rm_localization/icp_localization_ros2' with build type 'ament_cmake'
[0.321s] INFO:colcon.colcon_cmake.task.cmake.build:Building CMake package in '/home/ljhua/ROBOCON2026/lidar_test/CSU-RM-Sentry/src/rm_localization/icp_localization_ros2'
[0.322s] INFO:colcon.colcon_core.shell:Skip shell extension 'powershell' for command environment: Not usable outside of PowerShell
[0.322s] DEBUG:colcon.colcon_core.shell:Skip shell extension 'dsv' for command environment
[0.324s] INFO:colcon.colcon_ros.task.ament_cmake.build:Building ROS package in '/home/ljhua/ROBOCON2026/lidar_test/CSU-RM-Sentry/src/rm_perception/imu_complementary_filter' with build type 'ament_cmake'
[0.324s] INFO:colcon.colcon_cmake.task.cmake.build:Building CMake package in '/home/ljhua/ROBOCON2026/lidar_test/CSU-RM-Sentry/src/rm_perception/imu_complementary_filter'
[0.324s] INFO:colcon.colcon_core.shell:Skip shell extension 'powershell' for command environment: Not usable outside of PowerShell
[0.324s] DEBUG:colcon.colcon_core.shell:Skip shell extension 'dsv' for command environment
[0.326s] INFO:colcon.colcon_ros.task.ament_cmake.build:Building ROS package in '/home/ljhua/ROBOCON2026/lidar_test/CSU-RM-Sentry/src/rm_perception/pointcloud_to_laserscan' with build type 'ament_cmake'
[0.326s] INFO:colcon.colcon_cmake.task.cmake.build:Building CMake package in '/home/ljhua/ROBOCON2026/lidar_test/CSU-RM-Sentry/src/rm_perception/pointcloud_to_laserscan'
[0.326s] INFO:colcon.colcon_core.shell:Skip shell extension 'powershell' for command environment: Not usable outside of PowerShell
[0.326s] DEBUG:colcon.colcon_core.shell:Skip shell extension 'dsv' for command environment
[0.328s] INFO:colcon.colcon_ros.task.ament_cmake.build:Building ROS package in '/home/ljhua/ROBOCON2026/lidar_test/CSU-RM-Sentry/src/rm_navigation' with build type 'ament_cmake'
[0.328s] INFO:colcon.colcon_cmake.task.cmake.build:Building CMake package in '/home/ljhua/ROBOCON2026/lidar_test/CSU-RM-Sentry/src/rm_navigation'
[0.328s] INFO:colcon.colcon_core.shell:Skip shell extension 'powershell' for command environment: Not usable outside of PowerShell
[0.328s] DEBUG:colcon.colcon_core.shell:Skip shell extension 'dsv' for command environment
[0.330s] INFO:colcon.colcon_ros.task.ament_cmake.build:Building ROS package in '/home/ljhua/ROBOCON2026/lidar_test/CSU-RM-Sentry/src/rc_serial_driver' with build type 'ament_cmake'
[0.331s] INFO:colcon.colcon_cmake.task.cmake.build:Building CMake package in '/home/ljhua/ROBOCON2026/lidar_test/CSU-RM-Sentry/src/rc_serial_driver'
[0.331s] INFO:colcon.colcon_core.shell:Skip shell extension 'powershell' for command environment: Not usable outside of PowerShell
[0.331s] DEBUG:colcon.colcon_core.shell:Skip shell extension 'dsv' for command environment
[0.332s] INFO:colcon.colcon_ros.task.ament_cmake.build:Building ROS package in '/home/ljhua/ROBOCON2026/lidar_test/CSU-RM-Sentry/src/rm_sensors/rplidar_ros' with build type 'ament_cmake'
[0.332s] INFO:colcon.colcon_cmake.task.cmake.build:Building CMake package in '/home/ljhua/ROBOCON2026/lidar_test/CSU-RM-Sentry/src/rm_sensors/rplidar_ros'
[0.333s] INFO:colcon.colcon_core.shell:Skip shell extension 'powershell' for command environment: Not usable outside of PowerShell
[0.333s] DEBUG:colcon.colcon_core.shell:Skip shell extension 'dsv' for command environment
[0.337s] DEBUG:colcon.colcon_core.event_handler.log_command:Invoking command in '/home/ljhua/ROBOCON2026/lidar_test/CSU-RM-Sentry/build/linefit_ground_segmentation': CMAKE_PREFIX_PATH=/opt/ros/humble /usr/bin/cmake /home/ljhua/ROBOCON2026/lidar_test/CSU-RM-Sentry/src/rm_perception/linefit_ground_segementation_ros2/linefit_ground_segmentation -DAMENT_CMAKE_SYMLINK_INSTALL=1 -DCMAKE_INSTALL_PREFIX=/home/ljhua/ROBOCON2026/lidar_test/CSU-RM-Sentry/install/linefit_ground_segmentation
[0.340s] DEBUG:colcon.colcon_core.event_handler.log_command:Invoking command in '/home/ljhua/ROBOCON2026/lidar_test/CSU-RM-Sentry/build/livox_ros_driver2': CMAKE_PREFIX_PATH=/opt/ros/humble /usr/bin/cmake /home/ljhua/ROBOCON2026/lidar_test/CSU-RM-Sentry/src/rm_sensors/livox_ros_driver2 -DAMENT_CMAKE_SYMLINK_INSTALL=1 -DCMAKE_INSTALL_PREFIX=/home/ljhua/ROBOCON2026/lidar_test/CSU-RM-Sentry/install/livox_ros_driver2
[0.341s] DEBUG:colcon.colcon_core.event_handler.log_command:Invoking command in '/home/ljhua/ROBOCON2026/lidar_test/CSU-RM-Sentry/build/icp_localization_ros2': CMAKE_PREFIX_PATH=/opt/ros/humble /usr/bin/cmake /home/ljhua/ROBOCON2026/lidar_test/CSU-RM-Sentry/src/rm_localization/icp_localization_ros2 -DAMENT_CMAKE_SYMLINK_INSTALL=1 -DCMAKE_INSTALL_PREFIX=/home/ljhua/ROBOCON2026/lidar_test/CSU-RM-Sentry/install/icp_localization_ros2
[0.343s] DEBUG:colcon.colcon_core.event_handler.log_command:Invoking command in '/home/ljhua/ROBOCON2026/lidar_test/CSU-RM-Sentry/build/imu_complementary_filter': CMAKE_PREFIX_PATH=/opt/ros/humble /usr/bin/cmake /home/ljhua/ROBOCON2026/lidar_test/CSU-RM-Sentry/src/rm_perception/imu_complementary_filter -DAMENT_CMAKE_SYMLINK_INSTALL=1 -DCMAKE_INSTALL_PREFIX=/home/ljhua/ROBOCON2026/lidar_test/CSU-RM-Sentry/install/imu_complementary_filter
[0.344s] DEBUG:colcon.colcon_core.event_handler.log_command:Invoking command in '/home/ljhua/ROBOCON2026/lidar_test/CSU-RM-Sentry/build/pointcloud_to_laserscan': CMAKE_PREFIX_PATH=/opt/ros/humble /usr/bin/cmake /home/ljhua/ROBOCON2026/lidar_test/CSU-RM-Sentry/src/rm_perception/pointcloud_to_laserscan -DAMENT_CMAKE_SYMLINK_INSTALL=1 -DCMAKE_INSTALL_PREFIX=/home/ljhua/ROBOCON2026/lidar_test/CSU-RM-Sentry/install/pointcloud_to_laserscan
[0.345s] DEBUG:colcon.colcon_core.event_handler.log_command:Invoking command in '/home/ljhua/ROBOCON2026/lidar_test/CSU-RM-Sentry/build/rm_navigation': CMAKE_PREFIX_PATH=/opt/ros/humble /usr/bin/cmake /home/ljhua/ROBOCON2026/lidar_test/CSU-RM-Sentry/src/rm_navigation -DAMENT_CMAKE_SYMLINK_INSTALL=1 -DCMAKE_INSTALL_PREFIX=/home/ljhua/ROBOCON2026/lidar_test/CSU-RM-Sentry/install/rm_navigation
[0.348s] DEBUG:colcon.colcon_core.event_handler.log_command:Invoking command in '/home/ljhua/ROBOCON2026/lidar_test/CSU-RM-Sentry/build/rm_serial_driver': CMAKE_PREFIX_PATH=/opt/ros/humble /usr/bin/cmake /home/ljhua/ROBOCON2026/lidar_test/CSU-RM-Sentry/src/rc_serial_driver -DAMENT_CMAKE_SYMLINK_INSTALL=1 -DCMAKE_INSTALL_PREFIX=/home/ljhua/ROBOCON2026/lidar_test/CSU-RM-Sentry/install/rm_serial_driver
[0.353s] DEBUG:colcon.colcon_core.event_handler.log_command:Invoking command in '/home/ljhua/ROBOCON2026/lidar_test/CSU-RM-Sentry/build/rplidar_ros': CMAKE_PREFIX_PATH=/opt/ros/humble /usr/bin/cmake /home/ljhua/ROBOCON2026/lidar_test/CSU-RM-Sentry/src/rm_sensors/rplidar_ros -DAMENT_CMAKE_SYMLINK_INSTALL=1 -DCMAKE_INSTALL_PREFIX=/home/ljhua/ROBOCON2026/lidar_test/CSU-RM-Sentry/install/rplidar_ros
[1.542s] DEBUG:colcon.colcon_core.event_handler.log_command:Invoked command in '/home/ljhua/ROBOCON2026/lidar_test/CSU-RM-Sentry/build/rm_navigation' returned '0': CMAKE_PREFIX_PATH=/opt/ros/humble /usr/bin/cmake /home/ljhua/ROBOCON2026/lidar_test/CSU-RM-Sentry/src/rm_navigation -DAMENT_CMAKE_SYMLINK_INSTALL=1 -DCMAKE_INSTALL_PREFIX=/home/ljhua/ROBOCON2026/lidar_test/CSU-RM-Sentry/install/rm_navigation
[1.544s] DEBUG:colcon.colcon_core.event_handler.log_command:Invoking command in '/home/ljhua/ROBOCON2026/lidar_test/CSU-RM-Sentry/build/rm_navigation': CMAKE_PREFIX_PATH=/opt/ros/humble /usr/bin/cmake --build /home/ljhua/ROBOCON2026/lidar_test/CSU-RM-Sentry/build/rm_navigation -- -j20 -l20
[1.570s] DEBUG:colcon.colcon_core.event_handler.log_command:Invoked command in '/home/ljhua/ROBOCON2026/lidar_test/CSU-RM-Sentry/build/rm_navigation' returned '0': CMAKE_PREFIX_PATH=/opt/ros/humble /usr/bin/cmake --build /home/ljhua/ROBOCON2026/lidar_test/CSU-RM-Sentry/build/rm_navigation -- -j20 -l20
[1.578s] DEBUG:colcon.colcon_core.event_handler.log_command:Invoking command in '/home/ljhua/ROBOCON2026/lidar_test/CSU-RM-Sentry/build/rm_navigation': CMAKE_PREFIX_PATH=/opt/ros/humble /usr/bin/cmake --install /home/ljhua/ROBOCON2026/lidar_test/CSU-RM-Sentry/build/rm_navigation
[1.772s] Level 1:colcon.colcon_core.environment:create_environment_scripts_only(rm_navigation)
[1.772s] DEBUG:colcon.colcon_core.event_handler.log_command:Invoked command in '/home/ljhua/ROBOCON2026/lidar_test/CSU-RM-Sentry/build/rm_navigation' returned '0': CMAKE_PREFIX_PATH=/opt/ros/humble /usr/bin/cmake --install /home/ljhua/ROBOCON2026/lidar_test/CSU-RM-Sentry/build/rm_navigation
[1.774s] Level 1:colcon.colcon_core.environment:checking '/home/ljhua/ROBOCON2026/lidar_test/CSU-RM-Sentry/install/rm_navigation' for CMake module files
[1.775s] Level 1:colcon.colcon_core.environment:checking '/home/ljhua/ROBOCON2026/lidar_test/CSU-RM-Sentry/install/rm_navigation' for CMake config files
[1.775s] Level 1:colcon.colcon_core.shell:create_environment_hook('rm_navigation', 'cmake_prefix_path')
[1.776s] INFO:colcon.colcon_core.shell:Creating environment hook '/home/ljhua/ROBOCON2026/lidar_test/CSU-RM-Sentry/install/rm_navigation/share/rm_navigation/hook/cmake_prefix_path.ps1'
[1.777s] INFO:colcon.colcon_core.shell:Creating environment descriptor '/home/ljhua/ROBOCON2026/lidar_test/CSU-RM-Sentry/install/rm_navigation/share/rm_navigation/hook/cmake_prefix_path.dsv'
[1.777s] INFO:colcon.colcon_core.shell:Creating environment hook '/home/ljhua/ROBOCON2026/lidar_test/CSU-RM-Sentry/install/rm_navigation/share/rm_navigation/hook/cmake_prefix_path.sh'
[1.778s] Level 1:colcon.colcon_core.environment:checking '/home/ljhua/ROBOCON2026/lidar_test/CSU-RM-Sentry/install/rm_navigation/bin'
[1.779s] Level 1:colcon.colcon_core.environment:checking '/home/ljhua/ROBOCON2026/lidar_test/CSU-RM-Sentry/install/rm_navigation/lib/pkgconfig/rm_navigation.pc'
[1.779s] Level 1:colcon.colcon_core.environment:checking '/home/ljhua/ROBOCON2026/lidar_test/CSU-RM-Sentry/install/rm_navigation/lib/python3.10/site-packages'
[1.779s] Level 1:colcon.colcon_core.environment:checking '/home/ljhua/ROBOCON2026/lidar_test/CSU-RM-Sentry/install/rm_navigation/bin'
[1.780s] INFO:colcon.colcon_core.shell:Creating package script '/home/ljhua/ROBOCON2026/lidar_test/CSU-RM-Sentry/install/rm_navigation/share/rm_navigation/package.ps1'
[1.780s] INFO:colcon.colcon_core.shell:Creating package descriptor '/home/ljhua/ROBOCON2026/lidar_test/CSU-RM-Sentry/install/rm_navigation/share/rm_navigation/package.dsv'
[1.781s] INFO:colcon.colcon_core.shell:Creating package script '/home/ljhua/ROBOCON2026/lidar_test/CSU-RM-Sentry/install/rm_navigation/share/rm_navigation/package.sh'
[1.782s] INFO:colcon.colcon_core.shell:Creating package script '/home/ljhua/ROBOCON2026/lidar_test/CSU-RM-Sentry/install/rm_navigation/share/rm_navigation/package.bash'
[1.783s] INFO:colcon.colcon_core.shell:Creating package script '/home/ljhua/ROBOCON2026/lidar_test/CSU-RM-Sentry/install/rm_navigation/share/rm_navigation/package.zsh'
[1.783s] Level 1:colcon.colcon_core.environment:create_file_with_runtime_dependencies(/home/ljhua/ROBOCON2026/lidar_test/CSU-RM-Sentry/install/rm_navigation/share/colcon-core/packages/rm_navigation)
[1.784s] Level 1:colcon.colcon_core.environment:create_environment_scripts_only(rm_navigation)
[1.785s] Level 1:colcon.colcon_core.environment:checking '/home/ljhua/ROBOCON2026/lidar_test/CSU-RM-Sentry/install/rm_navigation' for CMake module files
[1.785s] Level 1:colcon.colcon_core.environment:checking '/home/ljhua/ROBOCON2026/lidar_test/CSU-RM-Sentry/install/rm_navigation' for CMake config files
[1.786s] Level 1:colcon.colcon_core.shell:create_environment_hook('rm_navigation', 'cmake_prefix_path')
[1.786s] INFO:colcon.colcon_core.shell:Creating environment hook '/home/ljhua/ROBOCON2026/lidar_test/CSU-RM-Sentry/install/rm_navigation/share/rm_navigation/hook/cmake_prefix_path.ps1'
[1.786s] INFO:colcon.colcon_core.shell:Creating environment descriptor '/home/ljhua/ROBOCON2026/lidar_test/CSU-RM-Sentry/install/rm_navigation/share/rm_navigation/hook/cmake_prefix_path.dsv'
[1.787s] INFO:colcon.colcon_core.shell:Creating environment hook '/home/ljhua/ROBOCON2026/lidar_test/CSU-RM-Sentry/install/rm_navigation/share/rm_navigation/hook/cmake_prefix_path.sh'
[1.787s] Level 1:colcon.colcon_core.environment:checking '/home/ljhua/ROBOCON2026/lidar_test/CSU-RM-Sentry/install/rm_navigation/bin'
[1.788s] Level 1:colcon.colcon_core.environment:checking '/home/ljhua/ROBOCON2026/lidar_test/CSU-RM-Sentry/install/rm_navigation/lib/pkgconfig/rm_navigation.pc'
[1.788s] Level 1:colcon.colcon_core.environment:checking '/home/ljhua/ROBOCON2026/lidar_test/CSU-RM-Sentry/install/rm_navigation/lib/python3.10/site-packages'
[1.788s] Level 1:colcon.colcon_core.environment:checking '/home/ljhua/ROBOCON2026/lidar_test/CSU-RM-Sentry/install/rm_navigation/bin'
[1.789s] INFO:colcon.colcon_core.shell:Creating package script '/home/ljhua/ROBOCON2026/lidar_test/CSU-RM-Sentry/install/rm_navigation/share/rm_navigation/package.ps1'
[1.789s] INFO:colcon.colcon_core.shell:Creating package descriptor '/home/ljhua/ROBOCON2026/lidar_test/CSU-RM-Sentry/install/rm_navigation/share/rm_navigation/package.dsv'
[1.790s] INFO:colcon.colcon_core.shell:Creating package script '/home/ljhua/ROBOCON2026/lidar_test/CSU-RM-Sentry/install/rm_navigation/share/rm_navigation/package.sh'
[1.790s] INFO:colcon.colcon_core.shell:Creating package script '/home/ljhua/ROBOCON2026/lidar_test/CSU-RM-Sentry/install/rm_navigation/share/rm_navigation/package.bash'
[1.791s] INFO:colcon.colcon_core.shell:Creating package script '/home/ljhua/ROBOCON2026/lidar_test/CSU-RM-Sentry/install/rm_navigation/share/rm_navigation/package.zsh'
[1.791s] Level 1:colcon.colcon_core.environment:create_file_with_runtime_dependencies(/home/ljhua/ROBOCON2026/lidar_test/CSU-RM-Sentry/install/rm_navigation/share/colcon-core/packages/rm_navigation)
[1.945s] DEBUG:colcon.colcon_core.event_handler.log_command:Invoked command in '/home/ljhua/ROBOCON2026/lidar_test/CSU-RM-Sentry/build/rplidar_ros' returned '0': CMAKE_PREFIX_PATH=/opt/ros/humble /usr/bin/cmake /home/ljhua/ROBOCON2026/lidar_test/CSU-RM-Sentry/src/rm_sensors/rplidar_ros -DAMENT_CMAKE_SYMLINK_INSTALL=1 -DCMAKE_INSTALL_PREFIX=/home/ljhua/ROBOCON2026/lidar_test/CSU-RM-Sentry/install/rplidar_ros
[1.947s] DEBUG:colcon.colcon_core.event_handler.log_command:Invoking command in '/home/ljhua/ROBOCON2026/lidar_test/CSU-RM-Sentry/build/rplidar_ros': CMAKE_PREFIX_PATH=/opt/ros/humble /usr/bin/cmake --build /home/ljhua/ROBOCON2026/lidar_test/CSU-RM-Sentry/build/rplidar_ros -- -j20 -l20
[2.014s] DEBUG:colcon.colcon_core.event_handler.log_command:Invoked command in '/home/ljhua/ROBOCON2026/lidar_test/CSU-RM-Sentry/build/rm_serial_driver' returned '0': CMAKE_PREFIX_PATH=/opt/ros/humble /usr/bin/cmake /home/ljhua/ROBOCON2026/lidar_test/CSU-RM-Sentry/src/rc_serial_driver -DAMENT_CMAKE_SYMLINK_INSTALL=1 -DCMAKE_INSTALL_PREFIX=/home/ljhua/ROBOCON2026/lidar_test/CSU-RM-Sentry/install/rm_serial_driver
[2.016s] DEBUG:colcon.colcon_core.event_handler.log_command:Invoking command in '/home/ljhua/ROBOCON2026/lidar_test/CSU-RM-Sentry/build/rm_serial_driver': CMAKE_PREFIX_PATH=/opt/ros/humble /usr/bin/cmake --build /home/ljhua/ROBOCON2026/lidar_test/CSU-RM-Sentry/build/rm_serial_driver -- -j20 -l20
[2.122s] DEBUG:colcon.colcon_core.event_handler.log_command:Invoked command in '/home/ljhua/ROBOCON2026/lidar_test/CSU-RM-Sentry/build/imu_complementary_filter' returned '0': CMAKE_PREFIX_PATH=/opt/ros/humble /usr/bin/cmake /home/ljhua/ROBOCON2026/lidar_test/CSU-RM-Sentry/src/rm_perception/imu_complementary_filter -DAMENT_CMAKE_SYMLINK_INSTALL=1 -DCMAKE_INSTALL_PREFIX=/home/ljhua/ROBOCON2026/lidar_test/CSU-RM-Sentry/install/imu_complementary_filter
[2.122s] DEBUG:colcon.colcon_core.event_handler.log_command:Invoking command in '/home/ljhua/ROBOCON2026/lidar_test/CSU-RM-Sentry/build/imu_complementary_filter': CMAKE_PREFIX_PATH=/opt/ros/humble /usr/bin/cmake --build /home/ljhua/ROBOCON2026/lidar_test/CSU-RM-Sentry/build/imu_complementary_filter -- -j20 -l20
[2.725s] DEBUG:colcon.colcon_core.event_handler.log_command:Invoked command in '/home/ljhua/ROBOCON2026/lidar_test/CSU-RM-Sentry/build/pointcloud_to_laserscan' returned '0': CMAKE_PREFIX_PATH=/opt/ros/humble /usr/bin/cmake /home/ljhua/ROBOCON2026/lidar_test/CSU-RM-Sentry/src/rm_perception/pointcloud_to_laserscan -DAMENT_CMAKE_SYMLINK_INSTALL=1 -DCMAKE_INSTALL_PREFIX=/home/ljhua/ROBOCON2026/lidar_test/CSU-RM-Sentry/install/pointcloud_to_laserscan
[2.726s] DEBUG:colcon.colcon_core.event_handler.log_command:Invoking command in '/home/ljhua/ROBOCON2026/lidar_test/CSU-RM-Sentry/build/pointcloud_to_laserscan': CMAKE_PREFIX_PATH=/opt/ros/humble /usr/bin/cmake --build /home/ljhua/ROBOCON2026/lidar_test/CSU-RM-Sentry/build/pointcloud_to_laserscan -- -j20 -l20
[4.551s] DEBUG:colcon.colcon_core.event_handler.log_command:Invoked command in '/home/ljhua/ROBOCON2026/lidar_test/CSU-RM-Sentry/build/linefit_ground_segmentation' returned '0': CMAKE_PREFIX_PATH=/opt/ros/humble /usr/bin/cmake /home/ljhua/ROBOCON2026/lidar_test/CSU-RM-Sentry/src/rm_perception/linefit_ground_segementation_ros2/linefit_ground_segmentation -DAMENT_CMAKE_SYMLINK_INSTALL=1 -DCMAKE_INSTALL_PREFIX=/home/ljhua/ROBOCON2026/lidar_test/CSU-RM-Sentry/install/linefit_ground_segmentation
[4.553s] DEBUG:colcon.colcon_core.event_handler.log_command:Invoking command in '/home/ljhua/ROBOCON2026/lidar_test/CSU-RM-Sentry/build/linefit_ground_segmentation': CMAKE_PREFIX_PATH=/opt/ros/humble /usr/bin/cmake --build /home/ljhua/ROBOCON2026/lidar_test/CSU-RM-Sentry/build/linefit_ground_segmentation -- -j20 -l20
[4.653s] DEBUG:colcon.colcon_core.event_handler.log_command:Invoked command in '/home/ljhua/ROBOCON2026/lidar_test/CSU-RM-Sentry/build/icp_localization_ros2' returned '0': CMAKE_PREFIX_PATH=/opt/ros/humble /usr/bin/cmake /home/ljhua/ROBOCON2026/lidar_test/CSU-RM-Sentry/src/rm_localization/icp_localization_ros2 -DAMENT_CMAKE_SYMLINK_INSTALL=1 -DCMAKE_INSTALL_PREFIX=/home/ljhua/ROBOCON2026/lidar_test/CSU-RM-Sentry/install/icp_localization_ros2
[4.656s] DEBUG:colcon.colcon_core.event_handler.log_command:Invoking command in '/home/ljhua/ROBOCON2026/lidar_test/CSU-RM-Sentry/build/icp_localization_ros2': CMAKE_PREFIX_PATH=/opt/ros/humble /usr/bin/cmake --build /home/ljhua/ROBOCON2026/lidar_test/CSU-RM-Sentry/build/icp_localization_ros2 -- -j20 -l20
[6.941s] DEBUG:colcon.colcon_core.event_handler.log_command:Invoked command in '/home/ljhua/ROBOCON2026/lidar_test/CSU-RM-Sentry/build/livox_ros_driver2' returned '0': CMAKE_PREFIX_PATH=/opt/ros/humble /usr/bin/cmake /home/ljhua/ROBOCON2026/lidar_test/CSU-RM-Sentry/src/rm_sensors/livox_ros_driver2 -DAMENT_CMAKE_SYMLINK_INSTALL=1 -DCMAKE_INSTALL_PREFIX=/home/ljhua/ROBOCON2026/lidar_test/CSU-RM-Sentry/install/livox_ros_driver2
[6.943s] DEBUG:colcon.colcon_core.event_handler.log_command:Invoking command in '/home/ljhua/ROBOCON2026/lidar_test/CSU-RM-Sentry/build/livox_ros_driver2': CMAKE_PREFIX_PATH=/opt/ros/humble /usr/bin/cmake --build /home/ljhua/ROBOCON2026/lidar_test/CSU-RM-Sentry/build/livox_ros_driver2 -- -j20 -l20
[18.551s] DEBUG:colcon.colcon_core.event_handler.log_command:Invoked command in '/home/ljhua/ROBOCON2026/lidar_test/CSU-RM-Sentry/build/rm_serial_driver' returned '0': CMAKE_PREFIX_PATH=/opt/ros/humble /usr/bin/cmake --build /home/ljhua/ROBOCON2026/lidar_test/CSU-RM-Sentry/build/rm_serial_driver -- -j20 -l20
[18.555s] DEBUG:colcon.colcon_core.event_handler.log_command:Invoking command in '/home/ljhua/ROBOCON2026/lidar_test/CSU-RM-Sentry/build/rm_serial_driver': CMAKE_PREFIX_PATH=/opt/ros/humble /usr/bin/cmake --install /home/ljhua/ROBOCON2026/lidar_test/CSU-RM-Sentry/build/rm_serial_driver
[18.756s] Level 1:colcon.colcon_core.environment:create_environment_scripts_only(rm_serial_driver)
[18.756s] Level 1:colcon.colcon_core.environment:checking '/home/ljhua/ROBOCON2026/lidar_test/CSU-RM-Sentry/install/rm_serial_driver' for CMake module files
[18.757s] Level 1:colcon.colcon_core.environment:checking '/home/ljhua/ROBOCON2026/lidar_test/CSU-RM-Sentry/install/rm_serial_driver' for CMake config files
[18.757s] Level 1:colcon.colcon_core.shell:create_environment_hook('rm_serial_driver', 'cmake_prefix_path')
[18.758s] INFO:colcon.colcon_core.shell:Creating environment hook '/home/ljhua/ROBOCON2026/lidar_test/CSU-RM-Sentry/install/rm_serial_driver/share/rm_serial_driver/hook/cmake_prefix_path.ps1'
[18.758s] DEBUG:colcon.colcon_core.event_handler.log_command:Invoked command in '/home/ljhua/ROBOCON2026/lidar_test/CSU-RM-Sentry/build/rm_serial_driver' returned '0': CMAKE_PREFIX_PATH=/opt/ros/humble /usr/bin/cmake --install /home/ljhua/ROBOCON2026/lidar_test/CSU-RM-Sentry/build/rm_serial_driver
[18.759s] INFO:colcon.colcon_core.shell:Creating environment descriptor '/home/ljhua/ROBOCON2026/lidar_test/CSU-RM-Sentry/install/rm_serial_driver/share/rm_serial_driver/hook/cmake_prefix_path.dsv'
[18.759s] INFO:colcon.colcon_core.shell:Creating environment hook '/home/ljhua/ROBOCON2026/lidar_test/CSU-RM-Sentry/install/rm_serial_driver/share/rm_serial_driver/hook/cmake_prefix_path.sh'
[18.760s] Level 1:colcon.colcon_core.environment:checking '/home/ljhua/ROBOCON2026/lidar_test/CSU-RM-Sentry/install/rm_serial_driver/lib'
[18.760s] Level 1:colcon.colcon_core.environment:checking '/home/ljhua/ROBOCON2026/lidar_test/CSU-RM-Sentry/install/rm_serial_driver/bin'
[18.760s] Level 1:colcon.colcon_core.environment:checking '/home/ljhua/ROBOCON2026/lidar_test/CSU-RM-Sentry/install/rm_serial_driver/lib/pkgconfig/rm_serial_driver.pc'
[18.761s] Level 1:colcon.colcon_core.environment:checking '/home/ljhua/ROBOCON2026/lidar_test/CSU-RM-Sentry/install/rm_serial_driver/lib/python3.10/site-packages'
[18.761s] Level 1:colcon.colcon_core.environment:checking '/home/ljhua/ROBOCON2026/lidar_test/CSU-RM-Sentry/install/rm_serial_driver/bin'
[18.761s] INFO:colcon.colcon_core.shell:Creating package script '/home/ljhua/ROBOCON2026/lidar_test/CSU-RM-Sentry/install/rm_serial_driver/share/rm_serial_driver/package.ps1'
[18.762s] INFO:colcon.colcon_core.shell:Creating package descriptor '/home/ljhua/ROBOCON2026/lidar_test/CSU-RM-Sentry/install/rm_serial_driver/share/rm_serial_driver/package.dsv'
[18.762s] INFO:colcon.colcon_core.shell:Creating package script '/home/ljhua/ROBOCON2026/lidar_test/CSU-RM-Sentry/install/rm_serial_driver/share/rm_serial_driver/package.sh'
[18.763s] INFO:colcon.colcon_core.shell:Creating package script '/home/ljhua/ROBOCON2026/lidar_test/CSU-RM-Sentry/install/rm_serial_driver/share/rm_serial_driver/package.bash'
[18.763s] INFO:colcon.colcon_core.shell:Creating package script '/home/ljhua/ROBOCON2026/lidar_test/CSU-RM-Sentry/install/rm_serial_driver/share/rm_serial_driver/package.zsh'
[18.763s] Level 1:colcon.colcon_core.environment:create_file_with_runtime_dependencies(/home/ljhua/ROBOCON2026/lidar_test/CSU-RM-Sentry/install/rm_serial_driver/share/colcon-core/packages/rm_serial_driver)
[18.764s] Level 1:colcon.colcon_core.environment:create_environment_scripts_only(rm_serial_driver)
[18.764s] Level 1:colcon.colcon_core.environment:checking '/home/ljhua/ROBOCON2026/lidar_test/CSU-RM-Sentry/install/rm_serial_driver' for CMake module files
[18.765s] Level 1:colcon.colcon_core.environment:checking '/home/ljhua/ROBOCON2026/lidar_test/CSU-RM-Sentry/install/rm_serial_driver' for CMake config files
[18.765s] Level 1:colcon.colcon_core.shell:create_environment_hook('rm_serial_driver', 'cmake_prefix_path')
[18.765s] INFO:colcon.colcon_core.shell:Creating environment hook '/home/ljhua/ROBOCON2026/lidar_test/CSU-RM-Sentry/install/rm_serial_driver/share/rm_serial_driver/hook/cmake_prefix_path.ps1'
[18.766s] INFO:colcon.colcon_core.shell:Creating environment descriptor '/home/ljhua/ROBOCON2026/lidar_test/CSU-RM-Sentry/install/rm_serial_driver/share/rm_serial_driver/hook/cmake_prefix_path.dsv'
[18.767s] INFO:colcon.colcon_core.shell:Creating environment hook '/home/ljhua/ROBOCON2026/lidar_test/CSU-RM-Sentry/install/rm_serial_driver/share/rm_serial_driver/hook/cmake_prefix_path.sh'
[18.767s] Level 1:colcon.colcon_core.environment:checking '/home/ljhua/ROBOCON2026/lidar_test/CSU-RM-Sentry/install/rm_serial_driver/lib'
[18.767s] Level 1:colcon.colcon_core.environment:checking '/home/ljhua/ROBOCON2026/lidar_test/CSU-RM-Sentry/install/rm_serial_driver/bin'
[18.767s] Level 1:colcon.colcon_core.environment:checking '/home/ljhua/ROBOCON2026/lidar_test/CSU-RM-Sentry/install/rm_serial_driver/lib/pkgconfig/rm_serial_driver.pc'
[18.768s] Level 1:colcon.colcon_core.environment:checking '/home/ljhua/ROBOCON2026/lidar_test/CSU-RM-Sentry/install/rm_serial_driver/lib/python3.10/site-packages'
[18.768s] Level 1:colcon.colcon_core.environment:checking '/home/ljhua/ROBOCON2026/lidar_test/CSU-RM-Sentry/install/rm_serial_driver/bin'
[18.768s] INFO:colcon.colcon_core.shell:Creating package script '/home/ljhua/ROBOCON2026/lidar_test/CSU-RM-Sentry/install/rm_serial_driver/share/rm_serial_driver/package.ps1'
[18.770s] INFO:colcon.colcon_core.shell:Creating package descriptor '/home/ljhua/ROBOCON2026/lidar_test/CSU-RM-Sentry/install/rm_serial_driver/share/rm_serial_driver/package.dsv'
[18.770s] INFO:colcon.colcon_core.shell:Creating package script '/home/ljhua/ROBOCON2026/lidar_test/CSU-RM-Sentry/install/rm_serial_driver/share/rm_serial_driver/package.sh'
[18.771s] INFO:colcon.colcon_core.shell:Creating package script '/home/ljhua/ROBOCON2026/lidar_test/CSU-RM-Sentry/install/rm_serial_driver/share/rm_serial_driver/package.bash'
[18.771s] INFO:colcon.colcon_core.shell:Creating package script '/home/ljhua/ROBOCON2026/lidar_test/CSU-RM-Sentry/install/rm_serial_driver/share/rm_serial_driver/package.zsh'
[18.772s] Level 1:colcon.colcon_core.environment:create_file_with_runtime_dependencies(/home/ljhua/ROBOCON2026/lidar_test/CSU-RM-Sentry/install/rm_serial_driver/share/colcon-core/packages/rm_serial_driver)
[20.757s] DEBUG:colcon.colcon_core.event_handler.log_command:Invoked command in '/home/ljhua/ROBOCON2026/lidar_test/CSU-RM-Sentry/build/linefit_ground_segmentation' returned '0': CMAKE_PREFIX_PATH=/opt/ros/humble /usr/bin/cmake --build /home/ljhua/ROBOCON2026/lidar_test/CSU-RM-Sentry/build/linefit_ground_segmentation -- -j20 -l20
[20.758s] DEBUG:colcon.colcon_core.event_handler.log_command:Invoking command in '/home/ljhua/ROBOCON2026/lidar_test/CSU-RM-Sentry/build/linefit_ground_segmentation': CMAKE_PREFIX_PATH=/opt/ros/humble /usr/bin/cmake --install /home/ljhua/ROBOCON2026/lidar_test/CSU-RM-Sentry/build/linefit_ground_segmentation
[21.075s] Level 1:colcon.colcon_core.environment:create_environment_scripts_only(linefit_ground_segmentation)
[21.075s] Level 1:colcon.colcon_core.environment:checking '/home/ljhua/ROBOCON2026/lidar_test/CSU-RM-Sentry/install/linefit_ground_segmentation' for CMake module files
[21.076s] Level 1:colcon.colcon_core.environment:checking '/home/ljhua/ROBOCON2026/lidar_test/CSU-RM-Sentry/install/linefit_ground_segmentation' for CMake config files
[21.075s] DEBUG:colcon.colcon_core.event_handler.log_command:Invoked command in '/home/ljhua/ROBOCON2026/lidar_test/CSU-RM-Sentry/build/linefit_ground_segmentation' returned '0': CMAKE_PREFIX_PATH=/opt/ros/humble /usr/bin/cmake --install /home/ljhua/ROBOCON2026/lidar_test/CSU-RM-Sentry/build/linefit_ground_segmentation
[21.076s] Level 1:colcon.colcon_core.shell:create_environment_hook('linefit_ground_segmentation', 'cmake_prefix_path')
[21.076s] INFO:colcon.colcon_core.shell:Creating environment hook '/home/ljhua/ROBOCON2026/lidar_test/CSU-RM-Sentry/install/linefit_ground_segmentation/share/linefit_ground_segmentation/hook/cmake_prefix_path.ps1'
[21.077s] INFO:colcon.colcon_core.shell:Creating environment descriptor '/home/ljhua/ROBOCON2026/lidar_test/CSU-RM-Sentry/install/linefit_ground_segmentation/share/linefit_ground_segmentation/hook/cmake_prefix_path.dsv'
[21.077s] INFO:colcon.colcon_core.shell:Creating environment hook '/home/ljhua/ROBOCON2026/lidar_test/CSU-RM-Sentry/install/linefit_ground_segmentation/share/linefit_ground_segmentation/hook/cmake_prefix_path.sh'
[21.078s] Level 1:colcon.colcon_core.environment:checking '/home/ljhua/ROBOCON2026/lidar_test/CSU-RM-Sentry/install/linefit_ground_segmentation/lib'
[21.078s] Level 1:colcon.colcon_core.shell:create_environment_hook('linefit_ground_segmentation', 'ld_library_path_lib')
[21.078s] INFO:colcon.colcon_core.shell:Creating environment hook '/home/ljhua/ROBOCON2026/lidar_test/CSU-RM-Sentry/install/linefit_ground_segmentation/share/linefit_ground_segmentation/hook/ld_library_path_lib.ps1'
[21.079s] INFO:colcon.colcon_core.shell:Creating environment descriptor '/home/ljhua/ROBOCON2026/lidar_test/CSU-RM-Sentry/install/linefit_ground_segmentation/share/linefit_ground_segmentation/hook/ld_library_path_lib.dsv'
[21.079s] INFO:colcon.colcon_core.shell:Creating environment hook '/home/ljhua/ROBOCON2026/lidar_test/CSU-RM-Sentry/install/linefit_ground_segmentation/share/linefit_ground_segmentation/hook/ld_library_path_lib.sh'
[21.079s] Level 1:colcon.colcon_core.environment:checking '/home/ljhua/ROBOCON2026/lidar_test/CSU-RM-Sentry/install/linefit_ground_segmentation/bin'
[21.079s] Level 1:colcon.colcon_core.environment:checking '/home/ljhua/ROBOCON2026/lidar_test/CSU-RM-Sentry/install/linefit_ground_segmentation/lib/pkgconfig/linefit_ground_segmentation.pc'
[21.080s] Level 1:colcon.colcon_core.environment:checking '/home/ljhua/ROBOCON2026/lidar_test/CSU-RM-Sentry/install/linefit_ground_segmentation/lib/python3.10/site-packages'
[21.080s] Level 1:colcon.colcon_core.environment:checking '/home/ljhua/ROBOCON2026/lidar_test/CSU-RM-Sentry/install/linefit_ground_segmentation/bin'
[21.080s] INFO:colcon.colcon_core.shell:Creating package script '/home/ljhua/ROBOCON2026/lidar_test/CSU-RM-Sentry/install/linefit_ground_segmentation/share/linefit_ground_segmentation/package.ps1'
[21.081s] INFO:colcon.colcon_core.shell:Creating package descriptor '/home/ljhua/ROBOCON2026/lidar_test/CSU-RM-Sentry/install/linefit_ground_segmentation/share/linefit_ground_segmentation/package.dsv'
[21.081s] INFO:colcon.colcon_core.shell:Creating package script '/home/ljhua/ROBOCON2026/lidar_test/CSU-RM-Sentry/install/linefit_ground_segmentation/share/linefit_ground_segmentation/package.sh'
[21.082s] INFO:colcon.colcon_core.shell:Creating package script '/home/ljhua/ROBOCON2026/lidar_test/CSU-RM-Sentry/install/linefit_ground_segmentation/share/linefit_ground_segmentation/package.bash'
[21.082s] INFO:colcon.colcon_core.shell:Creating package script '/home/ljhua/ROBOCON2026/lidar_test/CSU-RM-Sentry/install/linefit_ground_segmentation/share/linefit_ground_segmentation/package.zsh'
[21.083s] Level 1:colcon.colcon_core.environment:create_file_with_runtime_dependencies(/home/ljhua/ROBOCON2026/lidar_test/CSU-RM-Sentry/install/linefit_ground_segmentation/share/colcon-core/packages/linefit_ground_segmentation)
[21.083s] Level 1:colcon.colcon_core.environment:create_environment_scripts_only(linefit_ground_segmentation)
[21.083s] Level 1:colcon.colcon_core.environment:checking '/home/ljhua/ROBOCON2026/lidar_test/CSU-RM-Sentry/install/linefit_ground_segmentation' for CMake module files
[21.084s] Level 1:colcon.colcon_core.environment:checking '/home/ljhua/ROBOCON2026/lidar_test/CSU-RM-Sentry/install/linefit_ground_segmentation' for CMake config files
[21.084s] Level 1:colcon.colcon_core.shell:create_environment_hook('linefit_ground_segmentation', 'cmake_prefix_path')
[21.084s] INFO:colcon.colcon_core.shell:Creating environment hook '/home/ljhua/ROBOCON2026/lidar_test/CSU-RM-Sentry/install/linefit_ground_segmentation/share/linefit_ground_segmentation/hook/cmake_prefix_path.ps1'
[21.085s] INFO:colcon.colcon_core.shell:Creating environment descriptor '/home/ljhua/ROBOCON2026/lidar_test/CSU-RM-Sentry/install/linefit_ground_segmentation/share/linefit_ground_segmentation/hook/cmake_prefix_path.dsv'
[21.085s] INFO:colcon.colcon_core.shell:Creating environment hook '/home/ljhua/ROBOCON2026/lidar_test/CSU-RM-Sentry/install/linefit_ground_segmentation/share/linefit_ground_segmentation/hook/cmake_prefix_path.sh'
[21.086s] Level 1:colcon.colcon_core.environment:checking '/home/ljhua/ROBOCON2026/lidar_test/CSU-RM-Sentry/install/linefit_ground_segmentation/lib'
[21.086s] Level 1:colcon.colcon_core.shell:create_environment_hook('linefit_ground_segmentation', 'ld_library_path_lib')
[21.086s] INFO:colcon.colcon_core.shell:Creating environment hook '/home/ljhua/ROBOCON2026/lidar_test/CSU-RM-Sentry/install/linefit_ground_segmentation/share/linefit_ground_segmentation/hook/ld_library_path_lib.ps1'
[21.087s] INFO:colcon.colcon_core.shell:Creating environment descriptor '/home/ljhua/ROBOCON2026/lidar_test/CSU-RM-Sentry/install/linefit_ground_segmentation/share/linefit_ground_segmentation/hook/ld_library_path_lib.dsv'
[21.087s] INFO:colcon.colcon_core.shell:Creating environment hook '/home/ljhua/ROBOCON2026/lidar_test/CSU-RM-Sentry/install/linefit_ground_segmentation/share/linefit_ground_segmentation/hook/ld_library_path_lib.sh'
[21.088s] Level 1:colcon.colcon_core.environment:checking '/home/ljhua/ROBOCON2026/lidar_test/CSU-RM-Sentry/install/linefit_ground_segmentation/bin'
[21.088s] Level 1:colcon.colcon_core.environment:checking '/home/ljhua/ROBOCON2026/lidar_test/CSU-RM-Sentry/install/linefit_ground_segmentation/lib/pkgconfig/linefit_ground_segmentation.pc'
[21.088s] Level 1:colcon.colcon_core.environment:checking '/home/ljhua/ROBOCON2026/lidar_test/CSU-RM-Sentry/install/linefit_ground_segmentation/lib/python3.10/site-packages'
[21.088s] Level 1:colcon.colcon_core.environment:checking '/home/ljhua/ROBOCON2026/lidar_test/CSU-RM-Sentry/install/linefit_ground_segmentation/bin'
[21.089s] INFO:colcon.colcon_core.shell:Creating package script '/home/ljhua/ROBOCON2026/lidar_test/CSU-RM-Sentry/install/linefit_ground_segmentation/share/linefit_ground_segmentation/package.ps1'
[21.089s] INFO:colcon.colcon_core.shell:Creating package descriptor '/home/ljhua/ROBOCON2026/lidar_test/CSU-RM-Sentry/install/linefit_ground_segmentation/share/linefit_ground_segmentation/package.dsv'
[21.090s] INFO:colcon.colcon_core.shell:Creating package script '/home/ljhua/ROBOCON2026/lidar_test/CSU-RM-Sentry/install/linefit_ground_segmentation/share/linefit_ground_segmentation/package.sh'
[21.090s] INFO:colcon.colcon_core.shell:Creating package script '/home/ljhua/ROBOCON2026/lidar_test/CSU-RM-Sentry/install/linefit_ground_segmentation/share/linefit_ground_segmentation/package.bash'
[21.091s] INFO:colcon.colcon_core.shell:Creating package script '/home/ljhua/ROBOCON2026/lidar_test/CSU-RM-Sentry/install/linefit_ground_segmentation/share/linefit_ground_segmentation/package.zsh'
[21.091s] Level 1:colcon.colcon_core.environment:create_file_with_runtime_dependencies(/home/ljhua/ROBOCON2026/lidar_test/CSU-RM-Sentry/install/linefit_ground_segmentation/share/colcon-core/packages/linefit_ground_segmentation)
[21.092s] INFO:colcon.colcon_ros.task.ament_cmake.build:Building ROS package in '/home/ljhua/ROBOCON2026/lidar_test/CSU-RM-Sentry/src/rm_perception/linefit_ground_segementation_ros2/linefit_ground_segmentation_ros' with build type 'ament_cmake'
[21.092s] INFO:colcon.colcon_cmake.task.cmake.build:Building CMake package in '/home/ljhua/ROBOCON2026/lidar_test/CSU-RM-Sentry/src/rm_perception/linefit_ground_segementation_ros2/linefit_ground_segmentation_ros'
[21.092s] INFO:colcon.colcon_core.shell:Skip shell extension 'powershell' for command environment: Not usable outside of PowerShell
[21.092s] DEBUG:colcon.colcon_core.shell:Skip shell extension 'dsv' for command environment
[21.105s] DEBUG:colcon.colcon_core.event_handler.log_command:Invoking command in '/home/ljhua/ROBOCON2026/lidar_test/CSU-RM-Sentry/build/linefit_ground_segmentation_ros': AMENT_PREFIX_PATH=/home/ljhua/ROBOCON2026/lidar_test/CSU-RM-Sentry/install/linefit_ground_segmentation:${AMENT_PREFIX_PATH} CMAKE_PREFIX_PATH=/home/ljhua/ROBOCON2026/lidar_test/CSU-RM-Sentry/install/linefit_ground_segmentation:/opt/ros/humble LD_LIBRARY_PATH=/home/ljhua/ROBOCON2026/lidar_test/CSU-RM-Sentry/install/linefit_ground_segmentation/lib:${LD_LIBRARY_PATH} /usr/bin/cmake /home/ljhua/ROBOCON2026/lidar_test/CSU-RM-Sentry/src/rm_perception/linefit_ground_segementation_ros2/linefit_ground_segmentation_ros -DAMENT_CMAKE_SYMLINK_INSTALL=1 -DCMAKE_INSTALL_PREFIX=/home/ljhua/ROBOCON2026/lidar_test/CSU-RM-Sentry/install/linefit_ground_segmentation_ros
[21.107s] DEBUG:colcon.colcon_core.event_handler.log_command:Invoked command in '/home/ljhua/ROBOCON2026/lidar_test/CSU-RM-Sentry/build/rplidar_ros' returned '0': CMAKE_PREFIX_PATH=/opt/ros/humble /usr/bin/cmake --build /home/ljhua/ROBOCON2026/lidar_test/CSU-RM-Sentry/build/rplidar_ros -- -j20 -l20
[21.110s] DEBUG:colcon.colcon_core.event_handler.log_command:Invoking command in '/home/ljhua/ROBOCON2026/lidar_test/CSU-RM-Sentry/build/rplidar_ros': CMAKE_PREFIX_PATH=/opt/ros/humble /usr/bin/cmake --install /home/ljhua/ROBOCON2026/lidar_test/CSU-RM-Sentry/build/rplidar_ros
[21.513s] Level 1:colcon.colcon_core.environment:create_environment_scripts_only(rplidar_ros)
[21.514s] Level 1:colcon.colcon_core.environment:checking '/home/ljhua/ROBOCON2026/lidar_test/CSU-RM-Sentry/install/rplidar_ros' for CMake module files
[21.515s] Level 1:colcon.colcon_core.environment:checking '/home/ljhua/ROBOCON2026/lidar_test/CSU-RM-Sentry/install/rplidar_ros' for CMake config files
[21.515s] Level 1:colcon.colcon_core.shell:create_environment_hook('rplidar_ros', 'cmake_prefix_path')
[21.516s] INFO:colcon.colcon_core.shell:Creating environment hook '/home/ljhua/ROBOCON2026/lidar_test/CSU-RM-Sentry/install/rplidar_ros/share/rplidar_ros/hook/cmake_prefix_path.ps1'
[21.516s] INFO:colcon.colcon_core.shell:Creating environment descriptor '/home/ljhua/ROBOCON2026/lidar_test/CSU-RM-Sentry/install/rplidar_ros/share/rplidar_ros/hook/cmake_prefix_path.dsv'
[21.517s] INFO:colcon.colcon_core.shell:Creating environment hook '/home/ljhua/ROBOCON2026/lidar_test/CSU-RM-Sentry/install/rplidar_ros/share/rplidar_ros/hook/cmake_prefix_path.sh'
[21.517s] DEBUG:colcon.colcon_core.event_handler.log_command:Invoked command in '/home/ljhua/ROBOCON2026/lidar_test/CSU-RM-Sentry/build/rplidar_ros' returned '0': CMAKE_PREFIX_PATH=/opt/ros/humble /usr/bin/cmake --install /home/ljhua/ROBOCON2026/lidar_test/CSU-RM-Sentry/build/rplidar_ros
[21.518s] Level 1:colcon.colcon_core.environment:checking '/home/ljhua/ROBOCON2026/lidar_test/CSU-RM-Sentry/install/rplidar_ros/lib'
[21.518s] Level 1:colcon.colcon_core.environment:checking '/home/ljhua/ROBOCON2026/lidar_test/CSU-RM-Sentry/install/rplidar_ros/bin'
[21.518s] Level 1:colcon.colcon_core.environment:checking '/home/ljhua/ROBOCON2026/lidar_test/CSU-RM-Sentry/install/rplidar_ros/lib/pkgconfig/rplidar_ros.pc'
[21.519s] Level 1:colcon.colcon_core.environment:checking '/home/ljhua/ROBOCON2026/lidar_test/CSU-RM-Sentry/install/rplidar_ros/lib/python3.10/site-packages'
[21.519s] Level 1:colcon.colcon_core.environment:checking '/home/ljhua/ROBOCON2026/lidar_test/CSU-RM-Sentry/install/rplidar_ros/bin'
[21.520s] INFO:colcon.colcon_core.shell:Creating package script '/home/ljhua/ROBOCON2026/lidar_test/CSU-RM-Sentry/install/rplidar_ros/share/rplidar_ros/package.ps1'
[21.520s] INFO:colcon.colcon_core.shell:Creating package descriptor '/home/ljhua/ROBOCON2026/lidar_test/CSU-RM-Sentry/install/rplidar_ros/share/rplidar_ros/package.dsv'
[21.521s] INFO:colcon.colcon_core.shell:Creating package script '/home/ljhua/ROBOCON2026/lidar_test/CSU-RM-Sentry/install/rplidar_ros/share/rplidar_ros/package.sh'
[21.521s] INFO:colcon.colcon_core.shell:Creating package script '/home/ljhua/ROBOCON2026/lidar_test/CSU-RM-Sentry/install/rplidar_ros/share/rplidar_ros/package.bash'
[21.522s] INFO:colcon.colcon_core.shell:Creating package script '/home/ljhua/ROBOCON2026/lidar_test/CSU-RM-Sentry/install/rplidar_ros/share/rplidar_ros/package.zsh'
[21.522s] Level 1:colcon.colcon_core.environment:create_file_with_runtime_dependencies(/home/ljhua/ROBOCON2026/lidar_test/CSU-RM-Sentry/install/rplidar_ros/share/colcon-core/packages/rplidar_ros)
[21.523s] Level 1:colcon.colcon_core.environment:create_environment_scripts_only(rplidar_ros)
[21.524s] Level 1:colcon.colcon_core.environment:checking '/home/ljhua/ROBOCON2026/lidar_test/CSU-RM-Sentry/install/rplidar_ros' for CMake module files
[21.524s] Level 1:colcon.colcon_core.environment:checking '/home/ljhua/ROBOCON2026/lidar_test/CSU-RM-Sentry/install/rplidar_ros' for CMake config files
[21.525s] Level 1:colcon.colcon_core.shell:create_environment_hook('rplidar_ros', 'cmake_prefix_path')
[21.525s] INFO:colcon.colcon_core.shell:Creating environment hook '/home/ljhua/ROBOCON2026/lidar_test/CSU-RM-Sentry/install/rplidar_ros/share/rplidar_ros/hook/cmake_prefix_path.ps1'
[21.526s] INFO:colcon.colcon_core.shell:Creating environment descriptor '/home/ljhua/ROBOCON2026/lidar_test/CSU-RM-Sentry/install/rplidar_ros/share/rplidar_ros/hook/cmake_prefix_path.dsv'
[21.526s] INFO:colcon.colcon_core.shell:Creating environment hook '/home/ljhua/ROBOCON2026/lidar_test/CSU-RM-Sentry/install/rplidar_ros/share/rplidar_ros/hook/cmake_prefix_path.sh'
[21.527s] Level 1:colcon.colcon_core.environment:checking '/home/ljhua/ROBOCON2026/lidar_test/CSU-RM-Sentry/install/rplidar_ros/lib'
[21.527s] Level 1:colcon.colcon_core.environment:checking '/home/ljhua/ROBOCON2026/lidar_test/CSU-RM-Sentry/install/rplidar_ros/bin'
[21.528s] Level 1:colcon.colcon_core.environment:checking '/home/ljhua/ROBOCON2026/lidar_test/CSU-RM-Sentry/install/rplidar_ros/lib/pkgconfig/rplidar_ros.pc'
[21.528s] Level 1:colcon.colcon_core.environment:checking '/home/ljhua/ROBOCON2026/lidar_test/CSU-RM-Sentry/install/rplidar_ros/lib/python3.10/site-packages'
[21.528s] Level 1:colcon.colcon_core.environment:checking '/home/ljhua/ROBOCON2026/lidar_test/CSU-RM-Sentry/install/rplidar_ros/bin'
[21.529s] INFO:colcon.colcon_core.shell:Creating package script '/home/ljhua/ROBOCON2026/lidar_test/CSU-RM-Sentry/install/rplidar_ros/share/rplidar_ros/package.ps1'
[21.529s] INFO:colcon.colcon_core.shell:Creating package descriptor '/home/ljhua/ROBOCON2026/lidar_test/CSU-RM-Sentry/install/rplidar_ros/share/rplidar_ros/package.dsv'
[21.530s] INFO:colcon.colcon_core.shell:Creating package script '/home/ljhua/ROBOCON2026/lidar_test/CSU-RM-Sentry/install/rplidar_ros/share/rplidar_ros/package.sh'
[21.531s] INFO:colcon.colcon_core.shell:Creating package script '/home/ljhua/ROBOCON2026/lidar_test/CSU-RM-Sentry/install/rplidar_ros/share/rplidar_ros/package.bash'
[21.531s] INFO:colcon.colcon_core.shell:Creating package script '/home/ljhua/ROBOCON2026/lidar_test/CSU-RM-Sentry/install/rplidar_ros/share/rplidar_ros/package.zsh'
[21.532s] Level 1:colcon.colcon_core.environment:create_file_with_runtime_dependencies(/home/ljhua/ROBOCON2026/lidar_test/CSU-RM-Sentry/install/rplidar_ros/share/colcon-core/packages/rplidar_ros)
[24.722s] DEBUG:colcon.colcon_core.event_handler.log_command:Invoked command in '/home/ljhua/ROBOCON2026/lidar_test/CSU-RM-Sentry/build/linefit_ground_segmentation_ros' returned '0': AMENT_PREFIX_PATH=/home/ljhua/ROBOCON2026/lidar_test/CSU-RM-Sentry/install/linefit_ground_segmentation:${AMENT_PREFIX_PATH} CMAKE_PREFIX_PATH=/home/ljhua/ROBOCON2026/lidar_test/CSU-RM-Sentry/install/linefit_ground_segmentation:/opt/ros/humble LD_LIBRARY_PATH=/home/ljhua/ROBOCON2026/lidar_test/CSU-RM-Sentry/install/linefit_ground_segmentation/lib:${LD_LIBRARY_PATH} /usr/bin/cmake /home/ljhua/ROBOCON2026/lidar_test/CSU-RM-Sentry/src/rm_perception/linefit_ground_segementation_ros2/linefit_ground_segmentation_ros -DAMENT_CMAKE_SYMLINK_INSTALL=1 -DCMAKE_INSTALL_PREFIX=/home/ljhua/ROBOCON2026/lidar_test/CSU-RM-Sentry/install/linefit_ground_segmentation_ros
[24.722s] DEBUG:colcon.colcon_core.event_handler.log_command:Invoking command in '/home/ljhua/ROBOCON2026/lidar_test/CSU-RM-Sentry/build/linefit_ground_segmentation_ros': AMENT_PREFIX_PATH=/home/ljhua/ROBOCON2026/lidar_test/CSU-RM-Sentry/install/linefit_ground_segmentation:${AMENT_PREFIX_PATH} CMAKE_PREFIX_PATH=/home/ljhua/ROBOCON2026/lidar_test/CSU-RM-Sentry/install/linefit_ground_segmentation:/opt/ros/humble LD_LIBRARY_PATH=/home/ljhua/ROBOCON2026/lidar_test/CSU-RM-Sentry/install/linefit_ground_segmentation/lib:${LD_LIBRARY_PATH} /usr/bin/cmake --build /home/ljhua/ROBOCON2026/lidar_test/CSU-RM-Sentry/build/linefit_ground_segmentation_ros -- -j20 -l20
[27.057s] DEBUG:colcon.colcon_core.event_handler.log_command:Invoked command in '/home/ljhua/ROBOCON2026/lidar_test/CSU-RM-Sentry/build/livox_ros_driver2' returned '0': CMAKE_PREFIX_PATH=/opt/ros/humble /usr/bin/cmake --build /home/ljhua/ROBOCON2026/lidar_test/CSU-RM-Sentry/build/livox_ros_driver2 -- -j20 -l20
[27.059s] DEBUG:colcon.colcon_core.event_handler.log_command:Invoking command in '/home/ljhua/ROBOCON2026/lidar_test/CSU-RM-Sentry/build/livox_ros_driver2': CMAKE_PREFIX_PATH=/opt/ros/humble /usr/bin/cmake --install /home/ljhua/ROBOCON2026/lidar_test/CSU-RM-Sentry/build/livox_ros_driver2
[27.824s] Level 1:colcon.colcon_core.environment:create_environment_scripts_only(livox_ros_driver2)
[27.824s] Level 1:colcon.colcon_core.environment:checking '/home/ljhua/ROBOCON2026/lidar_test/CSU-RM-Sentry/install/livox_ros_driver2' for CMake module files
[27.825s] DEBUG:colcon.colcon_core.event_handler.log_command:Invoked command in '/home/ljhua/ROBOCON2026/lidar_test/CSU-RM-Sentry/build/livox_ros_driver2' returned '0': CMAKE_PREFIX_PATH=/opt/ros/humble /usr/bin/cmake --install /home/ljhua/ROBOCON2026/lidar_test/CSU-RM-Sentry/build/livox_ros_driver2
[27.825s] Level 1:colcon.colcon_core.environment:checking '/home/ljhua/ROBOCON2026/lidar_test/CSU-RM-Sentry/install/livox_ros_driver2' for CMake config files
[27.826s] Level 1:colcon.colcon_core.shell:create_environment_hook('livox_ros_driver2', 'cmake_prefix_path')
[27.826s] INFO:colcon.colcon_core.shell:Creating environment hook '/home/ljhua/ROBOCON2026/lidar_test/CSU-RM-Sentry/install/livox_ros_driver2/share/livox_ros_driver2/hook/cmake_prefix_path.ps1'
[27.827s] INFO:colcon.colcon_core.shell:Creating environment descriptor '/home/ljhua/ROBOCON2026/lidar_test/CSU-RM-Sentry/install/livox_ros_driver2/share/livox_ros_driver2/hook/cmake_prefix_path.dsv'
[27.827s] INFO:colcon.colcon_core.shell:Creating environment hook '/home/ljhua/ROBOCON2026/lidar_test/CSU-RM-Sentry/install/livox_ros_driver2/share/livox_ros_driver2/hook/cmake_prefix_path.sh'
[27.828s] Level 1:colcon.colcon_core.environment:checking '/home/ljhua/ROBOCON2026/lidar_test/CSU-RM-Sentry/install/livox_ros_driver2/lib'
[27.828s] Level 1:colcon.colcon_core.shell:create_environment_hook('livox_ros_driver2', 'ld_library_path_lib')
[27.828s] INFO:colcon.colcon_core.shell:Creating environment hook '/home/ljhua/ROBOCON2026/lidar_test/CSU-RM-Sentry/install/livox_ros_driver2/share/livox_ros_driver2/hook/ld_library_path_lib.ps1'
[27.829s] INFO:colcon.colcon_core.shell:Creating environment descriptor '/home/ljhua/ROBOCON2026/lidar_test/CSU-RM-Sentry/install/livox_ros_driver2/share/livox_ros_driver2/hook/ld_library_path_lib.dsv'
[27.829s] INFO:colcon.colcon_core.shell:Creating environment hook '/home/ljhua/ROBOCON2026/lidar_test/CSU-RM-Sentry/install/livox_ros_driver2/share/livox_ros_driver2/hook/ld_library_path_lib.sh'
[27.830s] Level 1:colcon.colcon_core.environment:checking '/home/ljhua/ROBOCON2026/lidar_test/CSU-RM-Sentry/install/livox_ros_driver2/bin'
[27.830s] Level 1:colcon.colcon_core.environment:checking '/home/ljhua/ROBOCON2026/lidar_test/CSU-RM-Sentry/install/livox_ros_driver2/lib/pkgconfig/livox_ros_driver2.pc'
[27.830s] Level 1:colcon.colcon_core.environment:checking '/home/ljhua/ROBOCON2026/lidar_test/CSU-RM-Sentry/install/livox_ros_driver2/lib/python3.10/site-packages'
[27.830s] Level 1:colcon.colcon_core.environment:checking '/home/ljhua/ROBOCON2026/lidar_test/CSU-RM-Sentry/install/livox_ros_driver2/bin'
[27.831s] INFO:colcon.colcon_core.shell:Creating package script '/home/ljhua/ROBOCON2026/lidar_test/CSU-RM-Sentry/install/livox_ros_driver2/share/livox_ros_driver2/package.ps1'
[27.831s] INFO:colcon.colcon_core.shell:Creating package descriptor '/home/ljhua/ROBOCON2026/lidar_test/CSU-RM-Sentry/install/livox_ros_driver2/share/livox_ros_driver2/package.dsv'
[27.832s] INFO:colcon.colcon_core.shell:Creating package script '/home/ljhua/ROBOCON2026/lidar_test/CSU-RM-Sentry/install/livox_ros_driver2/share/livox_ros_driver2/package.sh'
[27.832s] INFO:colcon.colcon_core.shell:Creating package script '/home/ljhua/ROBOCON2026/lidar_test/CSU-RM-Sentry/install/livox_ros_driver2/share/livox_ros_driver2/package.bash'
[27.832s] INFO:colcon.colcon_core.shell:Creating package script '/home/ljhua/ROBOCON2026/lidar_test/CSU-RM-Sentry/install/livox_ros_driver2/share/livox_ros_driver2/package.zsh'
[27.833s] Level 1:colcon.colcon_core.environment:create_file_with_runtime_dependencies(/home/ljhua/ROBOCON2026/lidar_test/CSU-RM-Sentry/install/livox_ros_driver2/share/colcon-core/packages/livox_ros_driver2)
[27.833s] Level 1:colcon.colcon_core.environment:create_environment_scripts_only(livox_ros_driver2)
[27.833s] Level 1:colcon.colcon_core.environment:checking '/home/ljhua/ROBOCON2026/lidar_test/CSU-RM-Sentry/install/livox_ros_driver2' for CMake module files
[27.834s] Level 1:colcon.colcon_core.environment:checking '/home/ljhua/ROBOCON2026/lidar_test/CSU-RM-Sentry/install/livox_ros_driver2' for CMake config files
[27.835s] Level 1:colcon.colcon_core.shell:create_environment_hook('livox_ros_driver2', 'cmake_prefix_path')
[27.835s] INFO:colcon.colcon_core.shell:Creating environment hook '/home/ljhua/ROBOCON2026/lidar_test/CSU-RM-Sentry/install/livox_ros_driver2/share/livox_ros_driver2/hook/cmake_prefix_path.ps1'
[27.836s] INFO:colcon.colcon_core.shell:Creating environment descriptor '/home/ljhua/ROBOCON2026/lidar_test/CSU-RM-Sentry/install/livox_ros_driver2/share/livox_ros_driver2/hook/cmake_prefix_path.dsv'
[27.836s] INFO:colcon.colcon_core.shell:Creating environment hook '/home/ljhua/ROBOCON2026/lidar_test/CSU-RM-Sentry/install/livox_ros_driver2/share/livox_ros_driver2/hook/cmake_prefix_path.sh'
[27.837s] Level 1:colcon.colcon_core.environment:checking '/home/ljhua/ROBOCON2026/lidar_test/CSU-RM-Sentry/install/livox_ros_driver2/lib'
[27.837s] Level 1:colcon.colcon_core.shell:create_environment_hook('livox_ros_driver2', 'ld_library_path_lib')
[27.838s] INFO:colcon.colcon_core.shell:Creating environment hook '/home/ljhua/ROBOCON2026/lidar_test/CSU-RM-Sentry/install/livox_ros_driver2/share/livox_ros_driver2/hook/ld_library_path_lib.ps1'
[27.838s] INFO:colcon.colcon_core.shell:Creating environment descriptor '/home/ljhua/ROBOCON2026/lidar_test/CSU-RM-Sentry/install/livox_ros_driver2/share/livox_ros_driver2/hook/ld_library_path_lib.dsv'
[27.839s] INFO:colcon.colcon_core.shell:Creating environment hook '/home/ljhua/ROBOCON2026/lidar_test/CSU-RM-Sentry/install/livox_ros_driver2/share/livox_ros_driver2/hook/ld_library_path_lib.sh'
[27.839s] Level 1:colcon.colcon_core.environment:checking '/home/ljhua/ROBOCON2026/lidar_test/CSU-RM-Sentry/install/livox_ros_driver2/bin'
[27.839s] Level 1:colcon.colcon_core.environment:checking '/home/ljhua/ROBOCON2026/lidar_test/CSU-RM-Sentry/install/livox_ros_driver2/lib/pkgconfig/livox_ros_driver2.pc'
[27.840s] Level 1:colcon.colcon_core.environment:checking '/home/ljhua/ROBOCON2026/lidar_test/CSU-RM-Sentry/install/livox_ros_driver2/lib/python3.10/site-packages'
[27.840s] Level 1:colcon.colcon_core.environment:checking '/home/ljhua/ROBOCON2026/lidar_test/CSU-RM-Sentry/install/livox_ros_driver2/bin'
[27.840s] INFO:colcon.colcon_core.shell:Creating package script '/home/ljhua/ROBOCON2026/lidar_test/CSU-RM-Sentry/install/livox_ros_driver2/share/livox_ros_driver2/package.ps1'
[27.841s] INFO:colcon.colcon_core.shell:Creating package descriptor '/home/ljhua/ROBOCON2026/lidar_test/CSU-RM-Sentry/install/livox_ros_driver2/share/livox_ros_driver2/package.dsv'
[27.842s] INFO:colcon.colcon_core.shell:Creating package script '/home/ljhua/ROBOCON2026/lidar_test/CSU-RM-Sentry/install/livox_ros_driver2/share/livox_ros_driver2/package.sh'
[27.842s] INFO:colcon.colcon_core.shell:Creating package script '/home/ljhua/ROBOCON2026/lidar_test/CSU-RM-Sentry/install/livox_ros_driver2/share/livox_ros_driver2/package.bash'
[27.843s] INFO:colcon.colcon_core.shell:Creating package script '/home/ljhua/ROBOCON2026/lidar_test/CSU-RM-Sentry/install/livox_ros_driver2/share/livox_ros_driver2/package.zsh'
[27.843s] Level 1:colcon.colcon_core.environment:create_file_with_runtime_dependencies(/home/ljhua/ROBOCON2026/lidar_test/CSU-RM-Sentry/install/livox_ros_driver2/share/colcon-core/packages/livox_ros_driver2)
[27.844s] INFO:colcon.colcon_ros.task.ament_cmake.build:Building ROS package in '/home/ljhua/ROBOCON2026/lidar_test/CSU-RM-Sentry/src/rm_localization/fast_lio' with build type 'ament_cmake'
[27.844s] INFO:colcon.colcon_cmake.task.cmake.build:Building CMake package in '/home/ljhua/ROBOCON2026/lidar_test/CSU-RM-Sentry/src/rm_localization/fast_lio'
[27.844s] INFO:colcon.colcon_core.shell:Skip shell extension 'powershell' for command environment: Not usable outside of PowerShell
[27.844s] DEBUG:colcon.colcon_core.shell:Skip shell extension 'dsv' for command environment
[27.854s] DEBUG:colcon.colcon_core.event_handler.log_command:Invoking command in '/home/ljhua/ROBOCON2026/lidar_test/CSU-RM-Sentry/build/fast_lio': AMENT_PREFIX_PATH=/home/ljhua/ROBOCON2026/lidar_test/CSU-RM-Sentry/install/livox_ros_driver2:${AMENT_PREFIX_PATH} CMAKE_PREFIX_PATH=/home/ljhua/ROBOCON2026/lidar_test/CSU-RM-Sentry/install/livox_ros_driver2:/opt/ros/humble LD_LIBRARY_PATH=/home/ljhua/ROBOCON2026/lidar_test/CSU-RM-Sentry/install/livox_ros_driver2/lib:${LD_LIBRARY_PATH} PYTHONPATH=/home/ljhua/ROBOCON2026/lidar_test/CSU-RM-Sentry/install/livox_ros_driver2/local/lib/python3.10/dist-packages:${PYTHONPATH} /usr/bin/cmake /home/ljhua/ROBOCON2026/lidar_test/CSU-RM-Sentry/src/rm_localization/fast_lio -DAMENT_CMAKE_SYMLINK_INSTALL=1 -DCMAKE_INSTALL_PREFIX=/home/ljhua/ROBOCON2026/lidar_test/CSU-RM-Sentry/install/fast_lio
[32.459s] DEBUG:colcon.colcon_core.event_handler.log_command:Invoked command in '/home/ljhua/ROBOCON2026/lidar_test/CSU-RM-Sentry/build/fast_lio' returned '0': AMENT_PREFIX_PATH=/home/ljhua/ROBOCON2026/lidar_test/CSU-RM-Sentry/install/livox_ros_driver2:${AMENT_PREFIX_PATH} CMAKE_PREFIX_PATH=/home/ljhua/ROBOCON2026/lidar_test/CSU-RM-Sentry/install/livox_ros_driver2:/opt/ros/humble LD_LIBRARY_PATH=/home/ljhua/ROBOCON2026/lidar_test/CSU-RM-Sentry/install/livox_ros_driver2/lib:${LD_LIBRARY_PATH} PYTHONPATH=/home/ljhua/ROBOCON2026/lidar_test/CSU-RM-Sentry/install/livox_ros_driver2/local/lib/python3.10/dist-packages:${PYTHONPATH} /usr/bin/cmake /home/ljhua/ROBOCON2026/lidar_test/CSU-RM-Sentry/src/rm_localization/fast_lio -DAMENT_CMAKE_SYMLINK_INSTALL=1 -DCMAKE_INSTALL_PREFIX=/home/ljhua/ROBOCON2026/lidar_test/CSU-RM-Sentry/install/fast_lio
[32.461s] DEBUG:colcon.colcon_core.event_handler.log_command:Invoking command in '/home/ljhua/ROBOCON2026/lidar_test/CSU-RM-Sentry/build/fast_lio': AMENT_PREFIX_PATH=/home/ljhua/ROBOCON2026/lidar_test/CSU-RM-Sentry/install/livox_ros_driver2:${AMENT_PREFIX_PATH} CMAKE_PREFIX_PATH=/home/ljhua/ROBOCON2026/lidar_test/CSU-RM-Sentry/install/livox_ros_driver2:/opt/ros/humble LD_LIBRARY_PATH=/home/ljhua/ROBOCON2026/lidar_test/CSU-RM-Sentry/install/livox_ros_driver2/lib:${LD_LIBRARY_PATH} PYTHONPATH=/home/ljhua/ROBOCON2026/lidar_test/CSU-RM-Sentry/install/livox_ros_driver2/local/lib/python3.10/dist-packages:${PYTHONPATH} /usr/bin/cmake --build /home/ljhua/ROBOCON2026/lidar_test/CSU-RM-Sentry/build/fast_lio -- -j20 -l20
[33.185s] DEBUG:colcon.colcon_core.event_handler.log_command:Invoked command in '/home/ljhua/ROBOCON2026/lidar_test/CSU-RM-Sentry/build/imu_complementary_filter' returned '0': CMAKE_PREFIX_PATH=/opt/ros/humble /usr/bin/cmake --build /home/ljhua/ROBOCON2026/lidar_test/CSU-RM-Sentry/build/imu_complementary_filter -- -j20 -l20
[33.187s] DEBUG:colcon.colcon_core.event_handler.log_command:Invoking command in '/home/ljhua/ROBOCON2026/lidar_test/CSU-RM-Sentry/build/imu_complementary_filter': CMAKE_PREFIX_PATH=/opt/ros/humble /usr/bin/cmake --install /home/ljhua/ROBOCON2026/lidar_test/CSU-RM-Sentry/build/imu_complementary_filter
[33.418s] Level 1:colcon.colcon_core.environment:create_environment_scripts_only(imu_complementary_filter)
[33.418s] Level 1:colcon.colcon_core.environment:checking '/home/ljhua/ROBOCON2026/lidar_test/CSU-RM-Sentry/install/imu_complementary_filter' for CMake module files
[33.419s] Level 1:colcon.colcon_core.environment:checking '/home/ljhua/ROBOCON2026/lidar_test/CSU-RM-Sentry/install/imu_complementary_filter' for CMake config files
[33.419s] Level 1:colcon.colcon_core.shell:create_environment_hook('imu_complementary_filter', 'cmake_prefix_path')
[33.419s] INFO:colcon.colcon_core.shell:Creating environment hook '/home/ljhua/ROBOCON2026/lidar_test/CSU-RM-Sentry/install/imu_complementary_filter/share/imu_complementary_filter/hook/cmake_prefix_path.ps1'
[33.420s] INFO:colcon.colcon_core.shell:Creating environment descriptor '/home/ljhua/ROBOCON2026/lidar_test/CSU-RM-Sentry/install/imu_complementary_filter/share/imu_complementary_filter/hook/cmake_prefix_path.dsv'
[33.420s] INFO:colcon.colcon_core.shell:Creating environment hook '/home/ljhua/ROBOCON2026/lidar_test/CSU-RM-Sentry/install/imu_complementary_filter/share/imu_complementary_filter/hook/cmake_prefix_path.sh'
[33.420s] Level 1:colcon.colcon_core.environment:checking '/home/ljhua/ROBOCON2026/lidar_test/CSU-RM-Sentry/install/imu_complementary_filter/lib'
[33.421s] Level 1:colcon.colcon_core.shell:create_environment_hook('imu_complementary_filter', 'ld_library_path_lib')
[33.421s] INFO:colcon.colcon_core.shell:Creating environment hook '/home/ljhua/ROBOCON2026/lidar_test/CSU-RM-Sentry/install/imu_complementary_filter/share/imu_complementary_filter/hook/ld_library_path_lib.ps1'
[33.421s] DEBUG:colcon.colcon_core.event_handler.log_command:Invoked command in '/home/ljhua/ROBOCON2026/lidar_test/CSU-RM-Sentry/build/imu_complementary_filter' returned '0': CMAKE_PREFIX_PATH=/opt/ros/humble /usr/bin/cmake --install /home/ljhua/ROBOCON2026/lidar_test/CSU-RM-Sentry/build/imu_complementary_filter
[33.422s] INFO:colcon.colcon_core.shell:Creating environment descriptor '/home/ljhua/ROBOCON2026/lidar_test/CSU-RM-Sentry/install/imu_complementary_filter/share/imu_complementary_filter/hook/ld_library_path_lib.dsv'
[33.422s] INFO:colcon.colcon_core.shell:Creating environment hook '/home/ljhua/ROBOCON2026/lidar_test/CSU-RM-Sentry/install/imu_complementary_filter/share/imu_complementary_filter/hook/ld_library_path_lib.sh'
[33.422s] Level 1:colcon.colcon_core.environment:checking '/home/ljhua/ROBOCON2026/lidar_test/CSU-RM-Sentry/install/imu_complementary_filter/bin'
[33.422s] Level 1:colcon.colcon_core.environment:checking '/home/ljhua/ROBOCON2026/lidar_test/CSU-RM-Sentry/install/imu_complementary_filter/lib/pkgconfig/imu_complementary_filter.pc'
[33.423s] Level 1:colcon.colcon_core.environment:checking '/home/ljhua/ROBOCON2026/lidar_test/CSU-RM-Sentry/install/imu_complementary_filter/lib/python3.10/site-packages'
[33.423s] Level 1:colcon.colcon_core.environment:checking '/home/ljhua/ROBOCON2026/lidar_test/CSU-RM-Sentry/install/imu_complementary_filter/bin'
[33.423s] INFO:colcon.colcon_core.shell:Creating package script '/home/ljhua/ROBOCON2026/lidar_test/CSU-RM-Sentry/install/imu_complementary_filter/share/imu_complementary_filter/package.ps1'
[33.424s] INFO:colcon.colcon_core.shell:Creating package descriptor '/home/ljhua/ROBOCON2026/lidar_test/CSU-RM-Sentry/install/imu_complementary_filter/share/imu_complementary_filter/package.dsv'
[33.424s] INFO:colcon.colcon_core.shell:Creating package script '/home/ljhua/ROBOCON2026/lidar_test/CSU-RM-Sentry/install/imu_complementary_filter/share/imu_complementary_filter/package.sh'
[33.425s] INFO:colcon.colcon_core.shell:Creating package script '/home/ljhua/ROBOCON2026/lidar_test/CSU-RM-Sentry/install/imu_complementary_filter/share/imu_complementary_filter/package.bash'
[33.425s] INFO:colcon.colcon_core.shell:Creating package script '/home/ljhua/ROBOCON2026/lidar_test/CSU-RM-Sentry/install/imu_complementary_filter/share/imu_complementary_filter/package.zsh'
[33.425s] Level 1:colcon.colcon_core.environment:create_file_with_runtime_dependencies(/home/ljhua/ROBOCON2026/lidar_test/CSU-RM-Sentry/install/imu_complementary_filter/share/colcon-core/packages/imu_complementary_filter)
[33.426s] Level 1:colcon.colcon_core.environment:create_environment_scripts_only(imu_complementary_filter)
[33.426s] Level 1:colcon.colcon_core.environment:checking '/home/ljhua/ROBOCON2026/lidar_test/CSU-RM-Sentry/install/imu_complementary_filter' for CMake module files
[33.427s] Level 1:colcon.colcon_core.environment:checking '/home/ljhua/ROBOCON2026/lidar_test/CSU-RM-Sentry/install/imu_complementary_filter' for CMake config files
[33.427s] Level 1:colcon.colcon_core.shell:create_environment_hook('imu_complementary_filter', 'cmake_prefix_path')
[33.427s] INFO:colcon.colcon_core.shell:Creating environment hook '/home/ljhua/ROBOCON2026/lidar_test/CSU-RM-Sentry/install/imu_complementary_filter/share/imu_complementary_filter/hook/cmake_prefix_path.ps1'
[33.428s] INFO:colcon.colcon_core.shell:Creating environment descriptor '/home/ljhua/ROBOCON2026/lidar_test/CSU-RM-Sentry/install/imu_complementary_filter/share/imu_complementary_filter/hook/cmake_prefix_path.dsv'
[33.428s] INFO:colcon.colcon_core.shell:Creating environment hook '/home/ljhua/ROBOCON2026/lidar_test/CSU-RM-Sentry/install/imu_complementary_filter/share/imu_complementary_filter/hook/cmake_prefix_path.sh'
[33.429s] Level 1:colcon.colcon_core.environment:checking '/home/ljhua/ROBOCON2026/lidar_test/CSU-RM-Sentry/install/imu_complementary_filter/lib'
[33.429s] Level 1:colcon.colcon_core.shell:create_environment_hook('imu_complementary_filter', 'ld_library_path_lib')
[33.430s] INFO:colcon.colcon_core.shell:Creating environment hook '/home/ljhua/ROBOCON2026/lidar_test/CSU-RM-Sentry/install/imu_complementary_filter/share/imu_complementary_filter/hook/ld_library_path_lib.ps1'
[33.430s] INFO:colcon.colcon_core.shell:Creating environment descriptor '/home/ljhua/ROBOCON2026/lidar_test/CSU-RM-Sentry/install/imu_complementary_filter/share/imu_complementary_filter/hook/ld_library_path_lib.dsv'
[33.431s] INFO:colcon.colcon_core.shell:Creating environment hook '/home/ljhua/ROBOCON2026/lidar_test/CSU-RM-Sentry/install/imu_complementary_filter/share/imu_complementary_filter/hook/ld_library_path_lib.sh'
[33.431s] Level 1:colcon.colcon_core.environment:checking '/home/ljhua/ROBOCON2026/lidar_test/CSU-RM-Sentry/install/imu_complementary_filter/bin'
[33.431s] Level 1:colcon.colcon_core.environment:checking '/home/ljhua/ROBOCON2026/lidar_test/CSU-RM-Sentry/install/imu_complementary_filter/lib/pkgconfig/imu_complementary_filter.pc'
[33.432s] Level 1:colcon.colcon_core.environment:checking '/home/ljhua/ROBOCON2026/lidar_test/CSU-RM-Sentry/install/imu_complementary_filter/lib/python3.10/site-packages'
[33.432s] Level 1:colcon.colcon_core.environment:checking '/home/ljhua/ROBOCON2026/lidar_test/CSU-RM-Sentry/install/imu_complementary_filter/bin'
[33.432s] INFO:colcon.colcon_core.shell:Creating package script '/home/ljhua/ROBOCON2026/lidar_test/CSU-RM-Sentry/install/imu_complementary_filter/share/imu_complementary_filter/package.ps1'
[33.433s] INFO:colcon.colcon_core.shell:Creating package descriptor '/home/ljhua/ROBOCON2026/lidar_test/CSU-RM-Sentry/install/imu_complementary_filter/share/imu_complementary_filter/package.dsv'
[33.434s] INFO:colcon.colcon_core.shell:Creating package script '/home/ljhua/ROBOCON2026/lidar_test/CSU-RM-Sentry/install/imu_complementary_filter/share/imu_complementary_filter/package.sh'
[33.434s] INFO:colcon.colcon_core.shell:Creating package script '/home/ljhua/ROBOCON2026/lidar_test/CSU-RM-Sentry/install/imu_complementary_filter/share/imu_complementary_filter/package.bash'
[33.435s] INFO:colcon.colcon_core.shell:Creating package script '/home/ljhua/ROBOCON2026/lidar_test/CSU-RM-Sentry/install/imu_complementary_filter/share/imu_complementary_filter/package.zsh'
[33.435s] Level 1:colcon.colcon_core.environment:create_file_with_runtime_dependencies(/home/ljhua/ROBOCON2026/lidar_test/CSU-RM-Sentry/install/imu_complementary_filter/share/colcon-core/packages/imu_complementary_filter)
[39.779s] DEBUG:colcon.colcon_core.event_handler.log_command:Invoked command in '/home/ljhua/ROBOCON2026/lidar_test/CSU-RM-Sentry/build/icp_localization_ros2' returned '0': CMAKE_PREFIX_PATH=/opt/ros/humble /usr/bin/cmake --build /home/ljhua/ROBOCON2026/lidar_test/CSU-RM-Sentry/build/icp_localization_ros2 -- -j20 -l20
[39.781s] DEBUG:colcon.colcon_core.event_handler.log_command:Invoking command in '/home/ljhua/ROBOCON2026/lidar_test/CSU-RM-Sentry/build/icp_localization_ros2': CMAKE_PREFIX_PATH=/opt/ros/humble /usr/bin/cmake --install /home/ljhua/ROBOCON2026/lidar_test/CSU-RM-Sentry/build/icp_localization_ros2
[40.139s] Level 1:colcon.colcon_core.environment:create_environment_scripts_only(icp_localization_ros2)
[40.140s] Level 1:colcon.colcon_core.environment:checking '/home/ljhua/ROBOCON2026/lidar_test/CSU-RM-Sentry/install/icp_localization_ros2' for CMake module files
[40.140s] DEBUG:colcon.colcon_core.event_handler.log_command:Invoked command in '/home/ljhua/ROBOCON2026/lidar_test/CSU-RM-Sentry/build/icp_localization_ros2' returned '0': CMAKE_PREFIX_PATH=/opt/ros/humble /usr/bin/cmake --install /home/ljhua/ROBOCON2026/lidar_test/CSU-RM-Sentry/build/icp_localization_ros2
[40.141s] Level 1:colcon.colcon_core.environment:checking '/home/ljhua/ROBOCON2026/lidar_test/CSU-RM-Sentry/install/icp_localization_ros2' for CMake config files
[40.141s] Level 1:colcon.colcon_core.shell:create_environment_hook('icp_localization_ros2', 'cmake_prefix_path')
[40.142s] INFO:colcon.colcon_core.shell:Creating environment hook '/home/ljhua/ROBOCON2026/lidar_test/CSU-RM-Sentry/install/icp_localization_ros2/share/icp_localization_ros2/hook/cmake_prefix_path.ps1'
[40.142s] INFO:colcon.colcon_core.shell:Creating environment descriptor '/home/ljhua/ROBOCON2026/lidar_test/CSU-RM-Sentry/install/icp_localization_ros2/share/icp_localization_ros2/hook/cmake_prefix_path.dsv'
[40.143s] INFO:colcon.colcon_core.shell:Creating environment hook '/home/ljhua/ROBOCON2026/lidar_test/CSU-RM-Sentry/install/icp_localization_ros2/share/icp_localization_ros2/hook/cmake_prefix_path.sh'
[40.143s] Level 1:colcon.colcon_core.environment:checking '/home/ljhua/ROBOCON2026/lidar_test/CSU-RM-Sentry/install/icp_localization_ros2/lib'
[40.143s] Level 1:colcon.colcon_core.environment:checking '/home/ljhua/ROBOCON2026/lidar_test/CSU-RM-Sentry/install/icp_localization_ros2/bin'
[40.143s] Level 1:colcon.colcon_core.environment:checking '/home/ljhua/ROBOCON2026/lidar_test/CSU-RM-Sentry/install/icp_localization_ros2/lib/pkgconfig/icp_localization_ros2.pc'
[40.144s] Level 1:colcon.colcon_core.environment:checking '/home/ljhua/ROBOCON2026/lidar_test/CSU-RM-Sentry/install/icp_localization_ros2/lib/python3.10/site-packages'
[40.144s] Level 1:colcon.colcon_core.environment:checking '/home/ljhua/ROBOCON2026/lidar_test/CSU-RM-Sentry/install/icp_localization_ros2/bin'
[40.145s] INFO:colcon.colcon_core.shell:Creating package script '/home/ljhua/ROBOCON2026/lidar_test/CSU-RM-Sentry/install/icp_localization_ros2/share/icp_localization_ros2/package.ps1'
[40.145s] INFO:colcon.colcon_core.shell:Creating package descriptor '/home/ljhua/ROBOCON2026/lidar_test/CSU-RM-Sentry/install/icp_localization_ros2/share/icp_localization_ros2/package.dsv'
[40.146s] INFO:colcon.colcon_core.shell:Creating package script '/home/ljhua/ROBOCON2026/lidar_test/CSU-RM-Sentry/install/icp_localization_ros2/share/icp_localization_ros2/package.sh'
[40.146s] INFO:colcon.colcon_core.shell:Creating package script '/home/ljhua/ROBOCON2026/lidar_test/CSU-RM-Sentry/install/icp_localization_ros2/share/icp_localization_ros2/package.bash'
[40.146s] INFO:colcon.colcon_core.shell:Creating package script '/home/ljhua/ROBOCON2026/lidar_test/CSU-RM-Sentry/install/icp_localization_ros2/share/icp_localization_ros2/package.zsh'
[40.146s] Level 1:colcon.colcon_core.environment:create_file_with_runtime_dependencies(/home/ljhua/ROBOCON2026/lidar_test/CSU-RM-Sentry/install/icp_localization_ros2/share/colcon-core/packages/icp_localization_ros2)
[40.147s] Level 1:colcon.colcon_core.environment:create_environment_scripts_only(icp_localization_ros2)
[40.147s] Level 1:colcon.colcon_core.environment:checking '/home/ljhua/ROBOCON2026/lidar_test/CSU-RM-Sentry/install/icp_localization_ros2' for CMake module files
[40.147s] Level 1:colcon.colcon_core.environment:checking '/home/ljhua/ROBOCON2026/lidar_test/CSU-RM-Sentry/install/icp_localization_ros2' for CMake config files
[40.147s] Level 1:colcon.colcon_core.shell:create_environment_hook('icp_localization_ros2', 'cmake_prefix_path')
[40.147s] INFO:colcon.colcon_core.shell:Creating environment hook '/home/ljhua/ROBOCON2026/lidar_test/CSU-RM-Sentry/install/icp_localization_ros2/share/icp_localization_ros2/hook/cmake_prefix_path.ps1'
[40.148s] INFO:colcon.colcon_core.shell:Creating environment descriptor '/home/ljhua/ROBOCON2026/lidar_test/CSU-RM-Sentry/install/icp_localization_ros2/share/icp_localization_ros2/hook/cmake_prefix_path.dsv'
[40.148s] INFO:colcon.colcon_core.shell:Creating environment hook '/home/ljhua/ROBOCON2026/lidar_test/CSU-RM-Sentry/install/icp_localization_ros2/share/icp_localization_ros2/hook/cmake_prefix_path.sh'
[40.148s] Level 1:colcon.colcon_core.environment:checking '/home/ljhua/ROBOCON2026/lidar_test/CSU-RM-Sentry/install/icp_localization_ros2/lib'
[40.149s] Level 1:colcon.colcon_core.environment:checking '/home/ljhua/ROBOCON2026/lidar_test/CSU-RM-Sentry/install/icp_localization_ros2/bin'
[40.149s] Level 1:colcon.colcon_core.environment:checking '/home/ljhua/ROBOCON2026/lidar_test/CSU-RM-Sentry/install/icp_localization_ros2/lib/pkgconfig/icp_localization_ros2.pc'
[40.149s] Level 1:colcon.colcon_core.environment:checking '/home/ljhua/ROBOCON2026/lidar_test/CSU-RM-Sentry/install/icp_localization_ros2/lib/python3.10/site-packages'
[40.149s] Level 1:colcon.colcon_core.environment:checking '/home/ljhua/ROBOCON2026/lidar_test/CSU-RM-Sentry/install/icp_localization_ros2/bin'
[40.150s] INFO:colcon.colcon_core.shell:Creating package script '/home/ljhua/ROBOCON2026/lidar_test/CSU-RM-Sentry/install/icp_localization_ros2/share/icp_localization_ros2/package.ps1'
[40.150s] INFO:colcon.colcon_core.shell:Creating package descriptor '/home/ljhua/ROBOCON2026/lidar_test/CSU-RM-Sentry/install/icp_localization_ros2/share/icp_localization_ros2/package.dsv'
[40.151s] INFO:colcon.colcon_core.shell:Creating package script '/home/ljhua/ROBOCON2026/lidar_test/CSU-RM-Sentry/install/icp_localization_ros2/share/icp_localization_ros2/package.sh'
[40.152s] INFO:colcon.colcon_core.shell:Creating package script '/home/ljhua/ROBOCON2026/lidar_test/CSU-RM-Sentry/install/icp_localization_ros2/share/icp_localization_ros2/package.bash'
[40.152s] INFO:colcon.colcon_core.shell:Creating package script '/home/ljhua/ROBOCON2026/lidar_test/CSU-RM-Sentry/install/icp_localization_ros2/share/icp_localization_ros2/package.zsh'
[40.153s] Level 1:colcon.colcon_core.environment:create_file_with_runtime_dependencies(/home/ljhua/ROBOCON2026/lidar_test/CSU-RM-Sentry/install/icp_localization_ros2/share/colcon-core/packages/icp_localization_ros2)
[42.764s] DEBUG:colcon.colcon_core.event_handler.log_command:Invoked command in '/home/ljhua/ROBOCON2026/lidar_test/CSU-RM-Sentry/build/pointcloud_to_laserscan' returned '0': CMAKE_PREFIX_PATH=/opt/ros/humble /usr/bin/cmake --build /home/ljhua/ROBOCON2026/lidar_test/CSU-RM-Sentry/build/pointcloud_to_laserscan -- -j20 -l20
[42.765s] DEBUG:colcon.colcon_core.event_handler.log_command:Invoking command in '/home/ljhua/ROBOCON2026/lidar_test/CSU-RM-Sentry/build/pointcloud_to_laserscan': CMAKE_PREFIX_PATH=/opt/ros/humble /usr/bin/cmake --install /home/ljhua/ROBOCON2026/lidar_test/CSU-RM-Sentry/build/pointcloud_to_laserscan
[42.891s] DEBUG:colcon.colcon_core.event_handler.log_command:Invoked command in '/home/ljhua/ROBOCON2026/lidar_test/CSU-RM-Sentry/build/linefit_ground_segmentation_ros' returned '0': AMENT_PREFIX_PATH=/home/ljhua/ROBOCON2026/lidar_test/CSU-RM-Sentry/install/linefit_ground_segmentation:${AMENT_PREFIX_PATH} CMAKE_PREFIX_PATH=/home/ljhua/ROBOCON2026/lidar_test/CSU-RM-Sentry/install/linefit_ground_segmentation:/opt/ros/humble LD_LIBRARY_PATH=/home/ljhua/ROBOCON2026/lidar_test/CSU-RM-Sentry/install/linefit_ground_segmentation/lib:${LD_LIBRARY_PATH} /usr/bin/cmake --build /home/ljhua/ROBOCON2026/lidar_test/CSU-RM-Sentry/build/linefit_ground_segmentation_ros -- -j20 -l20
[42.893s] DEBUG:colcon.colcon_core.event_handler.log_command:Invoking command in '/home/ljhua/ROBOCON2026/lidar_test/CSU-RM-Sentry/build/linefit_ground_segmentation_ros': AMENT_PREFIX_PATH=/home/ljhua/ROBOCON2026/lidar_test/CSU-RM-Sentry/install/linefit_ground_segmentation:${AMENT_PREFIX_PATH} CMAKE_PREFIX_PATH=/home/ljhua/ROBOCON2026/lidar_test/CSU-RM-Sentry/install/linefit_ground_segmentation:/opt/ros/humble LD_LIBRARY_PATH=/home/ljhua/ROBOCON2026/lidar_test/CSU-RM-Sentry/install/linefit_ground_segmentation/lib:${LD_LIBRARY_PATH} /usr/bin/cmake --install /home/ljhua/ROBOCON2026/lidar_test/CSU-RM-Sentry/build/linefit_ground_segmentation_ros
[43.041s] Level 1:colcon.colcon_core.environment:create_environment_scripts_only(pointcloud_to_laserscan)
[43.041s] Level 1:colcon.colcon_core.environment:checking '/home/ljhua/ROBOCON2026/lidar_test/CSU-RM-Sentry/install/pointcloud_to_laserscan' for CMake module files
[43.042s] DEBUG:colcon.colcon_core.event_handler.log_command:Invoked command in '/home/ljhua/ROBOCON2026/lidar_test/CSU-RM-Sentry/build/pointcloud_to_laserscan' returned '0': CMAKE_PREFIX_PATH=/opt/ros/humble /usr/bin/cmake --install /home/ljhua/ROBOCON2026/lidar_test/CSU-RM-Sentry/build/pointcloud_to_laserscan
[43.042s] Level 1:colcon.colcon_core.environment:checking '/home/ljhua/ROBOCON2026/lidar_test/CSU-RM-Sentry/install/pointcloud_to_laserscan' for CMake config files
[43.042s] Level 1:colcon.colcon_core.shell:create_environment_hook('pointcloud_to_laserscan', 'cmake_prefix_path')
[43.042s] INFO:colcon.colcon_core.shell:Creating environment hook '/home/ljhua/ROBOCON2026/lidar_test/CSU-RM-Sentry/install/pointcloud_to_laserscan/share/pointcloud_to_laserscan/hook/cmake_prefix_path.ps1'
[43.043s] INFO:colcon.colcon_core.shell:Creating environment descriptor '/home/ljhua/ROBOCON2026/lidar_test/CSU-RM-Sentry/install/pointcloud_to_laserscan/share/pointcloud_to_laserscan/hook/cmake_prefix_path.dsv'
[43.043s] INFO:colcon.colcon_core.shell:Creating environment hook '/home/ljhua/ROBOCON2026/lidar_test/CSU-RM-Sentry/install/pointcloud_to_laserscan/share/pointcloud_to_laserscan/hook/cmake_prefix_path.sh'
[43.044s] Level 1:colcon.colcon_core.environment:checking '/home/ljhua/ROBOCON2026/lidar_test/CSU-RM-Sentry/install/pointcloud_to_laserscan/lib'
[43.044s] Level 1:colcon.colcon_core.shell:create_environment_hook('pointcloud_to_laserscan', 'ld_library_path_lib')
[43.045s] INFO:colcon.colcon_core.shell:Creating environment hook '/home/ljhua/ROBOCON2026/lidar_test/CSU-RM-Sentry/install/pointcloud_to_laserscan/share/pointcloud_to_laserscan/hook/ld_library_path_lib.ps1'
[43.045s] INFO:colcon.colcon_core.shell:Creating environment descriptor '/home/ljhua/ROBOCON2026/lidar_test/CSU-RM-Sentry/install/pointcloud_to_laserscan/share/pointcloud_to_laserscan/hook/ld_library_path_lib.dsv'
[43.045s] INFO:colcon.colcon_core.shell:Creating environment hook '/home/ljhua/ROBOCON2026/lidar_test/CSU-RM-Sentry/install/pointcloud_to_laserscan/share/pointcloud_to_laserscan/hook/ld_library_path_lib.sh'
[43.045s] Level 1:colcon.colcon_core.environment:checking '/home/ljhua/ROBOCON2026/lidar_test/CSU-RM-Sentry/install/pointcloud_to_laserscan/bin'
[43.045s] Level 1:colcon.colcon_core.environment:checking '/home/ljhua/ROBOCON2026/lidar_test/CSU-RM-Sentry/install/pointcloud_to_laserscan/lib/pkgconfig/pointcloud_to_laserscan.pc'
[43.046s] Level 1:colcon.colcon_core.environment:checking '/home/ljhua/ROBOCON2026/lidar_test/CSU-RM-Sentry/install/pointcloud_to_laserscan/lib/python3.10/site-packages'
[43.046s] Level 1:colcon.colcon_core.environment:checking '/home/ljhua/ROBOCON2026/lidar_test/CSU-RM-Sentry/install/pointcloud_to_laserscan/bin'
[43.046s] INFO:colcon.colcon_core.shell:Creating package script '/home/ljhua/ROBOCON2026/lidar_test/CSU-RM-Sentry/install/pointcloud_to_laserscan/share/pointcloud_to_laserscan/package.ps1'
[43.046s] INFO:colcon.colcon_core.shell:Creating package descriptor '/home/ljhua/ROBOCON2026/lidar_test/CSU-RM-Sentry/install/pointcloud_to_laserscan/share/pointcloud_to_laserscan/package.dsv'
[43.047s] INFO:colcon.colcon_core.shell:Creating package script '/home/ljhua/ROBOCON2026/lidar_test/CSU-RM-Sentry/install/pointcloud_to_laserscan/share/pointcloud_to_laserscan/package.sh'
[43.047s] INFO:colcon.colcon_core.shell:Creating package script '/home/ljhua/ROBOCON2026/lidar_test/CSU-RM-Sentry/install/pointcloud_to_laserscan/share/pointcloud_to_laserscan/package.bash'
[43.047s] INFO:colcon.colcon_core.shell:Creating package script '/home/ljhua/ROBOCON2026/lidar_test/CSU-RM-Sentry/install/pointcloud_to_laserscan/share/pointcloud_to_laserscan/package.zsh'
[43.047s] Level 1:colcon.colcon_core.environment:create_file_with_runtime_dependencies(/home/ljhua/ROBOCON2026/lidar_test/CSU-RM-Sentry/install/pointcloud_to_laserscan/share/colcon-core/packages/pointcloud_to_laserscan)
[43.048s] Level 1:colcon.colcon_core.environment:create_environment_scripts_only(pointcloud_to_laserscan)
[43.048s] Level 1:colcon.colcon_core.environment:checking '/home/ljhua/ROBOCON2026/lidar_test/CSU-RM-Sentry/install/pointcloud_to_laserscan' for CMake module files
[43.048s] Level 1:colcon.colcon_core.environment:checking '/home/ljhua/ROBOCON2026/lidar_test/CSU-RM-Sentry/install/pointcloud_to_laserscan' for CMake config files
[43.049s] Level 1:colcon.colcon_core.shell:create_environment_hook('pointcloud_to_laserscan', 'cmake_prefix_path')
[43.049s] INFO:colcon.colcon_core.shell:Creating environment hook '/home/ljhua/ROBOCON2026/lidar_test/CSU-RM-Sentry/install/pointcloud_to_laserscan/share/pointcloud_to_laserscan/hook/cmake_prefix_path.ps1'
[43.049s] INFO:colcon.colcon_core.shell:Creating environment descriptor '/home/ljhua/ROBOCON2026/lidar_test/CSU-RM-Sentry/install/pointcloud_to_laserscan/share/pointcloud_to_laserscan/hook/cmake_prefix_path.dsv'
[43.049s] INFO:colcon.colcon_core.shell:Creating environment hook '/home/ljhua/ROBOCON2026/lidar_test/CSU-RM-Sentry/install/pointcloud_to_laserscan/share/pointcloud_to_laserscan/hook/cmake_prefix_path.sh'
[43.050s] Level 1:colcon.colcon_core.environment:checking '/home/ljhua/ROBOCON2026/lidar_test/CSU-RM-Sentry/install/pointcloud_to_laserscan/lib'
[43.050s] Level 1:colcon.colcon_core.shell:create_environment_hook('pointcloud_to_laserscan', 'ld_library_path_lib')
[43.050s] INFO:colcon.colcon_core.shell:Creating environment hook '/home/ljhua/ROBOCON2026/lidar_test/CSU-RM-Sentry/install/pointcloud_to_laserscan/share/pointcloud_to_laserscan/hook/ld_library_path_lib.ps1'
[43.051s] INFO:colcon.colcon_core.shell:Creating environment descriptor '/home/ljhua/ROBOCON2026/lidar_test/CSU-RM-Sentry/install/pointcloud_to_laserscan/share/pointcloud_to_laserscan/hook/ld_library_path_lib.dsv'
[43.051s] INFO:colcon.colcon_core.shell:Creating environment hook '/home/ljhua/ROBOCON2026/lidar_test/CSU-RM-Sentry/install/pointcloud_to_laserscan/share/pointcloud_to_laserscan/hook/ld_library_path_lib.sh'
[43.052s] Level 1:colcon.colcon_core.environment:checking '/home/ljhua/ROBOCON2026/lidar_test/CSU-RM-Sentry/install/pointcloud_to_laserscan/bin'
[43.052s] Level 1:colcon.colcon_core.environment:checking '/home/ljhua/ROBOCON2026/lidar_test/CSU-RM-Sentry/install/pointcloud_to_laserscan/lib/pkgconfig/pointcloud_to_laserscan.pc'
[43.052s] Level 1:colcon.colcon_core.environment:checking '/home/ljhua/ROBOCON2026/lidar_test/CSU-RM-Sentry/install/pointcloud_to_laserscan/lib/python3.10/site-packages'
[43.052s] Level 1:colcon.colcon_core.environment:checking '/home/ljhua/ROBOCON2026/lidar_test/CSU-RM-Sentry/install/pointcloud_to_laserscan/bin'
[43.052s] INFO:colcon.colcon_core.shell:Creating package script '/home/ljhua/ROBOCON2026/lidar_test/CSU-RM-Sentry/install/pointcloud_to_laserscan/share/pointcloud_to_laserscan/package.ps1'
[43.053s] INFO:colcon.colcon_core.shell:Creating package descriptor '/home/ljhua/ROBOCON2026/lidar_test/CSU-RM-Sentry/install/pointcloud_to_laserscan/share/pointcloud_to_laserscan/package.dsv'
[43.053s] INFO:colcon.colcon_core.shell:Creating package script '/home/ljhua/ROBOCON2026/lidar_test/CSU-RM-Sentry/install/pointcloud_to_laserscan/share/pointcloud_to_laserscan/package.sh'
[43.055s] INFO:colcon.colcon_core.shell:Creating package script '/home/ljhua/ROBOCON2026/lidar_test/CSU-RM-Sentry/install/pointcloud_to_laserscan/share/pointcloud_to_laserscan/package.bash'
[43.055s] INFO:colcon.colcon_core.shell:Creating package script '/home/ljhua/ROBOCON2026/lidar_test/CSU-RM-Sentry/install/pointcloud_to_laserscan/share/pointcloud_to_laserscan/package.zsh'
[43.056s] Level 1:colcon.colcon_core.environment:create_file_with_runtime_dependencies(/home/ljhua/ROBOCON2026/lidar_test/CSU-RM-Sentry/install/pointcloud_to_laserscan/share/colcon-core/packages/pointcloud_to_laserscan)
[43.058s] Level 1:colcon.colcon_core.environment:create_environment_scripts_only(linefit_ground_segmentation_ros)
[43.058s] Level 1:colcon.colcon_core.environment:checking '/home/ljhua/ROBOCON2026/lidar_test/CSU-RM-Sentry/install/linefit_ground_segmentation_ros' for CMake module files
[43.059s] DEBUG:colcon.colcon_core.event_handler.log_command:Invoked command in '/home/ljhua/ROBOCON2026/lidar_test/CSU-RM-Sentry/build/linefit_ground_segmentation_ros' returned '0': AMENT_PREFIX_PATH=/home/ljhua/ROBOCON2026/lidar_test/CSU-RM-Sentry/install/linefit_ground_segmentation:${AMENT_PREFIX_PATH} CMAKE_PREFIX_PATH=/home/ljhua/ROBOCON2026/lidar_test/CSU-RM-Sentry/install/linefit_ground_segmentation:/opt/ros/humble LD_LIBRARY_PATH=/home/ljhua/ROBOCON2026/lidar_test/CSU-RM-Sentry/install/linefit_ground_segmentation/lib:${LD_LIBRARY_PATH} /usr/bin/cmake --install /home/ljhua/ROBOCON2026/lidar_test/CSU-RM-Sentry/build/linefit_ground_segmentation_ros
[43.059s] Level 1:colcon.colcon_core.environment:checking '/home/ljhua/ROBOCON2026/lidar_test/CSU-RM-Sentry/install/linefit_ground_segmentation_ros' for CMake config files
[43.059s] Level 1:colcon.colcon_core.shell:create_environment_hook('linefit_ground_segmentation_ros', 'cmake_prefix_path')
[43.059s] INFO:colcon.colcon_core.shell:Creating environment hook '/home/ljhua/ROBOCON2026/lidar_test/CSU-RM-Sentry/install/linefit_ground_segmentation_ros/share/linefit_ground_segmentation_ros/hook/cmake_prefix_path.ps1'
[43.060s] INFO:colcon.colcon_core.shell:Creating environment descriptor '/home/ljhua/ROBOCON2026/lidar_test/CSU-RM-Sentry/install/linefit_ground_segmentation_ros/share/linefit_ground_segmentation_ros/hook/cmake_prefix_path.dsv'
[43.060s] INFO:colcon.colcon_core.shell:Creating environment hook '/home/ljhua/ROBOCON2026/lidar_test/CSU-RM-Sentry/install/linefit_ground_segmentation_ros/share/linefit_ground_segmentation_ros/hook/cmake_prefix_path.sh'
[43.060s] Level 1:colcon.colcon_core.environment:checking '/home/ljhua/ROBOCON2026/lidar_test/CSU-RM-Sentry/install/linefit_ground_segmentation_ros/lib'
[43.060s] Level 1:colcon.colcon_core.environment:checking '/home/ljhua/ROBOCON2026/lidar_test/CSU-RM-Sentry/install/linefit_ground_segmentation_ros/bin'
[43.060s] Level 1:colcon.colcon_core.environment:checking '/home/ljhua/ROBOCON2026/lidar_test/CSU-RM-Sentry/install/linefit_ground_segmentation_ros/lib/pkgconfig/linefit_ground_segmentation_ros.pc'
[43.061s] Level 1:colcon.colcon_core.environment:checking '/home/ljhua/ROBOCON2026/lidar_test/CSU-RM-Sentry/install/linefit_ground_segmentation_ros/lib/python3.10/site-packages'
[43.061s] Level 1:colcon.colcon_core.environment:checking '/home/ljhua/ROBOCON2026/lidar_test/CSU-RM-Sentry/install/linefit_ground_segmentation_ros/bin'
[43.061s] INFO:colcon.colcon_core.shell:Creating package script '/home/ljhua/ROBOCON2026/lidar_test/CSU-RM-Sentry/install/linefit_ground_segmentation_ros/share/linefit_ground_segmentation_ros/package.ps1'
[43.061s] INFO:colcon.colcon_core.shell:Creating package descriptor '/home/ljhua/ROBOCON2026/lidar_test/CSU-RM-Sentry/install/linefit_ground_segmentation_ros/share/linefit_ground_segmentation_ros/package.dsv'
[43.061s] INFO:colcon.colcon_core.shell:Creating package script '/home/ljhua/ROBOCON2026/lidar_test/CSU-RM-Sentry/install/linefit_ground_segmentation_ros/share/linefit_ground_segmentation_ros/package.sh'
[43.062s] INFO:colcon.colcon_core.shell:Creating package script '/home/ljhua/ROBOCON2026/lidar_test/CSU-RM-Sentry/install/linefit_ground_segmentation_ros/share/linefit_ground_segmentation_ros/package.bash'
[43.062s] INFO:colcon.colcon_core.shell:Creating package script '/home/ljhua/ROBOCON2026/lidar_test/CSU-RM-Sentry/install/linefit_ground_segmentation_ros/share/linefit_ground_segmentation_ros/package.zsh'
[43.062s] Level 1:colcon.colcon_core.environment:create_file_with_runtime_dependencies(/home/ljhua/ROBOCON2026/lidar_test/CSU-RM-Sentry/install/linefit_ground_segmentation_ros/share/colcon-core/packages/linefit_ground_segmentation_ros)
[43.062s] Level 1:colcon.colcon_core.environment:create_environment_scripts_only(linefit_ground_segmentation_ros)
[43.062s] Level 1:colcon.colcon_core.environment:checking '/home/ljhua/ROBOCON2026/lidar_test/CSU-RM-Sentry/install/linefit_ground_segmentation_ros' for CMake module files
[43.063s] Level 1:colcon.colcon_core.environment:checking '/home/ljhua/ROBOCON2026/lidar_test/CSU-RM-Sentry/install/linefit_ground_segmentation_ros' for CMake config files
[43.063s] Level 1:colcon.colcon_core.shell:create_environment_hook('linefit_ground_segmentation_ros', 'cmake_prefix_path')
[43.063s] INFO:colcon.colcon_core.shell:Creating environment hook '/home/ljhua/ROBOCON2026/lidar_test/CSU-RM-Sentry/install/linefit_ground_segmentation_ros/share/linefit_ground_segmentation_ros/hook/cmake_prefix_path.ps1'
[43.063s] INFO:colcon.colcon_core.shell:Creating environment descriptor '/home/ljhua/ROBOCON2026/lidar_test/CSU-RM-Sentry/install/linefit_ground_segmentation_ros/share/linefit_ground_segmentation_ros/hook/cmake_prefix_path.dsv'
[43.063s] INFO:colcon.colcon_core.shell:Creating environment hook '/home/ljhua/ROBOCON2026/lidar_test/CSU-RM-Sentry/install/linefit_ground_segmentation_ros/share/linefit_ground_segmentation_ros/hook/cmake_prefix_path.sh'
[43.064s] Level 1:colcon.colcon_core.environment:checking '/home/ljhua/ROBOCON2026/lidar_test/CSU-RM-Sentry/install/linefit_ground_segmentation_ros/lib'
[43.064s] Level 1:colcon.colcon_core.environment:checking '/home/ljhua/ROBOCON2026/lidar_test/CSU-RM-Sentry/install/linefit_ground_segmentation_ros/bin'
[43.064s] Level 1:colcon.colcon_core.environment:checking '/home/ljhua/ROBOCON2026/lidar_test/CSU-RM-Sentry/install/linefit_ground_segmentation_ros/lib/pkgconfig/linefit_ground_segmentation_ros.pc'
[43.064s] Level 1:colcon.colcon_core.environment:checking '/home/ljhua/ROBOCON2026/lidar_test/CSU-RM-Sentry/install/linefit_ground_segmentation_ros/lib/python3.10/site-packages'
[43.064s] Level 1:colcon.colcon_core.environment:checking '/home/ljhua/ROBOCON2026/lidar_test/CSU-RM-Sentry/install/linefit_ground_segmentation_ros/bin'
[43.064s] INFO:colcon.colcon_core.shell:Creating package script '/home/ljhua/ROBOCON2026/lidar_test/CSU-RM-Sentry/install/linefit_ground_segmentation_ros/share/linefit_ground_segmentation_ros/package.ps1'
[43.065s] INFO:colcon.colcon_core.shell:Creating package descriptor '/home/ljhua/ROBOCON2026/lidar_test/CSU-RM-Sentry/install/linefit_ground_segmentation_ros/share/linefit_ground_segmentation_ros/package.dsv'
[43.065s] INFO:colcon.colcon_core.shell:Creating package script '/home/ljhua/ROBOCON2026/lidar_test/CSU-RM-Sentry/install/linefit_ground_segmentation_ros/share/linefit_ground_segmentation_ros/package.sh'
[43.065s] INFO:colcon.colcon_core.shell:Creating package script '/home/ljhua/ROBOCON2026/lidar_test/CSU-RM-Sentry/install/linefit_ground_segmentation_ros/share/linefit_ground_segmentation_ros/package.bash'
[43.065s] INFO:colcon.colcon_core.shell:Creating package script '/home/ljhua/ROBOCON2026/lidar_test/CSU-RM-Sentry/install/linefit_ground_segmentation_ros/share/linefit_ground_segmentation_ros/package.zsh'
[43.065s] Level 1:colcon.colcon_core.environment:create_file_with_runtime_dependencies(/home/ljhua/ROBOCON2026/lidar_test/CSU-RM-Sentry/install/linefit_ground_segmentation_ros/share/colcon-core/packages/linefit_ground_segmentation_ros)
[92.572s] DEBUG:colcon.colcon_core.event_handler.log_command:Invoked command in '/home/ljhua/ROBOCON2026/lidar_test/CSU-RM-Sentry/build/fast_lio' returned '0': AMENT_PREFIX_PATH=/home/ljhua/ROBOCON2026/lidar_test/CSU-RM-Sentry/install/livox_ros_driver2:${AMENT_PREFIX_PATH} CMAKE_PREFIX_PATH=/home/ljhua/ROBOCON2026/lidar_test/CSU-RM-Sentry/install/livox_ros_driver2:/opt/ros/humble LD_LIBRARY_PATH=/home/ljhua/ROBOCON2026/lidar_test/CSU-RM-Sentry/install/livox_ros_driver2/lib:${LD_LIBRARY_PATH} PYTHONPATH=/home/ljhua/ROBOCON2026/lidar_test/CSU-RM-Sentry/install/livox_ros_driver2/local/lib/python3.10/dist-packages:${PYTHONPATH} /usr/bin/cmake --build /home/ljhua/ROBOCON2026/lidar_test/CSU-RM-Sentry/build/fast_lio -- -j20 -l20
[92.575s] DEBUG:colcon.colcon_core.event_handler.log_command:Invoking command in '/home/ljhua/ROBOCON2026/lidar_test/CSU-RM-Sentry/build/fast_lio': AMENT_PREFIX_PATH=/home/ljhua/ROBOCON2026/lidar_test/CSU-RM-Sentry/install/livox_ros_driver2:${AMENT_PREFIX_PATH} CMAKE_PREFIX_PATH=/home/ljhua/ROBOCON2026/lidar_test/CSU-RM-Sentry/install/livox_ros_driver2:/opt/ros/humble LD_LIBRARY_PATH=/home/ljhua/ROBOCON2026/lidar_test/CSU-RM-Sentry/install/livox_ros_driver2/lib:${LD_LIBRARY_PATH} PYTHONPATH=/home/ljhua/ROBOCON2026/lidar_test/CSU-RM-Sentry/install/livox_ros_driver2/local/lib/python3.10/dist-packages:${PYTHONPATH} /usr/bin/cmake --install /home/ljhua/ROBOCON2026/lidar_test/CSU-RM-Sentry/build/fast_lio
[93.360s] Level 1:colcon.colcon_core.environment:create_environment_scripts_only(fast_lio)
[93.361s] Level 1:colcon.colcon_core.environment:checking '/home/ljhua/ROBOCON2026/lidar_test/CSU-RM-Sentry/install/fast_lio' for CMake module files
[93.361s] DEBUG:colcon.colcon_core.event_handler.log_command:Invoked command in '/home/ljhua/ROBOCON2026/lidar_test/CSU-RM-Sentry/build/fast_lio' returned '0': AMENT_PREFIX_PATH=/home/ljhua/ROBOCON2026/lidar_test/CSU-RM-Sentry/install/livox_ros_driver2:${AMENT_PREFIX_PATH} CMAKE_PREFIX_PATH=/home/ljhua/ROBOCON2026/lidar_test/CSU-RM-Sentry/install/livox_ros_driver2:/opt/ros/humble LD_LIBRARY_PATH=/home/ljhua/ROBOCON2026/lidar_test/CSU-RM-Sentry/install/livox_ros_driver2/lib:${LD_LIBRARY_PATH} PYTHONPATH=/home/ljhua/ROBOCON2026/lidar_test/CSU-RM-Sentry/install/livox_ros_driver2/local/lib/python3.10/dist-packages:${PYTHONPATH} /usr/bin/cmake --install /home/ljhua/ROBOCON2026/lidar_test/CSU-RM-Sentry/build/fast_lio
[93.362s] Level 1:colcon.colcon_core.environment:checking '/home/ljhua/ROBOCON2026/lidar_test/CSU-RM-Sentry/install/fast_lio' for CMake config files
[93.363s] Level 1:colcon.colcon_core.shell:create_environment_hook('fast_lio', 'cmake_prefix_path')
[93.363s] INFO:colcon.colcon_core.shell:Creating environment hook '/home/ljhua/ROBOCON2026/lidar_test/CSU-RM-Sentry/install/fast_lio/share/fast_lio/hook/cmake_prefix_path.ps1'
[93.364s] INFO:colcon.colcon_core.shell:Creating environment descriptor '/home/ljhua/ROBOCON2026/lidar_test/CSU-RM-Sentry/install/fast_lio/share/fast_lio/hook/cmake_prefix_path.dsv'
[93.365s] INFO:colcon.colcon_core.shell:Creating environment hook '/home/ljhua/ROBOCON2026/lidar_test/CSU-RM-Sentry/install/fast_lio/share/fast_lio/hook/cmake_prefix_path.sh'
[93.365s] Level 1:colcon.colcon_core.environment:checking '/home/ljhua/ROBOCON2026/lidar_test/CSU-RM-Sentry/install/fast_lio/lib'
[93.365s] Level 1:colcon.colcon_core.shell:create_environment_hook('fast_lio', 'ld_library_path_lib')
[93.366s] INFO:colcon.colcon_core.shell:Creating environment hook '/home/ljhua/ROBOCON2026/lidar_test/CSU-RM-Sentry/install/fast_lio/share/fast_lio/hook/ld_library_path_lib.ps1'
[93.366s] INFO:colcon.colcon_core.shell:Creating environment descriptor '/home/ljhua/ROBOCON2026/lidar_test/CSU-RM-Sentry/install/fast_lio/share/fast_lio/hook/ld_library_path_lib.dsv'
[93.366s] INFO:colcon.colcon_core.shell:Creating environment hook '/home/ljhua/ROBOCON2026/lidar_test/CSU-RM-Sentry/install/fast_lio/share/fast_lio/hook/ld_library_path_lib.sh'
[93.367s] Level 1:colcon.colcon_core.environment:checking '/home/ljhua/ROBOCON2026/lidar_test/CSU-RM-Sentry/install/fast_lio/bin'
[93.367s] Level 1:colcon.colcon_core.environment:checking '/home/ljhua/ROBOCON2026/lidar_test/CSU-RM-Sentry/install/fast_lio/lib/pkgconfig/fast_lio.pc'
[93.367s] Level 1:colcon.colcon_core.environment:checking '/home/ljhua/ROBOCON2026/lidar_test/CSU-RM-Sentry/install/fast_lio/lib/python3.10/site-packages'
[93.367s] Level 1:colcon.colcon_core.environment:checking '/home/ljhua/ROBOCON2026/lidar_test/CSU-RM-Sentry/install/fast_lio/bin'
[93.368s] INFO:colcon.colcon_core.shell:Creating package script '/home/ljhua/ROBOCON2026/lidar_test/CSU-RM-Sentry/install/fast_lio/share/fast_lio/package.ps1'
[93.368s] INFO:colcon.colcon_core.shell:Creating package descriptor '/home/ljhua/ROBOCON2026/lidar_test/CSU-RM-Sentry/install/fast_lio/share/fast_lio/package.dsv'
[93.369s] INFO:colcon.colcon_core.shell:Creating package script '/home/ljhua/ROBOCON2026/lidar_test/CSU-RM-Sentry/install/fast_lio/share/fast_lio/package.sh'
[93.369s] INFO:colcon.colcon_core.shell:Creating package script '/home/ljhua/ROBOCON2026/lidar_test/CSU-RM-Sentry/install/fast_lio/share/fast_lio/package.bash'
[93.370s] INFO:colcon.colcon_core.shell:Creating package script '/home/ljhua/ROBOCON2026/lidar_test/CSU-RM-Sentry/install/fast_lio/share/fast_lio/package.zsh'
[93.370s] Level 1:colcon.colcon_core.environment:create_file_with_runtime_dependencies(/home/ljhua/ROBOCON2026/lidar_test/CSU-RM-Sentry/install/fast_lio/share/colcon-core/packages/fast_lio)
[93.371s] Level 1:colcon.colcon_core.environment:create_environment_scripts_only(fast_lio)
[93.371s] Level 1:colcon.colcon_core.environment:checking '/home/ljhua/ROBOCON2026/lidar_test/CSU-RM-Sentry/install/fast_lio' for CMake module files
[93.372s] Level 1:colcon.colcon_core.environment:checking '/home/ljhua/ROBOCON2026/lidar_test/CSU-RM-Sentry/install/fast_lio' for CMake config files
[93.373s] Level 1:colcon.colcon_core.shell:create_environment_hook('fast_lio', 'cmake_prefix_path')
[93.374s] INFO:colcon.colcon_core.shell:Creating environment hook '/home/ljhua/ROBOCON2026/lidar_test/CSU-RM-Sentry/install/fast_lio/share/fast_lio/hook/cmake_prefix_path.ps1'
[93.374s] INFO:colcon.colcon_core.shell:Creating environment descriptor '/home/ljhua/ROBOCON2026/lidar_test/CSU-RM-Sentry/install/fast_lio/share/fast_lio/hook/cmake_prefix_path.dsv'
[93.374s] INFO:colcon.colcon_core.shell:Creating environment hook '/home/ljhua/ROBOCON2026/lidar_test/CSU-RM-Sentry/install/fast_lio/share/fast_lio/hook/cmake_prefix_path.sh'
[93.375s] Level 1:colcon.colcon_core.environment:checking '/home/ljhua/ROBOCON2026/lidar_test/CSU-RM-Sentry/install/fast_lio/lib'
[93.375s] Level 1:colcon.colcon_core.shell:create_environment_hook('fast_lio', 'ld_library_path_lib')
[93.375s] INFO:colcon.colcon_core.shell:Creating environment hook '/home/ljhua/ROBOCON2026/lidar_test/CSU-RM-Sentry/install/fast_lio/share/fast_lio/hook/ld_library_path_lib.ps1'
[93.375s] INFO:colcon.colcon_core.shell:Creating environment descriptor '/home/ljhua/ROBOCON2026/lidar_test/CSU-RM-Sentry/install/fast_lio/share/fast_lio/hook/ld_library_path_lib.dsv'
[93.375s] INFO:colcon.colcon_core.shell:Creating environment hook '/home/ljhua/ROBOCON2026/lidar_test/CSU-RM-Sentry/install/fast_lio/share/fast_lio/hook/ld_library_path_lib.sh'
[93.375s] Level 1:colcon.colcon_core.environment:checking '/home/ljhua/ROBOCON2026/lidar_test/CSU-RM-Sentry/install/fast_lio/bin'
[93.375s] Level 1:colcon.colcon_core.environment:checking '/home/ljhua/ROBOCON2026/lidar_test/CSU-RM-Sentry/install/fast_lio/lib/pkgconfig/fast_lio.pc'
[93.376s] Level 1:colcon.colcon_core.environment:checking '/home/ljhua/ROBOCON2026/lidar_test/CSU-RM-Sentry/install/fast_lio/lib/python3.10/site-packages'
[93.376s] Level 1:colcon.colcon_core.environment:checking '/home/ljhua/ROBOCON2026/lidar_test/CSU-RM-Sentry/install/fast_lio/bin'
[93.376s] INFO:colcon.colcon_core.shell:Creating package script '/home/ljhua/ROBOCON2026/lidar_test/CSU-RM-Sentry/install/fast_lio/share/fast_lio/package.ps1'
[93.376s] INFO:colcon.colcon_core.shell:Creating package descriptor '/home/ljhua/ROBOCON2026/lidar_test/CSU-RM-Sentry/install/fast_lio/share/fast_lio/package.dsv'
[93.377s] INFO:colcon.colcon_core.shell:Creating package script '/home/ljhua/ROBOCON2026/lidar_test/CSU-RM-Sentry/install/fast_lio/share/fast_lio/package.sh'
[93.377s] INFO:colcon.colcon_core.shell:Creating package script '/home/ljhua/ROBOCON2026/lidar_test/CSU-RM-Sentry/install/fast_lio/share/fast_lio/package.bash'
[93.377s] INFO:colcon.colcon_core.shell:Creating package script '/home/ljhua/ROBOCON2026/lidar_test/CSU-RM-Sentry/install/fast_lio/share/fast_lio/package.zsh'
[93.377s] Level 1:colcon.colcon_core.environment:create_file_with_runtime_dependencies(/home/ljhua/ROBOCON2026/lidar_test/CSU-RM-Sentry/install/fast_lio/share/colcon-core/packages/fast_lio)
[93.377s] DEBUG:colcon.colcon_parallel_executor.executor.parallel:closing loop
[93.378s] DEBUG:colcon.colcon_parallel_executor.executor.parallel:loop closed
[93.378s] DEBUG:colcon.colcon_parallel_executor.executor.parallel:run_until_complete finished with '0'
[93.378s] DEBUG:colcon.colcon_core.event_reactor:joining thread
[93.382s] INFO:colcon.colcon_core.plugin_system:Skipping extension 'colcon_notification.desktop_notification.terminal_notifier': Not used on non-Darwin systems
[93.383s] INFO:colcon.colcon_core.plugin_system:Skipping extension 'colcon_notification.desktop_notification.win32': Not used on non-Windows systems
[93.383s] INFO:colcon.colcon_notification.desktop_notification:Sending desktop notification using 'notify2'
[93.393s] DEBUG:colcon.colcon_core.event_reactor:joined thread
[93.394s] INFO:colcon.colcon_core.shell:Creating prefix script '/home/ljhua/ROBOCON2026/lidar_test/CSU-RM-Sentry/install/local_setup.ps1'
[93.396s] INFO:colcon.colcon_core.shell:Creating prefix util module '/home/ljhua/ROBOCON2026/lidar_test/CSU-RM-Sentry/install/_local_setup_util_ps1.py'
[93.398s] INFO:colcon.colcon_core.shell:Creating prefix chain script '/home/ljhua/ROBOCON2026/lidar_test/CSU-RM-Sentry/install/setup.ps1'
[93.399s] INFO:colcon.colcon_core.shell:Creating prefix script '/home/ljhua/ROBOCON2026/lidar_test/CSU-RM-Sentry/install/local_setup.sh'
[93.399s] INFO:colcon.colcon_core.shell:Creating prefix util module '/home/ljhua/ROBOCON2026/lidar_test/CSU-RM-Sentry/install/_local_setup_util_sh.py'
[93.400s] INFO:colcon.colcon_core.shell:Creating prefix chain script '/home/ljhua/ROBOCON2026/lidar_test/CSU-RM-Sentry/install/setup.sh'
[93.401s] INFO:colcon.colcon_core.shell:Creating prefix script '/home/ljhua/ROBOCON2026/lidar_test/CSU-RM-Sentry/install/local_setup.bash'
[93.401s] INFO:colcon.colcon_core.shell:Creating prefix chain script '/home/ljhua/ROBOCON2026/lidar_test/CSU-RM-Sentry/install/setup.bash'
[93.402s] INFO:colcon.colcon_core.shell:Creating prefix script '/home/ljhua/ROBOCON2026/lidar_test/CSU-RM-Sentry/install/local_setup.zsh'
[93.402s] INFO:colcon.colcon_core.shell:Creating prefix chain script '/home/ljhua/ROBOCON2026/lidar_test/CSU-RM-Sentry/install/setup.zsh'
